[09:33:45] [main/INFO]: Writing debug log file accesstransform.log
[09:33:45] [main/INFO]: Access Transformer processor running version 8.2.14
[09:33:45] [main/INFO]: Command line arguments [--inJar, /home/tamier/.gradle/caches/forge_gradle/minecraft_user_repo/net/minecraftforge/forge/1.21.1-52.0.0/forge-1.21.1-52.0.0-injected.jar, --outJar, /home/tamier/.gradle/caches/forge_gradle/minecraft_user_repo/net/minecraftforge/forge/1.21.1-52.0.0_mapped_official_1.21.1/forge-1.21.1-52.0.0_mapped_official_1.21.1.jar, --logFile, accesstransform.log, --atFile, /home/tamier/MCSilicon/build/_atJar_4/parent_at.cfg]
[09:33:45] [main/INFO]: Reading from /home/tamier/.gradle/caches/forge_gradle/minecraft_user_repo/net/minecraftforge/forge/1.21.1-52.0.0/forge-1.21.1-52.0.0-injected.jar
[09:33:45] [main/INFO]: Writing to /home/tamier/.gradle/caches/forge_gradle/minecraft_user_repo/net/minecraftforge/forge/1.21.1-52.0.0_mapped_official_1.21.1/forge-1.21.1-52.0.0_mapped_official_1.21.1.jar
[09:33:45] [main/INFO]: Transformer file /home/tamier/MCSilicon/build/_atJar_4/parent_at.cfg
[09:33:45] [main/WARN]: Found existing output jar /home/tamier/.gradle/caches/forge_gradle/minecraft_user_repo/net/minecraftforge/forge/1.21.1-52.0.0_mapped_official_1.21.1/forge-1.21.1-52.0.0_mapped_official_1.21.1.jar, overwriting
[09:33:45] [main/DEBUG]: Loading access transformer parent_at.cfg from path /home/tamier/MCSilicon/build/_atJar_4/parent_at.cfg
[09:33:45] [main/DEBUG]: Loaded access transformer parent_at.cfg from path /home/tamier/MCSilicon/build/_atJar_4/parent_at.cfg
[09:33:45] [main/DEBUG]: Loaded access transformer file /home/tamier/MCSilicon/build/_atJar_4/parent_at.cfg
[09:33:45] [main/DEBUG]: Skipping Lmcp/client/Start;
[09:33:45] [main/DEBUG]: Skipping Lnet/minecraftforge/versions/mcp/MCPVersion;
[09:33:45] [main/DEBUG]: Skipping Lnet/minecraftforge/versions/forge/ForgeVersion;
[09:33:45] [main/DEBUG]: Skipping Lnet/minecraftforge/server/timings/TimeTracker;
[09:33:45] [main/DEBUG]: Skipping Lnet/minecraftforge/server/timings/ForgeTimings;
[09:33:45] [main/DEBUG]: Skipping Lnet/minecraftforge/server/permission/package-info;
[09:33:45] [main/DEBUG]: Skipping Lnet/minecraftforge/server/permission/nodes/PermissionTypes;
[09:33:45] [main/DEBUG]: Skipping Lnet/minecraftforge/server/permission/nodes/PermissionType;
[09:33:45] [main/DEBUG]: Skipping Lnet/minecraftforge/server/permission/nodes/PermissionNode;
[09:33:45] [main/DEBUG]: Skipping Lnet/minecraftforge/server/permission/nodes/PermissionNode$PermissionResolver;
[09:33:45] [main/DEBUG]: Skipping Lnet/minecraftforge/server/permission/nodes/PermissionDynamicContextKey;
[09:33:45] [main/DEBUG]: Skipping Lnet/minecraftforge/server/permission/nodes/PermissionDynamicContext;
[09:33:45] [main/DEBUG]: Skipping Lnet/minecraftforge/server/permission/handler/IPermissionHandlerFactory;
[09:33:45] [main/DEBUG]: Skipping Lnet/minecraftforge/server/permission/handler/IPermissionHandler;
[09:33:45] [main/DEBUG]: Skipping Lnet/minecraftforge/server/permission/handler/DefaultPermissionHandler;
[09:33:45] [main/DEBUG]: Skipping Lnet/minecraftforge/server/permission/exceptions/UnregisteredPermissionException;
[09:33:45] [main/DEBUG]: Skipping Lnet/minecraftforge/server/permission/events/PermissionGatherEvent;
[09:33:45] [main/DEBUG]: Skipping Lnet/minecraftforge/server/permission/events/PermissionGatherEvent$Nodes;
[09:33:45] [main/DEBUG]: Skipping Lnet/minecraftforge/server/permission/events/PermissionGatherEvent$Handler;
[09:33:45] [main/DEBUG]: Skipping Lnet/minecraftforge/server/permission/PermissionAPI;
[09:33:45] [main/DEBUG]: Skipping Lnet/minecraftforge/server/loading/ServerModLoader;
[09:33:45] [main/DEBUG]: Skipping Lnet/minecraftforge/server/console/TerminalHandler;
[09:33:45] [main/DEBUG]: Skipping Lnet/minecraftforge/server/console/ConsoleCommandCompleter;
[09:33:45] [main/DEBUG]: Skipping Lnet/minecraftforge/server/command/package-info;
[09:33:45] [main/DEBUG]: Skipping Lnet/minecraftforge/server/command/TrackCommand;
[09:33:45] [main/DEBUG]: Skipping Lnet/minecraftforge/server/command/TrackCommand$TrackResultsEntity;
[09:33:45] [main/DEBUG]: Skipping Lnet/minecraftforge/server/command/TrackCommand$TrackResultsBlockEntity;
[09:33:45] [main/DEBUG]: Skipping Lnet/minecraftforge/server/command/TrackCommand$TrackResults;
[09:33:45] [main/DEBUG]: Skipping Lnet/minecraftforge/server/command/TrackCommand$StartTrackingCommand;
[09:33:45] [main/DEBUG]: Skipping Lnet/minecraftforge/server/command/TrackCommand$ResetTrackingCommand;
[09:33:45] [main/DEBUG]: Skipping Lnet/minecraftforge/server/command/TextComponentHelper;
[09:33:45] [main/DEBUG]: Skipping Lnet/minecraftforge/server/command/TagsCommand;
[09:33:45] [main/DEBUG]: Skipping Lnet/minecraftforge/server/command/TPSCommand;
[09:33:45] [main/DEBUG]: Skipping Lnet/minecraftforge/server/command/ModListCommand;
[09:33:45] [main/DEBUG]: Skipping Lnet/minecraftforge/server/command/ModIdArgument;
[09:33:45] [main/DEBUG]: Skipping Lnet/minecraftforge/server/command/GenerateCommand;
[09:33:45] [main/DEBUG]: Skipping Lnet/minecraftforge/server/command/ForgeCommand;
[09:33:45] [main/DEBUG]: Skipping Lnet/minecraftforge/server/command/EnumArgument;
[09:33:45] [main/DEBUG]: Skipping Lnet/minecraftforge/server/command/EnumArgument$Info;
[09:33:45] [main/DEBUG]: Skipping Lnet/minecraftforge/server/command/EnumArgument$Info$Template;
[09:33:45] [main/DEBUG]: Skipping Lnet/minecraftforge/server/command/EntityCommand;
[09:33:45] [main/DEBUG]: Skipping Lnet/minecraftforge/server/command/EntityCommand$EntityListCommand;
[09:33:45] [main/DEBUG]: Skipping Lnet/minecraftforge/server/command/DimensionsCommand;
[09:33:45] [main/DEBUG]: Skipping Lnet/minecraftforge/server/command/ConfigCommand;
[09:33:45] [main/DEBUG]: Skipping Lnet/minecraftforge/server/command/ConfigCommand$ShowFile;
[09:33:45] [main/DEBUG]: Skipping Lnet/minecraftforge/server/command/CommandHelper;
[09:33:45] [main/DEBUG]: Skipping Lnet/minecraftforge/server/command/ChunkGenWorker;
[09:33:45] [main/DEBUG]: Skipping Lnet/minecraftforge/server/ServerLifecycleHooks;
[09:33:45] [main/DEBUG]: Skipping Lnet/minecraftforge/server/LanguageHook;
[09:33:45] [main/DEBUG]: Skipping Lnet/minecraftforge/resource/package-info;
[09:33:45] [main/DEBUG]: Skipping Lnet/minecraftforge/resource/ResourcePackLoader;
[09:33:45] [main/DEBUG]: Skipping Lnet/minecraftforge/resource/DelegatingPackResources;
[09:33:45] [main/DEBUG]: Skipping Lnet/minecraftforge/resource/DelegatingPackResources$Supplier;
[09:33:45] [main/DEBUG]: Skipping Lnet/minecraftforge/registries/tags/ITagManager;
[09:33:45] [main/DEBUG]: Skipping Lnet/minecraftforge/registries/tags/ITag;
[09:33:45] [main/DEBUG]: Skipping Lnet/minecraftforge/registries/tags/IReverseTag;
[09:33:45] [main/DEBUG]: Skipping Lnet/minecraftforge/registries/holdersets/OrHolderSet;
[09:33:45] [main/DEBUG]: Skipping Lnet/minecraftforge/registries/holdersets/NotHolderSet;
[09:33:45] [main/DEBUG]: Skipping Lnet/minecraftforge/registries/holdersets/ICustomHolderSet;
[09:33:45] [main/DEBUG]: Skipping Lnet/minecraftforge/registries/holdersets/HolderSetType;
[09:33:45] [main/DEBUG]: Skipping Lnet/minecraftforge/registries/holdersets/CompositeHolderSet;
[09:33:45] [main/DEBUG]: Skipping Lnet/minecraftforge/registries/holdersets/AnyHolderSet;
[09:33:45] [main/DEBUG]: Skipping Lnet/minecraftforge/registries/holdersets/AndHolderSet;
[09:33:45] [main/DEBUG]: Skipping Lnet/minecraftforge/registries/RegistryObject;
[09:33:45] [main/DEBUG]: Skipping Lnet/minecraftforge/registries/RegistryObject$1;
[09:33:45] [main/DEBUG]: Skipping Lnet/minecraftforge/registries/RegistryManager;
[09:33:45] [main/DEBUG]: Skipping Lnet/minecraftforge/registries/RegistryBuilder;
[09:33:45] [main/DEBUG]: Skipping Lnet/minecraftforge/registries/RegisterEvent;
[09:33:45] [main/DEBUG]: Skipping Lnet/minecraftforge/registries/RegisterEvent$RegisterHelper;
[09:33:45] [main/DEBUG]: Skipping Lnet/minecraftforge/registries/ObjectHolderRegistry;
[09:33:45] [main/DEBUG]: Skipping Lnet/minecraftforge/registries/ObjectHolderRegistry$VanillaObjectHolderData;
[09:33:45] [main/DEBUG]: Skipping Lnet/minecraftforge/registries/ObjectHolderRef;
[09:33:45] [main/DEBUG]: Skipping Lnet/minecraftforge/registries/ObjectHolder;
[09:33:45] [main/DEBUG]: Skipping Lnet/minecraftforge/registries/NewRegistryEvent;
[09:33:45] [main/DEBUG]: Skipping Lnet/minecraftforge/registries/NewRegistryEvent$RegistryHolder;
[09:33:45] [main/DEBUG]: Skipping Lnet/minecraftforge/registries/NewRegistryEvent$RegistryData;
[09:33:45] [main/DEBUG]: Skipping Lnet/minecraftforge/registries/NamespacedWrapper;
[09:33:45] [main/DEBUG]: Skipping Lnet/minecraftforge/registries/NamespacedWrapper$1;
[09:33:45] [main/DEBUG]: Skipping Lnet/minecraftforge/registries/NamespacedDefaultedWrapper;
[09:33:45] [main/DEBUG]: Skipping Lnet/minecraftforge/registries/MissingMappingsEvent;
[09:33:45] [main/DEBUG]: Skipping Lnet/minecraftforge/registries/MissingMappingsEvent$Mapping;
[09:33:45] [main/DEBUG]: Skipping Lnet/minecraftforge/registries/MissingMappingsEvent$Action;
[09:33:45] [main/DEBUG]: Skipping Lnet/minecraftforge/registries/IdMappingEvent;
[09:33:45] [main/DEBUG]: Skipping Lnet/minecraftforge/registries/IdMappingEvent$ModRemapping;
[09:33:45] [main/DEBUG]: Skipping Lnet/minecraftforge/registries/IdMappingEvent$IdRemapping;
[09:33:45] [main/DEBUG]: Skipping Lnet/minecraftforge/registries/ILockableRegistry;
[09:33:45] [main/DEBUG]: Skipping Lnet/minecraftforge/registries/IForgeRegistryModifiable;
[09:33:45] [main/DEBUG]: Skipping Lnet/minecraftforge/registries/IForgeRegistryInternal;
[09:33:45] [main/DEBUG]: Skipping Lnet/minecraftforge/registries/IForgeRegistry;
[09:33:45] [main/DEBUG]: Skipping Lnet/minecraftforge/registries/IForgeRegistry$ValidateCallback;
[09:33:45] [main/DEBUG]: Skipping Lnet/minecraftforge/registries/IForgeRegistry$SlaveKey;
[09:33:45] [main/DEBUG]: Skipping Lnet/minecraftforge/registries/IForgeRegistry$MissingFactory;
[09:33:45] [main/DEBUG]: Skipping Lnet/minecraftforge/registries/IForgeRegistry$CreateCallback;
[09:33:45] [main/DEBUG]: Skipping Lnet/minecraftforge/registries/IForgeRegistry$ClearCallback;
[09:33:45] [main/DEBUG]: Skipping Lnet/minecraftforge/registries/IForgeRegistry$BakeCallback;
[09:33:45] [main/DEBUG]: Skipping Lnet/minecraftforge/registries/IForgeRegistry$AddCallback;
[09:33:45] [main/DEBUG]: Skipping Lnet/minecraftforge/registries/GameData;
[09:33:45] [main/DEBUG]: Skipping Lnet/minecraftforge/registries/GameData$WrapperFactory;
[09:33:45] [main/DEBUG]: Skipping Lnet/minecraftforge/registries/GameData$PoiTypeCallbacks;
[09:33:45] [main/DEBUG]: Skipping Lnet/minecraftforge/registries/GameData$ItemCallbacks;
[09:33:45] [main/DEBUG]: Skipping Lnet/minecraftforge/registries/GameData$ClearableObjectIntIdentityMap;
[09:33:45] [main/DEBUG]: Skipping Lnet/minecraftforge/registries/GameData$BlockCallbacks;
[09:33:45] [main/DEBUG]: Skipping Lnet/minecraftforge/registries/GameData$BlockCallbacks$1;
[09:33:45] [main/DEBUG]: Skipping Lnet/minecraftforge/registries/GameData$AttributeCallbacks;
[09:33:45] [main/DEBUG]: Skipping Lnet/minecraftforge/registries/GameData$1;
[09:33:45] [main/DEBUG]: Skipping Lnet/minecraftforge/registries/ForgeRegistryTagManager;
[09:33:45] [main/DEBUG]: Skipping Lnet/minecraftforge/registries/ForgeRegistryTag;
[09:33:45] [main/DEBUG]: Skipping Lnet/minecraftforge/registries/ForgeRegistry;
[09:33:45] [main/DEBUG]: Skipping Lnet/minecraftforge/registries/ForgeRegistry$Snapshot;
[09:33:45] [main/DEBUG]: Skipping Lnet/minecraftforge/registries/ForgeRegistry$RegistryCodec;
[09:33:45] [main/DEBUG]: Skipping Lnet/minecraftforge/registries/ForgeRegistry$OverrideOwner;
[09:33:45] [main/DEBUG]: Skipping Lnet/minecraftforge/registries/ForgeRegistry$DumpRow;
[09:33:45] [main/DEBUG]: Skipping Lnet/minecraftforge/registries/ForgeRegistry$1;
[09:33:45] [main/DEBUG]: Skipping Lnet/minecraftforge/registries/ForgeRegistries;
[09:33:45] [main/DEBUG]: Skipping Lnet/minecraftforge/registries/ForgeRegistries$Keys;
[09:33:45] [main/DEBUG]: Skipping Lnet/minecraftforge/registries/ForgeDeferredRegistriesSetup;
[09:33:45] [main/DEBUG]: Skipping Lnet/minecraftforge/registries/DeferredRegister;
[09:33:45] [main/DEBUG]: Skipping Lnet/minecraftforge/registries/DeferredRegister$RegistryHolder;
[09:33:45] [main/DEBUG]: Skipping Lnet/minecraftforge/registries/DeferredRegister$EventDispatcher;
[09:33:45] [main/DEBUG]: Skipping Lnet/minecraftforge/registries/DataPackRegistryEvent;
[09:33:45] [main/DEBUG]: Skipping Lnet/minecraftforge/registries/DataPackRegistryEvent$NewRegistry;
[09:33:45] [main/DEBUG]: Skipping Lnet/minecraftforge/registries/DataPackRegistryEvent$DataPackRegistryData;
[09:33:45] [main/DEBUG]: Skipping Lnet/minecraftforge/registries/DataPackRegistriesHooks;
[09:33:45] [main/DEBUG]: Skipping Lnet/minecraftforge/network/tasks/SyncRegistriesTask;
[09:33:45] [main/DEBUG]: Skipping Lnet/minecraftforge/network/tasks/SyncConfigTask;
[09:33:45] [main/DEBUG]: Skipping Lnet/minecraftforge/network/tasks/RegisterChannelsTask;
[09:33:45] [main/DEBUG]: Skipping Lnet/minecraftforge/network/tasks/ModVersionsTask;
[09:33:45] [main/DEBUG]: Skipping Lnet/minecraftforge/network/tasks/ForgeNetworkConfigurationHandler;
[09:33:45] [main/DEBUG]: Skipping Lnet/minecraftforge/network/tasks/ChannelVersionsTask;
[09:33:45] [main/DEBUG]: Skipping Lnet/minecraftforge/network/simple/handler/SimplePacket;
[09:33:45] [main/DEBUG]: Skipping Lnet/minecraftforge/network/simple/handler/SimpleHandlerProtocol;
[09:33:45] [main/DEBUG]: Skipping Lnet/minecraftforge/network/simple/handler/SimpleHandlerFlow;
[09:33:45] [main/DEBUG]: Skipping Lnet/minecraftforge/network/simple/SimpleProtocol;
[09:33:45] [main/DEBUG]: Skipping Lnet/minecraftforge/network/simple/SimpleFlow;
[09:33:45] [main/DEBUG]: Skipping Lnet/minecraftforge/network/simple/SimpleConnection;
[09:33:45] [main/DEBUG]: Skipping Lnet/minecraftforge/network/simple/SimpleBuildable;
[09:33:45] [main/DEBUG]: Skipping Lnet/minecraftforge/network/simple/BaseProtocol;
[09:33:45] [main/DEBUG]: Skipping Lnet/minecraftforge/network/payload/handler/PayloadHandlerProtocol;
[09:33:45] [main/DEBUG]: Skipping Lnet/minecraftforge/network/payload/handler/PayloadHandlerFlow;
[09:33:45] [main/DEBUG]: Skipping Lnet/minecraftforge/network/payload/PayloadProtocol;
[09:33:45] [main/DEBUG]: Skipping Lnet/minecraftforge/network/payload/PayloadFlow;
[09:33:45] [main/DEBUG]: Skipping Lnet/minecraftforge/network/payload/PayloadConnection;
[09:33:45] [main/DEBUG]: Skipping Lnet/minecraftforge/network/packets/SpawnEntity;
[09:33:45] [main/DEBUG]: Skipping Lnet/minecraftforge/network/packets/RegistryList;
[09:33:45] [main/DEBUG]: Skipping Lnet/minecraftforge/network/packets/RegistryData;
[09:33:45] [main/DEBUG]: Skipping Lnet/minecraftforge/network/packets/OpenContainer;
[09:33:45] [main/DEBUG]: Skipping Lnet/minecraftforge/network/packets/ModVersions;
[09:33:45] [main/DEBUG]: Skipping Lnet/minecraftforge/network/packets/ModVersions$Info;
[09:33:45] [main/DEBUG]: Skipping Lnet/minecraftforge/network/packets/MismatchData;
[09:33:45] [main/DEBUG]: Skipping Lnet/minecraftforge/network/packets/LoginWrapper;
[09:33:45] [main/DEBUG]: Skipping Lnet/minecraftforge/network/packets/ConfigData;
[09:33:45] [main/DEBUG]: Skipping Lnet/minecraftforge/network/packets/ChannelVersions;
[09:33:45] [main/DEBUG]: Skipping Lnet/minecraftforge/network/packets/Acknowledge;
[09:33:45] [main/DEBUG]: Skipping Lnet/minecraftforge/network/filters/VanillaPacketFilter;
[09:33:45] [main/DEBUG]: Skipping Lnet/minecraftforge/network/filters/VanillaConnectionNetworkFilter;
[09:33:45] [main/DEBUG]: Skipping Lnet/minecraftforge/network/filters/NetworkFilters;
[09:33:45] [main/DEBUG]: Skipping Lnet/minecraftforge/network/filters/CommandTreeCleaner;
[09:33:45] [main/DEBUG]: Skipping Lnet/minecraftforge/network/config/SimpleConfigurationTask;
[09:33:45] [main/DEBUG]: Skipping Lnet/minecraftforge/network/config/ConfigurationTaskContext;
[09:33:45] [main/DEBUG]: Skipping Lnet/minecraftforge/network/SimpleChannel;
[09:33:45] [main/DEBUG]: Skipping Lnet/minecraftforge/network/SimpleChannel$SimpleContext;
[09:33:45] [main/DEBUG]: Skipping Lnet/minecraftforge/network/SimpleChannel$ProtocolFactory;
[09:33:45] [main/DEBUG]: Skipping Lnet/minecraftforge/network/SimpleChannel$Protocol;
[09:33:45] [main/DEBUG]: Skipping Lnet/minecraftforge/network/SimpleChannel$MessageBuilder;
[09:33:45] [main/DEBUG]: Skipping Lnet/minecraftforge/network/SimpleChannel$MessageBuilder$ToBooleanTriFunction;
[09:33:45] [main/DEBUG]: Skipping Lnet/minecraftforge/network/SimpleChannel$MessageBuilder$ToBooleanBiFunction;
[09:33:45] [main/DEBUG]: Skipping Lnet/minecraftforge/network/SimpleChannel$Message;
[09:33:45] [main/DEBUG]: Skipping Lnet/minecraftforge/network/SimpleChannel$HandlerProtocol;
[09:33:45] [main/DEBUG]: Skipping Lnet/minecraftforge/network/SimpleChannel$HandlerFlow;
[09:33:45] [main/DEBUG]: Skipping Lnet/minecraftforge/network/SimpleChannel$Flow;
[09:33:45] [main/DEBUG]: Skipping Lnet/minecraftforge/network/ServerStatusPing;
[09:33:45] [main/DEBUG]: Skipping Lnet/minecraftforge/network/ServerStatusPing$ModInfo;
[09:33:45] [main/DEBUG]: Skipping Lnet/minecraftforge/network/ServerStatusPing$ChannelData;
[09:33:45] [main/DEBUG]: Skipping Lnet/minecraftforge/network/PayloadChannel;
[09:33:45] [main/DEBUG]: Skipping Lnet/minecraftforge/network/PayloadChannel$Message;
[09:33:45] [main/DEBUG]: Skipping Lnet/minecraftforge/network/PayloadChannel$Builder;
[09:33:45] [main/DEBUG]: Skipping Lnet/minecraftforge/network/PayloadChannel$Builder$ProtocolFactory;
[09:33:45] [main/DEBUG]: Skipping Lnet/minecraftforge/network/PayloadChannel$Builder$Protocol;
[09:33:45] [main/DEBUG]: Skipping Lnet/minecraftforge/network/PayloadChannel$Builder$HandlerProtocol;
[09:33:45] [main/DEBUG]: Skipping Lnet/minecraftforge/network/PayloadChannel$Builder$HandlerFlow;
[09:33:45] [main/DEBUG]: Skipping Lnet/minecraftforge/network/PayloadChannel$Builder$Flow;
[09:33:45] [main/DEBUG]: Skipping Lnet/minecraftforge/network/PayloadChannel$Builder$BuilderContext;
[09:33:45] [main/DEBUG]: Skipping Lnet/minecraftforge/network/PacketDistributor;
[09:33:45] [main/DEBUG]: Skipping Lnet/minecraftforge/network/PacketDistributor$TargetPoint;
[09:33:45] [main/DEBUG]: Skipping Lnet/minecraftforge/network/PacketDistributor$PacketTarget;
[09:33:45] [main/DEBUG]: Skipping Lnet/minecraftforge/network/NetworkRegistry;
[09:33:45] [main/DEBUG]: Skipping Lnet/minecraftforge/network/NetworkProtocol;
[09:33:45] [main/DEBUG]: Skipping Lnet/minecraftforge/network/NetworkProtocol$1;
[09:33:45] [main/DEBUG]: Skipping Lnet/minecraftforge/network/NetworkInstance;
[09:33:45] [main/DEBUG]: Skipping Lnet/minecraftforge/network/NetworkInitialization;
[09:33:45] [main/DEBUG]: Skipping Lnet/minecraftforge/network/NetworkInitialization$Handler;
[09:33:45] [main/DEBUG]: Skipping Lnet/minecraftforge/network/NetworkDirection;
[09:33:45] [main/DEBUG]: Skipping Lnet/minecraftforge/network/NetworkContext;
[09:33:45] [main/DEBUG]: Skipping Lnet/minecraftforge/network/NetworkContext$NetworkMismatchData;
[09:33:45] [main/DEBUG]: Skipping Lnet/minecraftforge/network/NetworkContext$NetworkMismatchData$Version;
[09:33:45] [main/DEBUG]: Skipping Lnet/minecraftforge/network/IContainerFactory;
[09:33:45] [main/DEBUG]: Skipping Lnet/minecraftforge/network/ForgePayload;
[09:33:45] [main/DEBUG]: Skipping Lnet/minecraftforge/network/ForgePacketHandler;
[09:33:45] [main/DEBUG]: Skipping Lnet/minecraftforge/network/EventNetworkChannel;
[09:33:45] [main/DEBUG]: Skipping Lnet/minecraftforge/network/DualStackUtils;
[09:33:45] [main/DEBUG]: Skipping Lnet/minecraftforge/network/ConnectionType;
[09:33:45] [main/DEBUG]: Skipping Lnet/minecraftforge/network/ChannelListManager;
[09:33:45] [main/DEBUG]: Skipping Lnet/minecraftforge/network/ChannelListManager$Unregister;
[09:33:45] [main/DEBUG]: Skipping Lnet/minecraftforge/network/ChannelListManager$Register;
[09:33:45] [main/DEBUG]: Skipping Lnet/minecraftforge/network/ChannelBuilder;
[09:33:45] [main/DEBUG]: Skipping Lnet/minecraftforge/network/ChannelBuildable;
[09:33:45] [main/DEBUG]: Skipping Lnet/minecraftforge/network/Channel;
[09:33:45] [main/DEBUG]: Skipping Lnet/minecraftforge/network/Channel$VersionTest;
[09:33:45] [main/DEBUG]: Skipping Lnet/minecraftforge/network/Channel$VersionTest$Status;
[09:33:45] [main/DEBUG]: Skipping Lnet/minecraftforge/network/Channel$1;
[09:33:45] [main/DEBUG]: Skipping Lnet/minecraftforge/logging/CrashReportExtender;
[09:33:45] [main/DEBUG]: Skipping Lnet/minecraftforge/logging/CrashReportAnalyser;
[09:33:45] [main/DEBUG]: Skipping Lnet/minecraftforge/items/wrapper/SidedInvWrapper;
[09:33:45] [main/DEBUG]: Skipping Lnet/minecraftforge/items/wrapper/SidedInvWrapper$InsertLimit;
[09:33:45] [main/DEBUG]: Skipping Lnet/minecraftforge/items/wrapper/RecipeWrapper;
[09:33:45] [main/DEBUG]: Skipping Lnet/minecraftforge/items/wrapper/RangedWrapper;
[09:33:45] [main/DEBUG]: Skipping Lnet/minecraftforge/items/wrapper/PlayerOffhandInvWrapper;
[09:33:45] [main/DEBUG]: Skipping Lnet/minecraftforge/items/wrapper/PlayerMainInvWrapper;
[09:33:45] [main/DEBUG]: Skipping Lnet/minecraftforge/items/wrapper/PlayerInvWrapper;
[09:33:45] [main/DEBUG]: Skipping Lnet/minecraftforge/items/wrapper/PlayerArmorInvWrapper;
[09:33:45] [main/DEBUG]: Skipping Lnet/minecraftforge/items/wrapper/InvWrapper;
[09:33:45] [main/DEBUG]: Skipping Lnet/minecraftforge/items/wrapper/EntityHandsInvWrapper;
[09:33:45] [main/DEBUG]: Skipping Lnet/minecraftforge/items/wrapper/EntityEquipmentInvWrapper;
[09:33:45] [main/DEBUG]: Skipping Lnet/minecraftforge/items/wrapper/EntityArmorInvWrapper;
[09:33:45] [main/DEBUG]: Skipping Lnet/minecraftforge/items/wrapper/EmptyHandler;
[09:33:45] [main/DEBUG]: Skipping Lnet/minecraftforge/items/wrapper/CombinedInvWrapper;
[09:33:45] [main/DEBUG]: Skipping Lnet/minecraftforge/items/VanillaInventoryCodeHooks;
[09:33:45] [main/DEBUG]: Skipping Lnet/minecraftforge/items/VanillaHopperItemHandler;
[09:33:45] [main/DEBUG]: Skipping Lnet/minecraftforge/items/SlotItemHandler;
[09:33:45] [main/DEBUG]: Skipping Lnet/minecraftforge/items/ItemStackHandler;
[09:33:45] [main/DEBUG]: Skipping Lnet/minecraftforge/items/ItemHandlerHelper;
[09:33:45] [main/DEBUG]: Skipping Lnet/minecraftforge/items/IItemHandlerModifiable;
[09:33:45] [main/DEBUG]: Skipping Lnet/minecraftforge/items/IItemHandler;
[09:33:45] [main/DEBUG]: Skipping Lnet/minecraftforge/internal/TextComponentMessageFormatHandler;
[09:33:45] [main/DEBUG]: Skipping Lnet/minecraftforge/internal/ForgeBindings;
[09:33:45] [main/DEBUG]: Skipping Lnet/minecraftforge/internal/ForgeBindings$1;
[09:33:45] [main/DEBUG]: Skipping Lnet/minecraftforge/internal/BrandingControl;
[09:33:45] [main/DEBUG]: Skipping Lnet/minecraftforge/gametest/GameTestPrefix;
[09:33:45] [main/DEBUG]: Skipping Lnet/minecraftforge/gametest/GameTestMain;
[09:33:45] [main/DEBUG]: Skipping Lnet/minecraftforge/gametest/GameTestHolder;
[09:33:45] [main/DEBUG]: Skipping Lnet/minecraftforge/gametest/GameTestDontPrefix;
[09:33:45] [main/DEBUG]: Skipping Lnet/minecraftforge/gametest/ForgeGameTestHooks;
[09:33:45] [main/DEBUG]: Skipping Lnet/minecraftforge/gametest/BlockPosValueConverter;
[09:33:45] [main/DEBUG]: Skipping Lnet/minecraftforge/fml/event/lifecycle/ParallelDispatchEvent;
[09:33:45] [main/DEBUG]: Skipping Lnet/minecraftforge/fml/event/lifecycle/ModLifecycleEvent;
[09:33:45] [main/DEBUG]: Skipping Lnet/minecraftforge/fml/event/lifecycle/InterModProcessEvent;
[09:33:45] [main/DEBUG]: Skipping Lnet/minecraftforge/fml/event/lifecycle/InterModEnqueueEvent;
[09:33:45] [main/DEBUG]: Skipping Lnet/minecraftforge/fml/event/lifecycle/FMLLoadCompleteEvent;
[09:33:45] [main/DEBUG]: Skipping Lnet/minecraftforge/fml/event/lifecycle/FMLDedicatedServerSetupEvent;
[09:33:45] [main/DEBUG]: Skipping Lnet/minecraftforge/fml/event/lifecycle/FMLConstructModEvent;
[09:33:45] [main/DEBUG]: Skipping Lnet/minecraftforge/fml/event/lifecycle/FMLCommonSetupEvent;
[09:33:45] [main/DEBUG]: Skipping Lnet/minecraftforge/fml/event/lifecycle/FMLClientSetupEvent;
[09:33:45] [main/DEBUG]: Skipping Lnet/minecraftforge/fml/event/config/ModConfigEvent;
[09:33:45] [main/DEBUG]: Skipping Lnet/minecraftforge/fml/event/config/ModConfigEvent$Unloading;
[09:33:45] [main/DEBUG]: Skipping Lnet/minecraftforge/fml/event/config/ModConfigEvent$Reloading;
[09:33:45] [main/DEBUG]: Skipping Lnet/minecraftforge/fml/event/config/ModConfigEvent$Loading;
[09:33:45] [main/DEBUG]: Skipping Lnet/minecraftforge/fml/core/ParallelTransition;
[09:33:45] [main/DEBUG]: Skipping Lnet/minecraftforge/fml/core/ModStateProvider;
[09:33:45] [main/DEBUG]: Skipping Lnet/minecraftforge/fluids/capability/wrappers/FluidBucketWrapper;
[09:33:45] [main/DEBUG]: Skipping Lnet/minecraftforge/fluids/capability/wrappers/FluidBlockWrapper;
[09:33:45] [main/DEBUG]: Skipping Lnet/minecraftforge/fluids/capability/wrappers/BucketPickupHandlerWrapper;
[09:33:45] [main/DEBUG]: Skipping Lnet/minecraftforge/fluids/capability/wrappers/BlockWrapper;
[09:33:45] [main/DEBUG]: Skipping Lnet/minecraftforge/fluids/capability/wrappers/BlockWrapper$LiquidContainerBlockWrapper;
[09:33:45] [main/DEBUG]: Skipping Lnet/minecraftforge/fluids/capability/templates/VoidFluidHandler;
[09:33:45] [main/DEBUG]: Skipping Lnet/minecraftforge/fluids/capability/templates/FluidTank;
[09:33:45] [main/DEBUG]: Skipping Lnet/minecraftforge/fluids/capability/templates/EmptyFluidHandler;
[09:33:45] [main/DEBUG]: Skipping Lnet/minecraftforge/fluids/capability/IFluidHandlerItem;
[09:33:45] [main/DEBUG]: Skipping Lnet/minecraftforge/fluids/capability/IFluidHandler;
[09:33:45] [main/DEBUG]: Skipping Lnet/minecraftforge/fluids/capability/IFluidHandler$FluidAction;
[09:33:45] [main/DEBUG]: Skipping Lnet/minecraftforge/fluids/capability/FluidHandlerBlockEntity;
[09:33:45] [main/DEBUG]: Skipping Lnet/minecraftforge/fluids/IFluidTank;
[09:33:45] [main/DEBUG]: Skipping Lnet/minecraftforge/fluids/IFluidBlock;
[09:33:45] [main/DEBUG]: Skipping Lnet/minecraftforge/fluids/ForgeFlowingFluid;
[09:33:45] [main/DEBUG]: Skipping Lnet/minecraftforge/fluids/ForgeFlowingFluid$Source;
[09:33:45] [main/DEBUG]: Skipping Lnet/minecraftforge/fluids/ForgeFlowingFluid$Properties;
[09:33:45] [main/DEBUG]: Skipping Lnet/minecraftforge/fluids/ForgeFlowingFluid$Flowing;
[09:33:45] [main/DEBUG]: Skipping Lnet/minecraftforge/fluids/FluidUtil;
[09:33:45] [main/DEBUG]: Skipping Lnet/minecraftforge/fluids/FluidType;
[09:33:45] [main/DEBUG]: Skipping Lnet/minecraftforge/fluids/FluidType$Properties;
[09:33:45] [main/DEBUG]: Skipping Lnet/minecraftforge/fluids/FluidStack;
[09:33:45] [main/DEBUG]: Skipping Lnet/minecraftforge/fluids/FluidInteractionRegistry;
[09:33:45] [main/DEBUG]: Skipping Lnet/minecraftforge/fluids/FluidInteractionRegistry$InteractionInformation;
[09:33:45] [main/DEBUG]: Skipping Lnet/minecraftforge/fluids/FluidInteractionRegistry$HasFluidInteraction;
[09:33:45] [main/DEBUG]: Skipping Lnet/minecraftforge/fluids/FluidInteractionRegistry$FluidInteraction;
[09:33:45] [main/DEBUG]: Skipping Lnet/minecraftforge/fluids/FluidActionResult;
[09:33:45] [main/DEBUG]: Skipping Lnet/minecraftforge/fluids/DispenseFluidContainer;
[09:33:45] [main/DEBUG]: Skipping Lnet/minecraftforge/event/village/WandererTradesEvent;
[09:33:45] [main/DEBUG]: Skipping Lnet/minecraftforge/event/village/VillagerTradesEvent;
[09:33:45] [main/DEBUG]: Skipping Lnet/minecraftforge/event/village/VillageSiegeEvent;
[09:33:45] [main/DEBUG]: Skipping Lnet/minecraftforge/event/server/ServerStoppingEvent;
[09:33:45] [main/DEBUG]: Skipping Lnet/minecraftforge/event/server/ServerStoppedEvent;
[09:33:45] [main/DEBUG]: Skipping Lnet/minecraftforge/event/server/ServerStartingEvent;
[09:33:45] [main/DEBUG]: Skipping Lnet/minecraftforge/event/server/ServerStartedEvent;
[09:33:45] [main/DEBUG]: Skipping Lnet/minecraftforge/event/server/ServerLifecycleEvent;
[09:33:45] [main/DEBUG]: Skipping Lnet/minecraftforge/event/server/ServerAboutToStartEvent;
[09:33:45] [main/DEBUG]: Skipping Lnet/minecraftforge/event/network/GatherLoginConfigurationTasksEvent;
[09:33:45] [main/DEBUG]: Skipping Lnet/minecraftforge/event/network/CustomPayloadEvent;
[09:33:45] [main/DEBUG]: Skipping Lnet/minecraftforge/event/network/CustomPayloadEvent$Context;
[09:33:45] [main/DEBUG]: Skipping Lnet/minecraftforge/event/network/ConnectionStartEvent;
[09:33:45] [main/DEBUG]: Skipping Lnet/minecraftforge/event/network/ChannelRegistrationChangeEvent;
[09:33:45] [main/DEBUG]: Skipping Lnet/minecraftforge/event/network/ChannelRegistrationChangeEvent$Type;
[09:33:45] [main/DEBUG]: Skipping Lnet/minecraftforge/event/level/SleepFinishedTimeEvent;
[09:33:45] [main/DEBUG]: Skipping Lnet/minecraftforge/event/level/SaplingGrowTreeEvent;
[09:33:45] [main/DEBUG]: Skipping Lnet/minecraftforge/event/level/PistonEvent;
[09:33:45] [main/DEBUG]: Skipping Lnet/minecraftforge/event/level/PistonEvent$Pre;
[09:33:45] [main/DEBUG]: Skipping Lnet/minecraftforge/event/level/PistonEvent$Post;
[09:33:45] [main/DEBUG]: Skipping Lnet/minecraftforge/event/level/PistonEvent$PistonMoveType;
[09:33:45] [main/DEBUG]: Skipping Lnet/minecraftforge/event/level/NoteBlockEvent;
[09:33:45] [main/DEBUG]: Skipping Lnet/minecraftforge/event/level/NoteBlockEvent$Play;
[09:33:45] [main/DEBUG]: Skipping Lnet/minecraftforge/event/level/NoteBlockEvent$Octave;
[09:33:45] [main/DEBUG]: Skipping Lnet/minecraftforge/event/level/NoteBlockEvent$Note;
[09:33:45] [main/DEBUG]: Skipping Lnet/minecraftforge/event/level/NoteBlockEvent$Change;
[09:33:45] [main/DEBUG]: Skipping Lnet/minecraftforge/event/level/LevelEvent;
[09:33:45] [main/DEBUG]: Skipping Lnet/minecraftforge/event/level/LevelEvent$Unload;
[09:33:45] [main/DEBUG]: Skipping Lnet/minecraftforge/event/level/LevelEvent$Save;
[09:33:45] [main/DEBUG]: Skipping Lnet/minecraftforge/event/level/LevelEvent$PotentialSpawns;
[09:33:45] [main/DEBUG]: Skipping Lnet/minecraftforge/event/level/LevelEvent$Load;
[09:33:45] [main/DEBUG]: Skipping Lnet/minecraftforge/event/level/LevelEvent$CreateSpawnPosition;
[09:33:45] [main/DEBUG]: Skipping Lnet/minecraftforge/event/level/ExplosionEvent;
[09:33:45] [main/DEBUG]: Skipping Lnet/minecraftforge/event/level/ExplosionEvent$Start;
[09:33:45] [main/DEBUG]: Skipping Lnet/minecraftforge/event/level/ExplosionEvent$Detonate;
[09:33:45] [main/DEBUG]: Skipping Lnet/minecraftforge/event/level/ChunkWatchEvent;
[09:33:45] [main/DEBUG]: Skipping Lnet/minecraftforge/event/level/ChunkWatchEvent$Watch;
[09:33:45] [main/DEBUG]: Skipping Lnet/minecraftforge/event/level/ChunkWatchEvent$UnWatch;
[09:33:45] [main/DEBUG]: Skipping Lnet/minecraftforge/event/level/ChunkTicketLevelUpdatedEvent;
[09:33:45] [main/DEBUG]: Skipping Lnet/minecraftforge/event/level/ChunkEvent;
[09:33:45] [main/DEBUG]: Skipping Lnet/minecraftforge/event/level/ChunkEvent$Unload;
[09:33:45] [main/DEBUG]: Skipping Lnet/minecraftforge/event/level/ChunkEvent$Load;
[09:33:45] [main/DEBUG]: Skipping Lnet/minecraftforge/event/level/ChunkDataEvent;
[09:33:45] [main/DEBUG]: Skipping Lnet/minecraftforge/event/level/ChunkDataEvent$Save;
[09:33:45] [main/DEBUG]: Skipping Lnet/minecraftforge/event/level/ChunkDataEvent$Load;
[09:33:45] [main/DEBUG]: Skipping Lnet/minecraftforge/event/level/BlockEvent;
[09:33:45] [main/DEBUG]: Skipping Lnet/minecraftforge/event/level/BlockEvent$PortalSpawnEvent;
[09:33:45] [main/DEBUG]: Skipping Lnet/minecraftforge/event/level/BlockEvent$NeighborNotifyEvent;
[09:33:45] [main/DEBUG]: Skipping Lnet/minecraftforge/event/level/BlockEvent$FluidPlaceBlockEvent;
[09:33:45] [main/DEBUG]: Skipping Lnet/minecraftforge/event/level/BlockEvent$FarmlandTrampleEvent;
[09:33:45] [main/DEBUG]: Skipping Lnet/minecraftforge/event/level/BlockEvent$EntityPlaceEvent;
[09:33:45] [main/DEBUG]: Skipping Lnet/minecraftforge/event/level/BlockEvent$EntityMultiPlaceEvent;
[09:33:45] [main/DEBUG]: Skipping Lnet/minecraftforge/event/level/BlockEvent$CropGrowEvent;
[09:33:45] [main/DEBUG]: Skipping Lnet/minecraftforge/event/level/BlockEvent$CropGrowEvent$Pre;
[09:33:45] [main/DEBUG]: Skipping Lnet/minecraftforge/event/level/BlockEvent$CropGrowEvent$Post;
[09:33:45] [main/DEBUG]: Skipping Lnet/minecraftforge/event/level/BlockEvent$CreateFluidSourceEvent;
[09:33:45] [main/DEBUG]: Skipping Lnet/minecraftforge/event/level/BlockEvent$BreakEvent;
[09:33:45] [main/DEBUG]: Skipping Lnet/minecraftforge/event/level/BlockEvent$BlockToolModificationEvent;
[09:33:45] [main/DEBUG]: Skipping Lnet/minecraftforge/event/level/AlterGroundEvent;
[09:33:45] [main/DEBUG]: Skipping Lnet/minecraftforge/event/furnace/FurnaceFuelBurnTimeEvent;
[09:33:45] [main/DEBUG]: Skipping Lnet/minecraftforge/event/entity/player/TradeWithVillagerEvent;
[09:33:45] [main/DEBUG]: Skipping Lnet/minecraftforge/event/entity/player/SleepingTimeCheckEvent;
[09:33:45] [main/DEBUG]: Skipping Lnet/minecraftforge/event/entity/player/SleepingLocationCheckEvent;
[09:33:45] [main/DEBUG]: Skipping Lnet/minecraftforge/event/entity/player/PlayerXpEvent;
[09:33:45] [main/DEBUG]: Skipping Lnet/minecraftforge/event/entity/player/PlayerXpEvent$XpChange;
[09:33:45] [main/DEBUG]: Skipping Lnet/minecraftforge/event/entity/player/PlayerXpEvent$PickupXp;
[09:33:45] [main/DEBUG]: Skipping Lnet/minecraftforge/event/entity/player/PlayerXpEvent$LevelChange;
[09:33:45] [main/DEBUG]: Skipping Lnet/minecraftforge/event/entity/player/PlayerWakeUpEvent;
[09:33:45] [main/DEBUG]: Skipping Lnet/minecraftforge/event/entity/player/PlayerSpawnPhantomsEvent;
[09:33:45] [main/DEBUG]: Skipping Lnet/minecraftforge/event/entity/player/PlayerSleepInBedEvent;
[09:33:45] [main/DEBUG]: Skipping Lnet/minecraftforge/event/entity/player/PlayerSetSpawnEvent;
[09:33:45] [main/DEBUG]: Skipping Lnet/minecraftforge/event/entity/player/PlayerInteractEvent;
[09:33:45] [main/DEBUG]: Skipping Lnet/minecraftforge/event/entity/player/PlayerInteractEvent$RightClickItem;
[09:33:45] [main/DEBUG]: Skipping Lnet/minecraftforge/event/entity/player/PlayerInteractEvent$RightClickEmpty;
[09:33:45] [main/DEBUG]: Skipping Lnet/minecraftforge/event/entity/player/PlayerInteractEvent$RightClickBlock;
[09:33:45] [main/DEBUG]: Skipping Lnet/minecraftforge/event/entity/player/PlayerInteractEvent$LeftClickEmpty;
[09:33:45] [main/DEBUG]: Skipping Lnet/minecraftforge/event/entity/player/PlayerInteractEvent$LeftClickBlock;
[09:33:45] [main/DEBUG]: Skipping Lnet/minecraftforge/event/entity/player/PlayerInteractEvent$LeftClickBlock$Action;
[09:33:45] [main/DEBUG]: Skipping Lnet/minecraftforge/event/entity/player/PlayerInteractEvent$EntityInteractSpecific;
[09:33:45] [main/DEBUG]: Skipping Lnet/minecraftforge/event/entity/player/PlayerInteractEvent$EntityInteract;
[09:33:45] [main/DEBUG]: Skipping Lnet/minecraftforge/event/entity/player/PlayerInteractEvent$1;
[09:33:45] [main/DEBUG]: Skipping Lnet/minecraftforge/event/entity/player/PlayerFlyableFallEvent;
[09:33:45] [main/DEBUG]: Skipping Lnet/minecraftforge/event/entity/player/PlayerEvent;
[09:33:45] [main/DEBUG]: Skipping Lnet/minecraftforge/event/entity/player/PlayerEvent$TabListNameFormat;
[09:33:45] [main/DEBUG]: Skipping Lnet/minecraftforge/event/entity/player/PlayerEvent$StopTracking;
[09:33:45] [main/DEBUG]: Skipping Lnet/minecraftforge/event/entity/player/PlayerEvent$StartTracking;
[09:33:45] [main/DEBUG]: Skipping Lnet/minecraftforge/event/entity/player/PlayerEvent$SaveToFile;
[09:33:45] [main/DEBUG]: Skipping Lnet/minecraftforge/event/entity/player/PlayerEvent$PlayerRespawnEvent;
[09:33:45] [main/DEBUG]: Skipping Lnet/minecraftforge/event/entity/player/PlayerEvent$PlayerLoggedOutEvent;
[09:33:45] [main/DEBUG]: Skipping Lnet/minecraftforge/event/entity/player/PlayerEvent$PlayerLoggedInEvent;
[09:33:45] [main/DEBUG]: Skipping Lnet/minecraftforge/event/entity/player/PlayerEvent$PlayerChangedDimensionEvent;
[09:33:45] [main/DEBUG]: Skipping Lnet/minecraftforge/event/entity/player/PlayerEvent$PlayerChangeGameModeEvent;
[09:33:45] [main/DEBUG]: Skipping Lnet/minecraftforge/event/entity/player/PlayerEvent$NameFormat;
[09:33:45] [main/DEBUG]: Skipping Lnet/minecraftforge/event/entity/player/PlayerEvent$LoadFromFile;
[09:33:45] [main/DEBUG]: Skipping Lnet/minecraftforge/event/entity/player/PlayerEvent$ItemSmeltedEvent;
[09:33:45] [main/DEBUG]: Skipping Lnet/minecraftforge/event/entity/player/PlayerEvent$ItemPickupEvent;
[09:33:45] [main/DEBUG]: Skipping Lnet/minecraftforge/event/entity/player/PlayerEvent$ItemCraftedEvent;
[09:33:45] [main/DEBUG]: Skipping Lnet/minecraftforge/event/entity/player/PlayerEvent$HarvestCheck;
[09:33:45] [main/DEBUG]: Skipping Lnet/minecraftforge/event/entity/player/PlayerEvent$Clone;
[09:33:45] [main/DEBUG]: Skipping Lnet/minecraftforge/event/entity/player/PlayerEvent$BreakSpeed;
[09:33:45] [main/DEBUG]: Skipping Lnet/minecraftforge/event/entity/player/PlayerDestroyItemEvent;
[09:33:45] [main/DEBUG]: Skipping Lnet/minecraftforge/event/entity/player/PlayerContainerEvent;
[09:33:45] [main/DEBUG]: Skipping Lnet/minecraftforge/event/entity/player/PlayerContainerEvent$Open;
[09:33:45] [main/DEBUG]: Skipping Lnet/minecraftforge/event/entity/player/PlayerContainerEvent$Close;
[09:33:45] [main/DEBUG]: Skipping Lnet/minecraftforge/event/entity/player/PermissionsChangedEvent;
[09:33:45] [main/DEBUG]: Skipping Lnet/minecraftforge/event/entity/player/ItemTooltipEvent;
[09:33:45] [main/DEBUG]: Skipping Lnet/minecraftforge/event/entity/player/ItemFishedEvent;
[09:33:45] [main/DEBUG]: Skipping Lnet/minecraftforge/event/entity/player/FillBucketEvent;
[09:33:45] [main/DEBUG]: Skipping Lnet/minecraftforge/event/entity/player/EntityItemPickupEvent;
[09:33:45] [main/DEBUG]: Skipping Lnet/minecraftforge/event/entity/player/CriticalHitEvent;
[09:33:45] [main/DEBUG]: Skipping Lnet/minecraftforge/event/entity/player/BonemealEvent;
[09:33:45] [main/DEBUG]: Skipping Lnet/minecraftforge/event/entity/player/AttackEntityEvent;
[09:33:45] [main/DEBUG]: Skipping Lnet/minecraftforge/event/entity/player/ArrowNockEvent;
[09:33:45] [main/DEBUG]: Skipping Lnet/minecraftforge/event/entity/player/ArrowLooseEvent;
[09:33:45] [main/DEBUG]: Skipping Lnet/minecraftforge/event/entity/player/AnvilRepairEvent;
[09:33:45] [main/DEBUG]: Skipping Lnet/minecraftforge/event/entity/player/AdvancementEvent;
[09:33:45] [main/DEBUG]: Skipping Lnet/minecraftforge/event/entity/player/AdvancementEvent$AdvancementProgressEvent;
[09:33:45] [main/DEBUG]: Skipping Lnet/minecraftforge/event/entity/player/AdvancementEvent$AdvancementProgressEvent$ProgressType;
[09:33:45] [main/DEBUG]: Skipping Lnet/minecraftforge/event/entity/player/AdvancementEvent$AdvancementEarnEvent;
[09:33:45] [main/DEBUG]: Skipping Lnet/minecraftforge/event/entity/living/ZombieEvent;
[09:33:45] [main/DEBUG]: Skipping Lnet/minecraftforge/event/entity/living/ZombieEvent$SummonAidEvent;
[09:33:45] [main/DEBUG]: Skipping Lnet/minecraftforge/event/entity/living/ShieldBlockEvent;
[09:33:45] [main/DEBUG]: Skipping Lnet/minecraftforge/event/entity/living/MobSpawnEvent;
[09:33:45] [main/DEBUG]: Skipping Lnet/minecraftforge/event/entity/living/MobSpawnEvent$SpawnPlacementCheck;
[09:33:45] [main/DEBUG]: Skipping Lnet/minecraftforge/event/entity/living/MobSpawnEvent$PositionCheck;
[09:33:45] [main/DEBUG]: Skipping Lnet/minecraftforge/event/entity/living/MobSpawnEvent$FinalizeSpawn;
[09:33:45] [main/DEBUG]: Skipping Lnet/minecraftforge/event/entity/living/MobSpawnEvent$AllowDespawn;
[09:33:45] [main/DEBUG]: Skipping Lnet/minecraftforge/event/entity/living/MobEffectEvent;
[09:33:45] [main/DEBUG]: Skipping Lnet/minecraftforge/event/entity/living/MobEffectEvent$Remove;
[09:33:45] [main/DEBUG]: Skipping Lnet/minecraftforge/event/entity/living/MobEffectEvent$Expired;
[09:33:45] [main/DEBUG]: Skipping Lnet/minecraftforge/event/entity/living/MobEffectEvent$Applicable;
[09:33:45] [main/DEBUG]: Skipping Lnet/minecraftforge/event/entity/living/MobEffectEvent$Added;
[09:33:45] [main/DEBUG]: Skipping Lnet/minecraftforge/event/entity/living/LootingLevelEvent;
[09:33:45] [main/DEBUG]: Skipping Lnet/minecraftforge/event/entity/living/LivingUseTotemEvent;
[09:33:45] [main/DEBUG]: Skipping Lnet/minecraftforge/event/entity/living/LivingSwapItemsEvent;
[09:33:45] [main/DEBUG]: Skipping Lnet/minecraftforge/event/entity/living/LivingSwapItemsEvent$Hands;
[09:33:45] [main/DEBUG]: Skipping Lnet/minecraftforge/event/entity/living/LivingPackSizeEvent;
[09:33:45] [main/DEBUG]: Skipping Lnet/minecraftforge/event/entity/living/LivingMakeBrainEvent;
[09:33:45] [main/DEBUG]: Skipping Lnet/minecraftforge/event/entity/living/LivingKnockBackEvent;
[09:33:45] [main/DEBUG]: Skipping Lnet/minecraftforge/event/entity/living/LivingHurtEvent;
[09:33:45] [main/DEBUG]: Skipping Lnet/minecraftforge/event/entity/living/LivingHealEvent;
[09:33:45] [main/DEBUG]: Skipping Lnet/minecraftforge/event/entity/living/LivingGetProjectileEvent;
[09:33:45] [main/DEBUG]: Skipping Lnet/minecraftforge/event/entity/living/LivingFallEvent;
[09:33:45] [main/DEBUG]: Skipping Lnet/minecraftforge/event/entity/living/LivingExperienceDropEvent;
[09:33:45] [main/DEBUG]: Skipping Lnet/minecraftforge/event/entity/living/LivingEvent;
[09:33:45] [main/DEBUG]: Skipping Lnet/minecraftforge/event/entity/living/LivingEvent$LivingVisibilityEvent;
[09:33:45] [main/DEBUG]: Skipping Lnet/minecraftforge/event/entity/living/LivingEvent$LivingTickEvent;
[09:33:45] [main/DEBUG]: Skipping Lnet/minecraftforge/event/entity/living/LivingEvent$LivingJumpEvent;
[09:33:45] [main/DEBUG]: Skipping Lnet/minecraftforge/event/entity/living/LivingEquipmentChangeEvent;
[09:33:45] [main/DEBUG]: Skipping Lnet/minecraftforge/event/entity/living/LivingEntityUseItemEvent;
[09:33:45] [main/DEBUG]: Skipping Lnet/minecraftforge/event/entity/living/LivingEntityUseItemEvent$Tick;
[09:33:45] [main/DEBUG]: Skipping Lnet/minecraftforge/event/entity/living/LivingEntityUseItemEvent$Stop;
[09:33:45] [main/DEBUG]: Skipping Lnet/minecraftforge/event/entity/living/LivingEntityUseItemEvent$Start;
[09:33:45] [main/DEBUG]: Skipping Lnet/minecraftforge/event/entity/living/LivingEntityUseItemEvent$Finish;
[09:33:45] [main/DEBUG]: Skipping Lnet/minecraftforge/event/entity/living/LivingDrownEvent;
[09:33:45] [main/DEBUG]: Skipping Lnet/minecraftforge/event/entity/living/LivingDropsEvent;
[09:33:45] [main/DEBUG]: Skipping Lnet/minecraftforge/event/entity/living/LivingDestroyBlockEvent;
[09:33:45] [main/DEBUG]: Skipping Lnet/minecraftforge/event/entity/living/LivingDeathEvent;
[09:33:45] [main/DEBUG]: Skipping Lnet/minecraftforge/event/entity/living/LivingDamageEvent;
[09:33:45] [main/DEBUG]: Skipping Lnet/minecraftforge/event/entity/living/LivingConversionEvent;
[09:33:45] [main/DEBUG]: Skipping Lnet/minecraftforge/event/entity/living/LivingConversionEvent$Pre;
[09:33:45] [main/DEBUG]: Skipping Lnet/minecraftforge/event/entity/living/LivingConversionEvent$Post;
[09:33:45] [main/DEBUG]: Skipping Lnet/minecraftforge/event/entity/living/LivingChangeTargetEvent;
[09:33:45] [main/DEBUG]: Skipping Lnet/minecraftforge/event/entity/living/LivingChangeTargetEvent$LivingTargetType;
[09:33:45] [main/DEBUG]: Skipping Lnet/minecraftforge/event/entity/living/LivingChangeTargetEvent$ILivingTargetType;
[09:33:45] [main/DEBUG]: Skipping Lnet/minecraftforge/event/entity/living/LivingBreatheEvent;
[09:33:45] [main/DEBUG]: Skipping Lnet/minecraftforge/event/entity/living/LivingAttackEvent;
[09:33:45] [main/DEBUG]: Skipping Lnet/minecraftforge/event/entity/living/EnderManAngerEvent;
[09:33:45] [main/DEBUG]: Skipping Lnet/minecraftforge/event/entity/living/BabyEntitySpawnEvent;
[09:33:45] [main/DEBUG]: Skipping Lnet/minecraftforge/event/entity/living/AnimalTameEvent;
[09:33:45] [main/DEBUG]: Skipping Lnet/minecraftforge/event/entity/item/ItemTossEvent;
[09:33:45] [main/DEBUG]: Skipping Lnet/minecraftforge/event/entity/item/ItemExpireEvent;
[09:33:45] [main/DEBUG]: Skipping Lnet/minecraftforge/event/entity/item/ItemEvent;
[09:33:45] [main/DEBUG]: Skipping Lnet/minecraftforge/event/entity/SpawnPlacementRegisterEvent;
[09:33:45] [main/DEBUG]: Skipping Lnet/minecraftforge/event/entity/SpawnPlacementRegisterEvent$Operation;
[09:33:45] [main/DEBUG]: Skipping Lnet/minecraftforge/event/entity/SpawnPlacementRegisterEvent$MergedSpawnPredicate;
[09:33:45] [main/DEBUG]: Skipping Lnet/minecraftforge/event/entity/ProjectileImpactEvent;
[09:33:45] [main/DEBUG]: Skipping Lnet/minecraftforge/event/entity/ProjectileImpactEvent$ImpactResult;
[09:33:45] [main/DEBUG]: Skipping Lnet/minecraftforge/event/entity/EntityTravelToDimensionEvent;
[09:33:45] [main/DEBUG]: Skipping Lnet/minecraftforge/event/entity/EntityTeleportEvent;
[09:33:45] [main/DEBUG]: Skipping Lnet/minecraftforge/event/entity/EntityTeleportEvent$TeleportCommand;
[09:33:45] [main/DEBUG]: Skipping Lnet/minecraftforge/event/entity/EntityTeleportEvent$SpreadPlayersCommand;
[09:33:45] [main/DEBUG]: Skipping Lnet/minecraftforge/event/entity/EntityTeleportEvent$EnderPearl;
[09:33:45] [main/DEBUG]: Skipping Lnet/minecraftforge/event/entity/EntityTeleportEvent$EnderEntity;
[09:33:45] [main/DEBUG]: Skipping Lnet/minecraftforge/event/entity/EntityTeleportEvent$ChorusFruit;
[09:33:45] [main/DEBUG]: Skipping Lnet/minecraftforge/event/entity/EntityStruckByLightningEvent;
[09:33:45] [main/DEBUG]: Skipping Lnet/minecraftforge/event/entity/EntityMountEvent;
[09:33:45] [main/DEBUG]: Skipping Lnet/minecraftforge/event/entity/EntityMobGriefingEvent;
[09:33:45] [main/DEBUG]: Skipping Lnet/minecraftforge/event/entity/EntityLeaveLevelEvent;
[09:33:45] [main/DEBUG]: Skipping Lnet/minecraftforge/event/entity/EntityJoinLevelEvent;
[09:33:45] [main/DEBUG]: Skipping Lnet/minecraftforge/event/entity/EntityEvent;
[09:33:45] [main/DEBUG]: Skipping Lnet/minecraftforge/event/entity/EntityEvent$EntityConstructing;
[09:33:45] [main/DEBUG]: Skipping Lnet/minecraftforge/event/entity/EntityEvent$EnteringSection;
[09:33:45] [main/DEBUG]: Skipping Lnet/minecraftforge/event/entity/EntityAttributeModificationEvent;
[09:33:45] [main/DEBUG]: Skipping Lnet/minecraftforge/event/entity/EntityAttributeCreationEvent;
[09:33:45] [main/DEBUG]: Skipping Lnet/minecraftforge/event/enchanting/EnchantmentLevelSetEvent;
[09:33:45] [main/DEBUG]: Skipping Lnet/minecraftforge/event/brewing/PotionBrewEvent;
[09:33:45] [main/DEBUG]: Skipping Lnet/minecraftforge/event/brewing/PotionBrewEvent$Pre;
[09:33:45] [main/DEBUG]: Skipping Lnet/minecraftforge/event/brewing/PotionBrewEvent$Post;
[09:33:45] [main/DEBUG]: Skipping Lnet/minecraftforge/event/brewing/PlayerBrewedPotionEvent;
[09:33:45] [main/DEBUG]: Skipping Lnet/minecraftforge/event/brewing/BrewingRecipeRegisterEvent;
[09:33:45] [main/DEBUG]: Skipping Lnet/minecraftforge/event/VanillaGameEvent;
[09:33:45] [main/DEBUG]: Skipping Lnet/minecraftforge/event/TickEvent;
[09:33:45] [main/DEBUG]: Skipping Lnet/minecraftforge/event/TickEvent$Type;
[09:33:45] [main/DEBUG]: Skipping Lnet/minecraftforge/event/TickEvent$ServerTickEvent;
[09:33:45] [main/DEBUG]: Skipping Lnet/minecraftforge/event/TickEvent$ServerTickEvent$Pre;
[09:33:45] [main/DEBUG]: Skipping Lnet/minecraftforge/event/TickEvent$ServerTickEvent$Post;
[09:33:45] [main/DEBUG]: Skipping Lnet/minecraftforge/event/TickEvent$RenderTickEvent;
[09:33:45] [main/DEBUG]: Skipping Lnet/minecraftforge/event/TickEvent$RenderTickEvent$Pre;
[09:33:45] [main/DEBUG]: Skipping Lnet/minecraftforge/event/TickEvent$RenderTickEvent$Post;
[09:33:45] [main/DEBUG]: Skipping Lnet/minecraftforge/event/TickEvent$PlayerTickEvent;
[09:33:45] [main/DEBUG]: Skipping Lnet/minecraftforge/event/TickEvent$PlayerTickEvent$Pre;
[09:33:45] [main/DEBUG]: Skipping Lnet/minecraftforge/event/TickEvent$PlayerTickEvent$Post;
[09:33:45] [main/DEBUG]: Skipping Lnet/minecraftforge/event/TickEvent$Phase;
[09:33:45] [main/DEBUG]: Skipping Lnet/minecraftforge/event/TickEvent$LevelTickEvent;
[09:33:45] [main/DEBUG]: Skipping Lnet/minecraftforge/event/TickEvent$LevelTickEvent$Pre;
[09:33:45] [main/DEBUG]: Skipping Lnet/minecraftforge/event/TickEvent$LevelTickEvent$Post;
[09:33:45] [main/DEBUG]: Skipping Lnet/minecraftforge/event/TickEvent$ClientTickEvent;
[09:33:45] [main/DEBUG]: Skipping Lnet/minecraftforge/event/TickEvent$ClientTickEvent$Pre;
[09:33:45] [main/DEBUG]: Skipping Lnet/minecraftforge/event/TickEvent$ClientTickEvent$Post;
[09:33:45] [main/DEBUG]: Skipping Lnet/minecraftforge/event/TagsUpdatedEvent;
[09:33:45] [main/DEBUG]: Skipping Lnet/minecraftforge/event/TagsUpdatedEvent$UpdateCause;
[09:33:45] [main/DEBUG]: Skipping Lnet/minecraftforge/event/ServerChatEvent;
[09:33:45] [main/DEBUG]: Skipping Lnet/minecraftforge/event/RegisterStructureConversionsEvent;
[09:33:45] [main/DEBUG]: Skipping Lnet/minecraftforge/event/RegisterGameTestsEvent;
[09:33:45] [main/DEBUG]: Skipping Lnet/minecraftforge/event/RegisterCommandsEvent;
[09:33:45] [main/DEBUG]: Skipping Lnet/minecraftforge/event/PlayLevelSoundEvent;
[09:33:45] [main/DEBUG]: Skipping Lnet/minecraftforge/event/PlayLevelSoundEvent$AtPosition;
[09:33:45] [main/DEBUG]: Skipping Lnet/minecraftforge/event/PlayLevelSoundEvent$AtEntity;
[09:33:45] [main/DEBUG]: Skipping Lnet/minecraftforge/event/OnDatapackSyncEvent;
[09:33:45] [main/DEBUG]: Skipping Lnet/minecraftforge/event/ModMismatchEvent;
[09:33:45] [main/DEBUG]: Skipping Lnet/minecraftforge/event/ModMismatchEvent$MismatchedVersionInfo;
[09:33:45] [main/DEBUG]: Skipping Lnet/minecraftforge/event/ModMismatchEvent$MismatchResolutionResult;
[09:33:45] [main/DEBUG]: Skipping Lnet/minecraftforge/event/LootTableLoadEvent;
[09:33:45] [main/DEBUG]: Skipping Lnet/minecraftforge/event/ItemStackedOnOtherEvent;
[09:33:45] [main/DEBUG]: Skipping Lnet/minecraftforge/event/GrindstoneEvent;
[09:33:45] [main/DEBUG]: Skipping Lnet/minecraftforge/event/GrindstoneEvent$OnTakeItem;
[09:33:45] [main/DEBUG]: Skipping Lnet/minecraftforge/event/GrindstoneEvent$OnPlaceItem;
[09:33:45] [main/DEBUG]: Skipping Lnet/minecraftforge/event/GatherComponentsEvent;
[09:33:45] [main/DEBUG]: Skipping Lnet/minecraftforge/event/GatherComponentsEvent$Item;
[09:33:45] [main/DEBUG]: Skipping Lnet/minecraftforge/event/GameShuttingDownEvent;
[09:33:45] [main/DEBUG]: Skipping Lnet/minecraftforge/event/ForgeEventFactory;
[09:33:45] [main/DEBUG]: Skipping Lnet/minecraftforge/event/DifficultyChangeEvent;
[09:33:45] [main/DEBUG]: Skipping Lnet/minecraftforge/event/CommandEvent;
[09:33:45] [main/DEBUG]: Skipping Lnet/minecraftforge/event/BuildCreativeModeTabContentsEvent;
[09:33:45] [main/DEBUG]: Skipping Lnet/minecraftforge/event/AttachCapabilitiesEvent;
[09:33:45] [main/DEBUG]: Skipping Lnet/minecraftforge/event/AnvilUpdateEvent;
[09:33:45] [main/DEBUG]: Skipping Lnet/minecraftforge/event/AddReloadListenerEvent;
[09:33:45] [main/DEBUG]: Skipping Lnet/minecraftforge/event/AddReloadListenerEvent$WrappedStateAwareListener;
[09:33:45] [main/DEBUG]: Skipping Lnet/minecraftforge/event/AddPackFindersEvent;
[09:33:45] [main/DEBUG]: Skipping Lnet/minecraftforge/entity/PartEntity;
[09:33:45] [main/DEBUG]: Skipping Lnet/minecraftforge/entity/IEntityAdditionalSpawnData;
[09:33:45] [main/DEBUG]: Skipping Lnet/minecraftforge/energy/IEnergyStorage;
[09:33:45] [main/DEBUG]: Skipping Lnet/minecraftforge/energy/EnergyStorage;
[09:33:45] [main/DEBUG]: Skipping Lnet/minecraftforge/energy/EmptyEnergyStorage;
[09:33:45] [main/DEBUG]: Skipping Lnet/minecraftforge/data/loading/DatagenModLoader;
[09:33:45] [main/DEBUG]: Skipping Lnet/minecraftforge/data/event/GatherDataEvent;
[09:33:45] [main/DEBUG]: Skipping Lnet/minecraftforge/data/event/GatherDataEvent$DataGeneratorConfig;
[09:33:45] [main/DEBUG]: Skipping Lnet/minecraftforge/common/world/StructureSettingsBuilder;
[09:33:45] [main/DEBUG]: Skipping Lnet/minecraftforge/common/world/StructureSettingsBuilder$StructureSpawnOverrideBuilder;
[09:33:45] [main/DEBUG]: Skipping Lnet/minecraftforge/common/world/StructureModifier;
[09:33:45] [main/DEBUG]: Skipping Lnet/minecraftforge/common/world/StructureModifier$Phase;
[09:33:45] [main/DEBUG]: Skipping Lnet/minecraftforge/common/world/PieceBeardifierModifier;
[09:33:45] [main/DEBUG]: Skipping Lnet/minecraftforge/common/world/NoneStructureModifier;
[09:33:45] [main/DEBUG]: Skipping Lnet/minecraftforge/common/world/NoneBiomeModifier;
[09:33:45] [main/DEBUG]: Skipping Lnet/minecraftforge/common/world/ModifiableStructureInfo;
[09:33:45] [main/DEBUG]: Skipping Lnet/minecraftforge/common/world/ModifiableStructureInfo$StructureInfo;
[09:33:45] [main/DEBUG]: Skipping Lnet/minecraftforge/common/world/ModifiableStructureInfo$StructureInfo$Builder;
[09:33:45] [main/DEBUG]: Skipping Lnet/minecraftforge/common/world/ModifiableBiomeInfo;
[09:33:45] [main/DEBUG]: Skipping Lnet/minecraftforge/common/world/ModifiableBiomeInfo$BiomeInfo;
[09:33:45] [main/DEBUG]: Skipping Lnet/minecraftforge/common/world/ModifiableBiomeInfo$BiomeInfo$Builder;
[09:33:45] [main/DEBUG]: Skipping Lnet/minecraftforge/common/world/MobSpawnSettingsBuilder;
[09:33:45] [main/DEBUG]: Skipping Lnet/minecraftforge/common/world/ForgeChunkManager;
[09:33:45] [main/DEBUG]: Skipping Lnet/minecraftforge/common/world/ForgeChunkManager$TicketTracker;
[09:33:45] [main/DEBUG]: Skipping Lnet/minecraftforge/common/world/ForgeChunkManager$TicketOwner;
[09:33:45] [main/DEBUG]: Skipping Lnet/minecraftforge/common/world/ForgeChunkManager$TicketHelper;
[09:33:45] [main/DEBUG]: Skipping Lnet/minecraftforge/common/world/ForgeChunkManager$LoadingValidationCallback;
[09:33:45] [main/DEBUG]: Skipping Lnet/minecraftforge/common/world/ForgeBiomeModifiers;
[09:33:45] [main/DEBUG]: Skipping Lnet/minecraftforge/common/world/ForgeBiomeModifiers$RemoveSpawnsBiomeModifier;
[09:33:45] [main/DEBUG]: Skipping Lnet/minecraftforge/common/world/ForgeBiomeModifiers$RemoveFeaturesBiomeModifier;
[09:33:45] [main/DEBUG]: Skipping Lnet/minecraftforge/common/world/ForgeBiomeModifiers$AddSpawnsBiomeModifier;
[09:33:45] [main/DEBUG]: Skipping Lnet/minecraftforge/common/world/ForgeBiomeModifiers$AddFeaturesBiomeModifier;
[09:33:45] [main/DEBUG]: Skipping Lnet/minecraftforge/common/world/ClimateSettingsBuilder;
[09:33:45] [main/DEBUG]: Skipping Lnet/minecraftforge/common/world/BiomeSpecialEffectsBuilder;
[09:33:45] [main/DEBUG]: Skipping Lnet/minecraftforge/common/world/BiomeModifier;
[09:33:45] [main/DEBUG]: Skipping Lnet/minecraftforge/common/world/BiomeModifier$Phase;
[09:33:45] [main/DEBUG]: Skipping Lnet/minecraftforge/common/world/BiomeGenerationSettingsBuilder;
[09:33:45] [main/DEBUG]: Skipping Lnet/minecraftforge/common/util/TriPredicate;
[09:33:45] [main/DEBUG]: Skipping Lnet/minecraftforge/common/util/TransformationHelper;
[09:33:45] [main/DEBUG]: Skipping Lnet/minecraftforge/common/util/TransformationHelper$TransformOrigin;
[09:33:45] [main/DEBUG]: Skipping Lnet/minecraftforge/common/util/TransformationHelper$Deserializer;
[09:33:45] [main/DEBUG]: Skipping Lnet/minecraftforge/common/util/TextTable;
[09:33:45] [main/DEBUG]: Skipping Lnet/minecraftforge/common/util/TextTable$Row;
[09:33:45] [main/DEBUG]: Skipping Lnet/minecraftforge/common/util/TextTable$Column;
[09:33:45] [main/DEBUG]: Skipping Lnet/minecraftforge/common/util/TextTable$Alignment;
[09:33:45] [main/DEBUG]: Skipping Lnet/minecraftforge/common/util/TablePrinter;
[09:33:45] [main/DEBUG]: Skipping Lnet/minecraftforge/common/util/TablePrinter$Header;
[09:33:45] [main/DEBUG]: Skipping Lnet/minecraftforge/common/util/SortedProperties;
[09:33:45] [main/DEBUG]: Skipping Lnet/minecraftforge/common/util/Size2i;
[09:33:45] [main/DEBUG]: Skipping Lnet/minecraftforge/common/util/RecipeMatcher;
[09:33:45] [main/DEBUG]: Skipping Lnet/minecraftforge/common/util/PacketLogger;
[09:33:45] [main/DEBUG]: Skipping Lnet/minecraftforge/common/util/NonNullSupplier;
[09:33:45] [main/DEBUG]: Skipping Lnet/minecraftforge/common/util/NonNullPredicate;
[09:33:45] [main/DEBUG]: Skipping Lnet/minecraftforge/common/util/NonNullLazy;
[09:33:45] [main/DEBUG]: Skipping Lnet/minecraftforge/common/util/NonNullFunction;
[09:33:45] [main/DEBUG]: Skipping Lnet/minecraftforge/common/util/NonNullConsumer;
[09:33:45] [main/DEBUG]: Skipping Lnet/minecraftforge/common/util/MutableHashedLinkedMap;
[09:33:45] [main/DEBUG]: Skipping Lnet/minecraftforge/common/util/MutableHashedLinkedMap$MergeFunction;
[09:33:45] [main/DEBUG]: Skipping Lnet/minecraftforge/common/util/MutableHashedLinkedMap$IdentityStrategy;
[09:33:45] [main/DEBUG]: Skipping Lnet/minecraftforge/common/util/MutableHashedLinkedMap$Entry;
[09:33:45] [main/DEBUG]: Skipping Lnet/minecraftforge/common/util/MutableHashedLinkedMap$BasicStrategy;
[09:33:45] [main/DEBUG]: Skipping Lnet/minecraftforge/common/util/MutableHashedLinkedMap$1;
[09:33:45] [main/DEBUG]: Skipping Lnet/minecraftforge/common/util/MavenVersionStringHelper;
[09:33:45] [main/DEBUG]: Skipping Lnet/minecraftforge/common/util/LogicalSidedProvider;
[09:33:45] [main/DEBUG]: Skipping Lnet/minecraftforge/common/util/LogMessageAdapter;
[09:33:45] [main/DEBUG]: Skipping Lnet/minecraftforge/common/util/LevelCapabilityData;
[09:33:45] [main/DEBUG]: Skipping Lnet/minecraftforge/common/util/LazyOptional;
[09:33:45] [main/DEBUG]: Skipping Lnet/minecraftforge/common/util/Lazy;
[09:33:45] [main/DEBUG]: Skipping Lnet/minecraftforge/common/util/Lazy$Fast;
[09:33:45] [main/DEBUG]: Skipping Lnet/minecraftforge/common/util/Lazy$Concurrent;
[09:33:45] [main/DEBUG]: Skipping Lnet/minecraftforge/common/util/JsonUtils;
[09:33:45] [main/DEBUG]: Skipping Lnet/minecraftforge/common/util/JsonUtils$ImmutableMapTypeAdapter;
[09:33:45] [main/DEBUG]: Skipping Lnet/minecraftforge/common/util/JsonUtils$ImmutableListTypeAdapter;
[09:33:45] [main/DEBUG]: Skipping Lnet/minecraftforge/common/util/JsonUtils$4;
[09:33:45] [main/DEBUG]: Skipping Lnet/minecraftforge/common/util/JsonUtils$3;
[09:33:45] [main/DEBUG]: Skipping Lnet/minecraftforge/common/util/JsonUtils$2;
[09:33:45] [main/DEBUG]: Skipping Lnet/minecraftforge/common/util/JsonUtils$1;
[09:33:45] [main/DEBUG]: Skipping Lnet/minecraftforge/common/util/ItemStackMap;
[09:33:45] [main/DEBUG]: Skipping Lnet/minecraftforge/common/util/INBTSerializable;
[09:33:45] [main/DEBUG]: Skipping Lnet/minecraftforge/common/util/INBTBuilder;
[09:33:45] [main/DEBUG]: Skipping Lnet/minecraftforge/common/util/INBTBuilder$Builder;
[09:33:45] [main/DEBUG]: Skipping Lnet/minecraftforge/common/util/HexDumper;
[09:33:45] [main/DEBUG]: Skipping Lnet/minecraftforge/common/util/HexDumper$Instance;
[09:33:45] [main/DEBUG]: Skipping Lnet/minecraftforge/common/util/ForgeSoundType;
[09:33:45] [main/DEBUG]: Skipping Lnet/minecraftforge/common/util/DummySavedData;
[09:33:45] [main/DEBUG]: Skipping Lnet/minecraftforge/common/util/ConcatenatedListView;
[09:33:45] [main/DEBUG]: Skipping Lnet/minecraftforge/common/util/ClearableLazy;
[09:33:45] [main/DEBUG]: Skipping Lnet/minecraftforge/common/util/ClearableLazy$Fast;
[09:33:45] [main/DEBUG]: Skipping Lnet/minecraftforge/common/util/ClearableLazy$Concurrent;
[09:33:45] [main/DEBUG]: Skipping Lnet/minecraftforge/common/util/CenterChunkPosComparator;
[09:33:45] [main/DEBUG]: Skipping Lnet/minecraftforge/common/util/BrainBuilder;
[09:33:45] [main/DEBUG]: Skipping Lnet/minecraftforge/common/util/BlockSnapshot;
[09:33:45] [main/DEBUG]: Skipping Lnet/minecraftforge/common/ticket/SimpleTicket;
[09:33:45] [main/DEBUG]: Skipping Lnet/minecraftforge/common/ticket/ITicketManager;
[09:33:45] [main/DEBUG]: Skipping Lnet/minecraftforge/common/ticket/ITicketGetter;
[09:33:45] [main/DEBUG]: Skipping Lnet/minecraftforge/common/ticket/ChunkTicketManager;
[09:33:45] [main/DEBUG]: Skipping Lnet/minecraftforge/common/ticket/AABBTicket;
[09:33:45] [main/DEBUG]: Skipping Lnet/minecraftforge/common/property/Properties;
[09:33:45] [main/DEBUG]: Skipping Lnet/minecraftforge/common/loot/LootTableIdCondition;
[09:33:45] [main/DEBUG]: Skipping Lnet/minecraftforge/common/loot/LootTableIdCondition$Builder;
[09:33:45] [main/DEBUG]: Skipping Lnet/minecraftforge/common/loot/LootModifierManager;
[09:33:45] [main/DEBUG]: Skipping Lnet/minecraftforge/common/loot/LootModifier;
[09:33:45] [main/DEBUG]: Skipping Lnet/minecraftforge/common/loot/IGlobalLootModifier;
[09:33:45] [main/DEBUG]: Skipping Lnet/minecraftforge/common/loot/CanToolPerformAction;
[09:33:45] [main/DEBUG]: Skipping Lnet/minecraftforge/common/extensions/IForgeTransformation;
[09:33:45] [main/DEBUG]: Skipping Lnet/minecraftforge/common/extensions/IForgeTagAppender;
[09:33:45] [main/DEBUG]: Skipping Lnet/minecraftforge/common/extensions/IForgeServerPlayer;
[09:33:45] [main/DEBUG]: Skipping Lnet/minecraftforge/common/extensions/IForgeRawTagBuilder;
[09:33:45] [main/DEBUG]: Skipping Lnet/minecraftforge/common/extensions/IForgePlayer;
[09:33:45] [main/DEBUG]: Skipping Lnet/minecraftforge/common/extensions/IForgePackResources;
[09:33:45] [main/DEBUG]: Skipping Lnet/minecraftforge/common/extensions/IForgeMobEffect;
[09:33:45] [main/DEBUG]: Skipping Lnet/minecraftforge/common/extensions/IForgeMenuType;
[09:33:45] [main/DEBUG]: Skipping Lnet/minecraftforge/common/extensions/IForgeLivingEntity;
[09:33:45] [main/DEBUG]: Skipping Lnet/minecraftforge/common/extensions/IForgeLevelChunk;
[09:33:45] [main/DEBUG]: Skipping Lnet/minecraftforge/common/extensions/IForgeLevel;
[09:33:45] [main/DEBUG]: Skipping Lnet/minecraftforge/common/extensions/IForgeItemStack;
[09:33:45] [main/DEBUG]: Skipping Lnet/minecraftforge/common/extensions/IForgeItem;
[09:33:45] [main/DEBUG]: Skipping Lnet/minecraftforge/common/extensions/IForgeIntrinsicHolderTagAppender;
[09:33:45] [main/DEBUG]: Skipping Lnet/minecraftforge/common/extensions/IForgeHolderSet;
[09:33:45] [main/DEBUG]: Skipping Lnet/minecraftforge/common/extensions/IForgeHolderSet$SerializationType;
[09:33:45] [main/DEBUG]: Skipping Lnet/minecraftforge/common/extensions/IForgeGameTestHelper;
[09:33:45] [main/DEBUG]: Skipping Lnet/minecraftforge/common/extensions/IForgeGameTestHelper$1;
[09:33:45] [main/DEBUG]: Skipping Lnet/minecraftforge/common/extensions/IForgeFluidState;
[09:33:45] [main/DEBUG]: Skipping Lnet/minecraftforge/common/extensions/IForgeFluid;
[09:33:45] [main/DEBUG]: Skipping Lnet/minecraftforge/common/extensions/IForgeEntity;
[09:33:45] [main/DEBUG]: Skipping Lnet/minecraftforge/common/extensions/IForgeDispensibleContainerItem;
[09:33:45] [main/DEBUG]: Skipping Lnet/minecraftforge/common/extensions/IForgeCommandSourceStack;
[09:33:45] [main/DEBUG]: Skipping Lnet/minecraftforge/common/extensions/IForgeBucketPickup;
[09:33:45] [main/DEBUG]: Skipping Lnet/minecraftforge/common/extensions/IForgeBoat;
[09:33:45] [main/DEBUG]: Skipping Lnet/minecraftforge/common/extensions/IForgeBlockState;
[09:33:45] [main/DEBUG]: Skipping Lnet/minecraftforge/common/extensions/IForgeBlockGetter;
[09:33:45] [main/DEBUG]: Skipping Lnet/minecraftforge/common/extensions/IForgeBlockEntity;
[09:33:45] [main/DEBUG]: Skipping Lnet/minecraftforge/common/extensions/IForgeBlock;
[09:33:45] [main/DEBUG]: Skipping Lnet/minecraftforge/common/extensions/IForgeBaseRailBlock;
[09:33:45] [main/DEBUG]: Skipping Lnet/minecraftforge/common/extensions/IForgeAbstractMinecart;
[09:33:45] [main/DEBUG]: Skipping Lnet/minecraftforge/common/data/package-info;
[09:33:45] [main/DEBUG]: Skipping Lnet/minecraftforge/common/data/VanillaSoundDefinitionsProvider;
[09:33:45] [main/DEBUG]: Skipping Lnet/minecraftforge/common/data/SpriteSourceProvider;
[09:33:45] [main/DEBUG]: Skipping Lnet/minecraftforge/common/data/SpriteSourceProvider$SourceList;
[09:33:45] [main/DEBUG]: Skipping Lnet/minecraftforge/common/data/SoundDefinitionsProvider;
[09:33:45] [main/DEBUG]: Skipping Lnet/minecraftforge/common/data/SoundDefinitionsProvider$1;
[09:33:45] [main/DEBUG]: Skipping Lnet/minecraftforge/common/data/SoundDefinition;
[09:33:45] [main/DEBUG]: Skipping Lnet/minecraftforge/common/data/SoundDefinition$SoundType;
[09:33:45] [main/DEBUG]: Skipping Lnet/minecraftforge/common/data/SoundDefinition$Sound;
[09:33:45] [main/DEBUG]: Skipping Lnet/minecraftforge/common/data/ParticleDescriptionProvider;
[09:33:45] [main/DEBUG]: Skipping Lnet/minecraftforge/common/data/ParticleDescriptionProvider$1;
[09:33:45] [main/DEBUG]: Skipping Lnet/minecraftforge/common/data/LanguageProvider;
[09:33:45] [main/DEBUG]: Skipping Lnet/minecraftforge/common/data/JsonCodecProvider;
[09:33:45] [main/DEBUG]: Skipping Lnet/minecraftforge/common/data/GlobalLootModifierProvider;
[09:33:45] [main/DEBUG]: Skipping Lnet/minecraftforge/common/data/ForgeSpriteSourceProvider;
[09:33:45] [main/DEBUG]: Skipping Lnet/minecraftforge/common/data/ForgeRecipeProvider;
[09:33:45] [main/DEBUG]: Skipping Lnet/minecraftforge/common/data/ForgeRecipeProvider$1;
[09:33:45] [main/DEBUG]: Skipping Lnet/minecraftforge/common/data/ForgeLootTableProvider;
[09:33:45] [main/DEBUG]: Skipping Lnet/minecraftforge/common/data/ForgeItemTagsProvider;
[09:33:45] [main/DEBUG]: Skipping Lnet/minecraftforge/common/data/ForgeFluidTagsProvider;
[09:33:45] [main/DEBUG]: Skipping Lnet/minecraftforge/common/data/ForgeEntityTypeTagsProvider;
[09:33:45] [main/DEBUG]: Skipping Lnet/minecraftforge/common/data/ForgeBlockTagsProvider;
[09:33:45] [main/DEBUG]: Skipping Lnet/minecraftforge/common/data/ForgeBiomeTagsProvider;
[09:33:45] [main/DEBUG]: Skipping Lnet/minecraftforge/common/data/ForgeAdvancementProvider;
[09:33:45] [main/DEBUG]: Skipping Lnet/minecraftforge/common/data/ForgeAdvancementProvider$AdvancementGenerator;
[09:33:45] [main/DEBUG]: Skipping Lnet/minecraftforge/common/data/ExistingFileHelper;
[09:33:45] [main/DEBUG]: Skipping Lnet/minecraftforge/common/data/ExistingFileHelper$ResourceType;
[09:33:45] [main/DEBUG]: Skipping Lnet/minecraftforge/common/data/ExistingFileHelper$IResourceType;
[09:33:45] [main/DEBUG]: Skipping Lnet/minecraftforge/common/data/DatapackBuiltinEntriesProvider;
[09:33:45] [main/DEBUG]: Skipping Lnet/minecraftforge/common/data/BlockTagsProvider;
[09:33:45] [main/DEBUG]: Skipping Lnet/minecraftforge/common/crafting/package-info;
[09:33:45] [main/DEBUG]: Skipping Lnet/minecraftforge/common/crafting/ingredients/StrictNBTIngredient;
[09:33:45] [main/DEBUG]: Skipping Lnet/minecraftforge/common/crafting/ingredients/StrictNBTIngredient$1;
[09:33:45] [main/DEBUG]: Skipping Lnet/minecraftforge/common/crafting/ingredients/PartialNBTIngredient;
[09:33:45] [main/DEBUG]: Skipping Lnet/minecraftforge/common/crafting/ingredients/PartialNBTIngredient$Builder;
[09:33:45] [main/DEBUG]: Skipping Lnet/minecraftforge/common/crafting/ingredients/PartialNBTIngredient$1;
[09:33:45] [main/DEBUG]: Skipping Lnet/minecraftforge/common/crafting/ingredients/IntersectionIngredient;
[09:33:45] [main/DEBUG]: Skipping Lnet/minecraftforge/common/crafting/ingredients/IntersectionIngredient$1;
[09:33:45] [main/DEBUG]: Skipping Lnet/minecraftforge/common/crafting/ingredients/IIngredientSerializer;
[09:33:45] [main/DEBUG]: Skipping Lnet/minecraftforge/common/crafting/ingredients/IIngredientSerializer$1;
[09:33:45] [main/DEBUG]: Skipping Lnet/minecraftforge/common/crafting/ingredients/IIngredientBuilder;
[09:33:45] [main/DEBUG]: Skipping Lnet/minecraftforge/common/crafting/ingredients/DifferenceIngredient;
[09:33:45] [main/DEBUG]: Skipping Lnet/minecraftforge/common/crafting/ingredients/DifferenceIngredient$1;
[09:33:45] [main/DEBUG]: Skipping Lnet/minecraftforge/common/crafting/ingredients/CompoundIngredient;
[09:33:45] [main/DEBUG]: Skipping Lnet/minecraftforge/common/crafting/ingredients/CompoundIngredient$1;
[09:33:45] [main/DEBUG]: Skipping Lnet/minecraftforge/common/crafting/ingredients/AbstractIngredient;
[09:33:45] [main/DEBUG]: Skipping Lnet/minecraftforge/common/crafting/conditions/TrueCondition;
[09:33:45] [main/DEBUG]: Skipping Lnet/minecraftforge/common/crafting/conditions/TagEmptyCondition;
[09:33:45] [main/DEBUG]: Skipping Lnet/minecraftforge/common/crafting/conditions/OrCondition;
[09:33:45] [main/DEBUG]: Skipping Lnet/minecraftforge/common/crafting/conditions/NotCondition;
[09:33:45] [main/DEBUG]: Skipping Lnet/minecraftforge/common/crafting/conditions/ModLoadedCondition;
[09:33:45] [main/DEBUG]: Skipping Lnet/minecraftforge/common/crafting/conditions/ItemExistsCondition;
[09:33:45] [main/DEBUG]: Skipping Lnet/minecraftforge/common/crafting/conditions/IConditionBuilder;
[09:33:45] [main/DEBUG]: Skipping Lnet/minecraftforge/common/crafting/conditions/ICondition;
[09:33:45] [main/DEBUG]: Skipping Lnet/minecraftforge/common/crafting/conditions/ICondition$IContext;
[09:33:45] [main/DEBUG]: Skipping Lnet/minecraftforge/common/crafting/conditions/ICondition$IContext$2;
[09:33:45] [main/DEBUG]: Skipping Lnet/minecraftforge/common/crafting/conditions/ICondition$IContext$1;
[09:33:45] [main/DEBUG]: Skipping Lnet/minecraftforge/common/crafting/conditions/FalseCondition;
[09:33:45] [main/DEBUG]: Skipping Lnet/minecraftforge/common/crafting/conditions/ConditionContext;
[09:33:45] [main/DEBUG]: Skipping Lnet/minecraftforge/common/crafting/conditions/ConditionCodec;
[09:33:45] [main/DEBUG]: Skipping Lnet/minecraftforge/common/crafting/conditions/ConditionCodec$UnwrapDecoder;
[09:33:45] [main/DEBUG]: Skipping Lnet/minecraftforge/common/crafting/conditions/ConditionCodec$OptionalConditionalDecoder;
[09:33:45] [main/DEBUG]: Skipping Lnet/minecraftforge/common/crafting/conditions/AndCondition;
[09:33:45] [main/DEBUG]: Skipping Lnet/minecraftforge/common/crafting/SimpleCraftingContainer;
[09:33:45] [main/DEBUG]: Skipping Lnet/minecraftforge/common/crafting/SimpleCraftingContainer$Builder;
[09:33:45] [main/DEBUG]: Skipping Lnet/minecraftforge/common/crafting/IShapedRecipe;
[09:33:45] [main/DEBUG]: Skipping Lnet/minecraftforge/common/crafting/IRecipeContainer;
[09:33:45] [main/DEBUG]: Skipping Lnet/minecraftforge/common/crafting/ConditionalRecipe;
[09:33:45] [main/DEBUG]: Skipping Lnet/minecraftforge/common/crafting/ConditionalRecipe$Wrapper;
[09:33:45] [main/DEBUG]: Skipping Lnet/minecraftforge/common/crafting/ConditionalRecipe$InnerRecipe;
[09:33:45] [main/DEBUG]: Skipping Lnet/minecraftforge/common/crafting/ConditionalRecipe$InnerAdvancement;
[09:33:45] [main/DEBUG]: Skipping Lnet/minecraftforge/common/crafting/ConditionalRecipe$Holder;
[09:33:45] [main/DEBUG]: Skipping Lnet/minecraftforge/common/crafting/ConditionalRecipe$Builder;
[09:33:45] [main/DEBUG]: Skipping Lnet/minecraftforge/common/crafting/ConditionalRecipe$Builder$1;
[09:33:45] [main/DEBUG]: Skipping Lnet/minecraftforge/common/crafting/ConditionalRecipe$3;
[09:33:45] [main/DEBUG]: Skipping Lnet/minecraftforge/common/crafting/ConditionalRecipe$2;
[09:33:45] [main/DEBUG]: Skipping Lnet/minecraftforge/common/crafting/ConditionalRecipe$1;
[09:33:45] [main/DEBUG]: Skipping Lnet/minecraftforge/common/crafting/ConditionalAdvancement;
[09:33:45] [main/DEBUG]: Skipping Lnet/minecraftforge/common/crafting/ConditionalAdvancement$Builder;
[09:33:45] [main/DEBUG]: Skipping Lnet/minecraftforge/common/crafting/ConditionalAdvancement$Adv;
[09:33:45] [main/DEBUG]: Skipping Lnet/minecraftforge/common/command/IEntitySelectorType;
[09:33:45] [main/DEBUG]: Skipping Lnet/minecraftforge/common/command/EntitySelectorManager;
[09:33:45] [main/DEBUG]: Skipping Lnet/minecraftforge/common/capabilities/RegisterCapabilitiesEvent;
[09:33:45] [main/DEBUG]: Skipping Lnet/minecraftforge/common/capabilities/ICapabilitySerializable;
[09:33:45] [main/DEBUG]: Skipping Lnet/minecraftforge/common/capabilities/ICapabilityProviderImpl;
[09:33:45] [main/DEBUG]: Skipping Lnet/minecraftforge/common/capabilities/ICapabilityProvider;
[09:33:45] [main/DEBUG]: Skipping Lnet/minecraftforge/common/capabilities/ForgeCapabilities;
[09:33:45] [main/DEBUG]: Skipping Lnet/minecraftforge/common/capabilities/ForgeCapabilities$4;
[09:33:45] [main/DEBUG]: Skipping Lnet/minecraftforge/common/capabilities/ForgeCapabilities$3;
[09:33:45] [main/DEBUG]: Skipping Lnet/minecraftforge/common/capabilities/ForgeCapabilities$2;
[09:33:45] [main/DEBUG]: Skipping Lnet/minecraftforge/common/capabilities/ForgeCapabilities$1;
[09:33:45] [main/DEBUG]: Skipping Lnet/minecraftforge/common/capabilities/CapabilityToken;
[09:33:45] [main/DEBUG]: Skipping Lnet/minecraftforge/common/capabilities/CapabilityProvider;
[09:33:45] [main/DEBUG]: Skipping Lnet/minecraftforge/common/capabilities/CapabilityProvider$AsField;
[09:33:45] [main/DEBUG]: Skipping Lnet/minecraftforge/common/capabilities/CapabilityManager;
[09:33:45] [main/DEBUG]: Skipping Lnet/minecraftforge/common/capabilities/CapabilityManager$Key;
[09:33:45] [main/DEBUG]: Skipping Lnet/minecraftforge/common/capabilities/CapabilityDispatcher;
[09:33:45] [main/DEBUG]: Skipping Lnet/minecraftforge/common/capabilities/Capability;
[09:33:45] [main/DEBUG]: Skipping Lnet/minecraftforge/common/capabilities/AutoRegisterCapability;
[09:33:45] [main/DEBUG]: Skipping Lnet/minecraftforge/common/brewing/package-info;
[09:33:45] [main/DEBUG]: Skipping Lnet/minecraftforge/common/brewing/VanillaBrewingRecipe;
[09:33:45] [main/DEBUG]: Skipping Lnet/minecraftforge/common/brewing/IBrewingRecipe;
[09:33:45] [main/DEBUG]: Skipping Lnet/minecraftforge/common/brewing/BrewingRecipe;
[09:33:45] [main/DEBUG]: Skipping Lnet/minecraftforge/common/WorldWorkerManager;
[09:33:45] [main/DEBUG]: Skipping Lnet/minecraftforge/common/WorldWorkerManager$IWorker;
[09:33:45] [main/DEBUG]: Skipping Lnet/minecraftforge/common/VillagerTradingManager;
[09:33:45] [main/DEBUG]: Skipping Lnet/minecraftforge/common/UsernameCache;
[09:33:45] [main/DEBUG]: Skipping Lnet/minecraftforge/common/UsernameCache$SaveThread;
[09:33:45] [main/DEBUG]: Skipping Lnet/minecraftforge/common/UsernameCache$1;
[09:33:45] [main/DEBUG]: Skipping Lnet/minecraftforge/common/ToolActions;
[09:33:45] [main/DEBUG]: Skipping Lnet/minecraftforge/common/ToolAction;
[09:33:45] [main/DEBUG]: Skipping Lnet/minecraftforge/common/Tags;
[09:33:45] [main/DEBUG]: Skipping Lnet/minecraftforge/common/Tags$Items;
[09:33:45] [main/DEBUG]: Skipping Lnet/minecraftforge/common/Tags$Fluids;
[09:33:45] [main/DEBUG]: Skipping Lnet/minecraftforge/common/Tags$EntityTypes;
[09:33:45] [main/DEBUG]: Skipping Lnet/minecraftforge/common/Tags$Blocks;
[09:33:45] [main/DEBUG]: Skipping Lnet/minecraftforge/common/Tags$Biomes;
[09:33:45] [main/DEBUG]: Skipping Lnet/minecraftforge/common/SoundActions;
[09:33:45] [main/DEBUG]: Skipping Lnet/minecraftforge/common/SoundAction;
[09:33:45] [main/DEBUG]: Skipping Lnet/minecraftforge/common/PlantType;
[09:33:45] [main/DEBUG]: Skipping Lnet/minecraftforge/common/MinecraftForge;
[09:33:45] [main/DEBUG]: Skipping Lnet/minecraftforge/common/LenientUnboundedMapCodec;
[09:33:45] [main/DEBUG]: Skipping Lnet/minecraftforge/common/IPlantable;
[09:33:45] [main/DEBUG]: Skipping Lnet/minecraftforge/common/IMinecartCollisionHandler;
[09:33:45] [main/DEBUG]: Skipping Lnet/minecraftforge/common/IForgeShearable;
[09:33:45] [main/DEBUG]: Skipping Lnet/minecraftforge/common/IExtensibleEnum;
[09:33:45] [main/DEBUG]: Skipping Lnet/minecraftforge/common/ForgeTier;
[09:33:45] [main/DEBUG]: Skipping Lnet/minecraftforge/common/ForgeStatesProvider;
[09:33:45] [main/DEBUG]: Skipping Lnet/minecraftforge/common/ForgeSpawnEggItem;
[09:33:45] [main/DEBUG]: Skipping Lnet/minecraftforge/common/ForgeSpawnEggItem$CommonHandler;
[09:33:45] [main/DEBUG]: Skipping Lnet/minecraftforge/common/ForgeSpawnEggItem$ColorRegisterHandler;
[09:33:45] [main/DEBUG]: Skipping Lnet/minecraftforge/common/ForgeMod;
[09:33:45] [main/DEBUG]: Skipping Lnet/minecraftforge/common/ForgeMod$4;
[09:33:45] [main/DEBUG]: Skipping Lnet/minecraftforge/common/ForgeMod$4$1;
[09:33:45] [main/DEBUG]: Skipping Lnet/minecraftforge/common/ForgeMod$3;
[09:33:45] [main/DEBUG]: Skipping Lnet/minecraftforge/common/ForgeMod$3$1;
[09:33:45] [main/DEBUG]: Skipping Lnet/minecraftforge/common/ForgeMod$2;
[09:33:45] [main/DEBUG]: Skipping Lnet/minecraftforge/common/ForgeMod$2$1;
[09:33:45] [main/DEBUG]: Skipping Lnet/minecraftforge/common/ForgeMod$1;
[09:33:45] [main/DEBUG]: Skipping Lnet/minecraftforge/common/ForgeInternalHandler;
[09:33:45] [main/DEBUG]: Skipping Lnet/minecraftforge/common/ForgeI18n;
[09:33:45] [main/DEBUG]: Skipping Lnet/minecraftforge/common/ForgeI18n$CustomReadOnlyFormat;
[09:33:45] [main/DEBUG]: Skipping Lnet/minecraftforge/common/ForgeHooks;
[09:33:45] [main/DEBUG]: Skipping Lnet/minecraftforge/common/ForgeHooks$BiomeCallbackFunction;
[09:33:45] [main/DEBUG]: Skipping Lnet/minecraftforge/common/ForgeHooks$2;
[09:33:45] [main/DEBUG]: Skipping Lnet/minecraftforge/common/ForgeHooks$1;
[09:33:45] [main/DEBUG]: Skipping Lnet/minecraftforge/common/ForgeConfigSpec;
[09:33:45] [main/DEBUG]: Skipping Lnet/minecraftforge/common/ForgeConfigSpec$ValueSpec;
[09:33:45] [main/DEBUG]: Skipping Lnet/minecraftforge/common/ForgeConfigSpec$ShortValue;
[09:33:45] [main/DEBUG]: Skipping Lnet/minecraftforge/common/ForgeConfigSpec$Range;
[09:33:45] [main/DEBUG]: Skipping Lnet/minecraftforge/common/ForgeConfigSpec$LongValue;
[09:33:45] [main/DEBUG]: Skipping Lnet/minecraftforge/common/ForgeConfigSpec$IntValue;
[09:33:45] [main/DEBUG]: Skipping Lnet/minecraftforge/common/ForgeConfigSpec$FloatValue;
[09:33:45] [main/DEBUG]: Skipping Lnet/minecraftforge/common/ForgeConfigSpec$EnumValue;
[09:33:45] [main/DEBUG]: Skipping Lnet/minecraftforge/common/ForgeConfigSpec$DoubleValue;
[09:33:45] [main/DEBUG]: Skipping Lnet/minecraftforge/common/ForgeConfigSpec$ConfigValue;
[09:33:45] [main/DEBUG]: Skipping Lnet/minecraftforge/common/ForgeConfigSpec$ByteValue;
[09:33:45] [main/DEBUG]: Skipping Lnet/minecraftforge/common/ForgeConfigSpec$BuilderContext;
[09:33:45] [main/DEBUG]: Skipping Lnet/minecraftforge/common/ForgeConfigSpec$Builder;
[09:33:45] [main/DEBUG]: Skipping Lnet/minecraftforge/common/ForgeConfigSpec$Builder$BuilderConsumer;
[09:33:45] [main/DEBUG]: Skipping Lnet/minecraftforge/common/ForgeConfigSpec$Builder$2;
[09:33:45] [main/DEBUG]: Skipping Lnet/minecraftforge/common/ForgeConfigSpec$Builder$1;
[09:33:45] [main/DEBUG]: Skipping Lnet/minecraftforge/common/ForgeConfigSpec$BooleanValue;
[09:33:45] [main/DEBUG]: Skipping Lnet/minecraftforge/common/ForgeConfig;
[09:33:45] [main/DEBUG]: Skipping Lnet/minecraftforge/common/ForgeConfig$Server;
[09:33:45] [main/DEBUG]: Skipping Lnet/minecraftforge/common/ForgeConfig$Common;
[09:33:45] [main/DEBUG]: Skipping Lnet/minecraftforge/common/ForgeConfig$Client;
[09:33:45] [main/DEBUG]: Skipping Lnet/minecraftforge/common/FarmlandWaterManager;
[09:33:45] [main/DEBUG]: Skipping Lnet/minecraftforge/common/DungeonHooks;
[09:33:45] [main/DEBUG]: Skipping Lnet/minecraftforge/common/DungeonHooks$DungeonMob;
[09:33:45] [main/DEBUG]: Skipping Lnet/minecraftforge/common/CreativeModeTabRegistry;
[09:33:45] [main/DEBUG]: Skipping Lnet/minecraftforge/common/CreativeModeTabRegistry$1;
[09:33:45] [main/DEBUG]: Skipping Lnet/minecraftforge/common/BiomeManager;
[09:33:45] [main/DEBUG]: Skipping Lnet/minecraftforge/common/BiomeManager$TrackedList;
[09:33:45] [main/DEBUG]: Skipping Lnet/minecraftforge/common/BiomeManager$BiomeType;
[09:33:45] [main/DEBUG]: Skipping Lnet/minecraftforge/common/BiomeManager$BiomeEntry;
[09:33:45] [main/DEBUG]: Skipping Lnet/minecraftforge/client/textures/UnitTextureAtlasSprite;
[09:33:45] [main/DEBUG]: Skipping Lnet/minecraftforge/client/textures/TextureAtlasSpriteLoaderManager;
[09:33:45] [main/DEBUG]: Skipping Lnet/minecraftforge/client/textures/ITextureAtlasSpriteLoader;
[09:33:45] [main/DEBUG]: Skipping Lnet/minecraftforge/client/textures/ForgeTextureMetadata;
[09:33:45] [main/DEBUG]: Skipping Lnet/minecraftforge/client/textures/ForgeTextureMetadata$Serializer;
[09:33:45] [main/DEBUG]: Skipping Lnet/minecraftforge/client/settings/KeyModifier;
[09:33:45] [main/DEBUG]: Skipping Lnet/minecraftforge/client/settings/KeyModifier$4;
[09:33:45] [main/DEBUG]: Skipping Lnet/minecraftforge/client/settings/KeyModifier$3;
[09:33:45] [main/DEBUG]: Skipping Lnet/minecraftforge/client/settings/KeyModifier$2;
[09:33:45] [main/DEBUG]: Skipping Lnet/minecraftforge/client/settings/KeyModifier$1;
[09:33:45] [main/DEBUG]: Skipping Lnet/minecraftforge/client/settings/KeyMappingLookup;
[09:33:45] [main/DEBUG]: Skipping Lnet/minecraftforge/client/settings/KeyConflictContext;
[09:33:45] [main/DEBUG]: Skipping Lnet/minecraftforge/client/settings/KeyConflictContext$3;
[09:33:45] [main/DEBUG]: Skipping Lnet/minecraftforge/client/settings/KeyConflictContext$2;
[09:33:45] [main/DEBUG]: Skipping Lnet/minecraftforge/client/settings/KeyConflictContext$1;
[09:33:45] [main/DEBUG]: Skipping Lnet/minecraftforge/client/settings/IKeyConflictContext;
[09:33:45] [main/DEBUG]: Skipping Lnet/minecraftforge/client/model/renderable/ITextureRenderTypeLookup;
[09:33:45] [main/DEBUG]: Skipping Lnet/minecraftforge/client/model/renderable/IRenderable;
[09:33:45] [main/DEBUG]: Skipping Lnet/minecraftforge/client/model/renderable/CompositeRenderable;
[09:33:45] [main/DEBUG]: Skipping Lnet/minecraftforge/client/model/renderable/CompositeRenderable$Transforms;
[09:33:45] [main/DEBUG]: Skipping Lnet/minecraftforge/client/model/renderable/CompositeRenderable$PartBuilder;
[09:33:45] [main/DEBUG]: Skipping Lnet/minecraftforge/client/model/renderable/CompositeRenderable$Mesh;
[09:33:45] [main/DEBUG]: Skipping Lnet/minecraftforge/client/model/renderable/CompositeRenderable$Component;
[09:33:45] [main/DEBUG]: Skipping Lnet/minecraftforge/client/model/renderable/CompositeRenderable$Builder;
[09:33:45] [main/DEBUG]: Skipping Lnet/minecraftforge/client/model/renderable/BakedModelRenderable;
[09:33:45] [main/DEBUG]: Skipping Lnet/minecraftforge/client/model/renderable/BakedModelRenderable$Context;
[09:33:45] [main/DEBUG]: Skipping Lnet/minecraftforge/client/model/pipeline/package-info;
[09:33:45] [main/DEBUG]: Skipping Lnet/minecraftforge/client/model/pipeline/VertexConsumerWrapper;
[09:33:45] [main/DEBUG]: Skipping Lnet/minecraftforge/client/model/pipeline/TransformingVertexPipeline;
[09:33:45] [main/DEBUG]: Skipping Lnet/minecraftforge/client/model/pipeline/QuadBakingVertexConsumer;
[09:33:45] [main/DEBUG]: Skipping Lnet/minecraftforge/client/model/pipeline/QuadBakingVertexConsumer$Buffered;
[09:33:45] [main/DEBUG]: Skipping Lnet/minecraftforge/client/model/package-info;
[09:33:45] [main/DEBUG]: Skipping Lnet/minecraftforge/client/model/obj/package-info;
[09:33:45] [main/DEBUG]: Skipping Lnet/minecraftforge/client/model/obj/ObjTokenizer;
[09:33:45] [main/DEBUG]: Skipping Lnet/minecraftforge/client/model/obj/ObjModel;
[09:33:45] [main/DEBUG]: Skipping Lnet/minecraftforge/client/model/obj/ObjModel$ModelSettings;
[09:33:45] [main/DEBUG]: Skipping Lnet/minecraftforge/client/model/obj/ObjModel$ModelObject;
[09:33:45] [main/DEBUG]: Skipping Lnet/minecraftforge/client/model/obj/ObjModel$ModelMesh;
[09:33:45] [main/DEBUG]: Skipping Lnet/minecraftforge/client/model/obj/ObjModel$ModelGroup;
[09:33:45] [main/DEBUG]: Skipping Lnet/minecraftforge/client/model/obj/ObjMaterialLibrary;
[09:33:45] [main/DEBUG]: Skipping Lnet/minecraftforge/client/model/obj/ObjMaterialLibrary$Material;
[09:33:45] [main/DEBUG]: Skipping Lnet/minecraftforge/client/model/obj/ObjLoader;
[09:33:45] [main/DEBUG]: Skipping Lnet/minecraftforge/client/model/lighting/SmoothQuadLighter;
[09:33:45] [main/DEBUG]: Skipping Lnet/minecraftforge/client/model/lighting/QuadLighter;
[09:33:45] [main/DEBUG]: Skipping Lnet/minecraftforge/client/model/lighting/ForgeModelBlockRenderer;
[09:33:45] [main/DEBUG]: Skipping Lnet/minecraftforge/client/model/lighting/FlatQuadLighter;
[09:33:45] [main/DEBUG]: Skipping Lnet/minecraftforge/client/model/geometry/UnbakedGeometryHelper;
[09:33:45] [main/DEBUG]: Skipping Lnet/minecraftforge/client/model/geometry/StandaloneGeometryBakingContext;
[09:33:45] [main/DEBUG]: Skipping Lnet/minecraftforge/client/model/geometry/StandaloneGeometryBakingContext$Builder;
[09:33:45] [main/DEBUG]: Skipping Lnet/minecraftforge/client/model/geometry/SimpleUnbakedGeometry;
[09:33:45] [main/DEBUG]: Skipping Lnet/minecraftforge/client/model/geometry/IUnbakedGeometry;
[09:33:45] [main/DEBUG]: Skipping Lnet/minecraftforge/client/model/geometry/IGeometryLoader;
[09:33:45] [main/DEBUG]: Skipping Lnet/minecraftforge/client/model/geometry/IGeometryBakingContext;
[09:33:45] [main/DEBUG]: Skipping Lnet/minecraftforge/client/model/geometry/GeometryLoaderManager;
[09:33:45] [main/DEBUG]: Skipping Lnet/minecraftforge/client/model/geometry/BlockGeometryBakingContext;
[09:33:45] [main/DEBUG]: Skipping Lnet/minecraftforge/client/model/geometry/BlockGeometryBakingContext$VisibilityData;
[09:33:45] [main/DEBUG]: Skipping Lnet/minecraftforge/client/model/generators/loaders/SeparateTransformsModelBuilder;
[09:33:45] [main/DEBUG]: Skipping Lnet/minecraftforge/client/model/generators/loaders/ObjModelBuilder;
[09:33:45] [main/DEBUG]: Skipping Lnet/minecraftforge/client/model/generators/loaders/ItemLayerModelBuilder;
[09:33:45] [main/DEBUG]: Skipping Lnet/minecraftforge/client/model/generators/loaders/DynamicFluidContainerModelBuilder;
[09:33:45] [main/DEBUG]: Skipping Lnet/minecraftforge/client/model/generators/loaders/CompositeModelBuilder;
[09:33:45] [main/DEBUG]: Skipping Lnet/minecraftforge/client/model/generators/VariantBlockStateBuilder;
[09:33:45] [main/DEBUG]: Skipping Lnet/minecraftforge/client/model/generators/VariantBlockStateBuilder$PartialBlockstate;
[09:33:45] [main/DEBUG]: Skipping Lnet/minecraftforge/client/model/generators/MultiPartBlockStateBuilder;
[09:33:45] [main/DEBUG]: Skipping Lnet/minecraftforge/client/model/generators/MultiPartBlockStateBuilder$PartBuilder;
[09:33:45] [main/DEBUG]: Skipping Lnet/minecraftforge/client/model/generators/MultiPartBlockStateBuilder$PartBuilder$ConditionGroup;
[09:33:45] [main/DEBUG]: Skipping Lnet/minecraftforge/client/model/generators/ModelProvider;
[09:33:45] [main/DEBUG]: Skipping Lnet/minecraftforge/client/model/generators/ModelFile;
[09:33:45] [main/DEBUG]: Skipping Lnet/minecraftforge/client/model/generators/ModelFile$UncheckedModelFile;
[09:33:45] [main/DEBUG]: Skipping Lnet/minecraftforge/client/model/generators/ModelFile$ExistingModelFile;
[09:33:45] [main/DEBUG]: Skipping Lnet/minecraftforge/client/model/generators/ModelBuilder;
[09:33:45] [main/DEBUG]: Skipping Lnet/minecraftforge/client/model/generators/ModelBuilder$TransformsBuilder;
[09:33:45] [main/DEBUG]: Skipping Lnet/minecraftforge/client/model/generators/ModelBuilder$TransformsBuilder$TransformVecBuilder;
[09:33:45] [main/DEBUG]: Skipping Lnet/minecraftforge/client/model/generators/ModelBuilder$RootTransformsBuilder;
[09:33:45] [main/DEBUG]: Skipping Lnet/minecraftforge/client/model/generators/ModelBuilder$FaceRotation;
[09:33:45] [main/DEBUG]: Skipping Lnet/minecraftforge/client/model/generators/ModelBuilder$ElementBuilder;
[09:33:45] [main/DEBUG]: Skipping Lnet/minecraftforge/client/model/generators/ModelBuilder$ElementBuilder$RotationBuilder;
[09:33:45] [main/DEBUG]: Skipping Lnet/minecraftforge/client/model/generators/ModelBuilder$ElementBuilder$FaceBuilder;
[09:33:45] [main/DEBUG]: Skipping Lnet/minecraftforge/client/model/generators/ItemModelProvider;
[09:33:45] [main/DEBUG]: Skipping Lnet/minecraftforge/client/model/generators/ItemModelBuilder;
[09:33:45] [main/DEBUG]: Skipping Lnet/minecraftforge/client/model/generators/ItemModelBuilder$OverrideBuilder;
[09:33:45] [main/DEBUG]: Skipping Lnet/minecraftforge/client/model/generators/IGeneratedBlockState;
[09:33:45] [main/DEBUG]: Skipping Lnet/minecraftforge/client/model/generators/CustomLoaderBuilder;
[09:33:45] [main/DEBUG]: Skipping Lnet/minecraftforge/client/model/generators/ConfiguredModel;
[09:33:45] [main/DEBUG]: Skipping Lnet/minecraftforge/client/model/generators/ConfiguredModel$Builder;
[09:33:45] [main/DEBUG]: Skipping Lnet/minecraftforge/client/model/generators/BlockStateProvider;
[09:33:45] [main/DEBUG]: Skipping Lnet/minecraftforge/client/model/generators/BlockStateProvider$ConfiguredModelList;
[09:33:45] [main/DEBUG]: Skipping Lnet/minecraftforge/client/model/generators/BlockStateProvider$2;
[09:33:45] [main/DEBUG]: Skipping Lnet/minecraftforge/client/model/generators/BlockStateProvider$1;
[09:33:45] [main/DEBUG]: Skipping Lnet/minecraftforge/client/model/generators/BlockModelProvider;
[09:33:45] [main/DEBUG]: Skipping Lnet/minecraftforge/client/model/generators/BlockModelBuilder;
[09:33:45] [main/DEBUG]: Skipping Lnet/minecraftforge/client/model/data/MultipartModelData;
[09:33:45] [main/DEBUG]: Skipping Lnet/minecraftforge/client/model/data/MultipartModelData$Builder;
[09:33:45] [main/DEBUG]: Skipping Lnet/minecraftforge/client/model/data/ModelProperty;
[09:33:45] [main/DEBUG]: Skipping Lnet/minecraftforge/client/model/data/ModelDataManager;
[09:33:45] [main/DEBUG]: Skipping Lnet/minecraftforge/client/model/data/ModelData;
[09:33:45] [main/DEBUG]: Skipping Lnet/minecraftforge/client/model/data/ModelData$Builder;
[09:33:45] [main/DEBUG]: Skipping Lnet/minecraftforge/client/model/SimpleModelState;
[09:33:45] [main/DEBUG]: Skipping Lnet/minecraftforge/client/model/SeparateTransformsModel;
[09:33:45] [main/DEBUG]: Skipping Lnet/minecraftforge/client/model/SeparateTransformsModel$Loader;
[09:33:45] [main/DEBUG]: Skipping Lnet/minecraftforge/client/model/SeparateTransformsModel$Baked;
[09:33:45] [main/DEBUG]: Skipping Lnet/minecraftforge/client/model/QuadTransformers;
[09:33:45] [main/DEBUG]: Skipping Lnet/minecraftforge/client/model/ItemLayerModel;
[09:33:45] [main/DEBUG]: Skipping Lnet/minecraftforge/client/model/ItemLayerModel$Loader;
[09:33:45] [main/DEBUG]: Skipping Lnet/minecraftforge/client/model/IQuadTransformer;
[09:33:45] [main/DEBUG]: Skipping Lnet/minecraftforge/client/model/IModelBuilder;
[09:33:45] [main/DEBUG]: Skipping Lnet/minecraftforge/client/model/IModelBuilder$Simple;
[09:33:45] [main/DEBUG]: Skipping Lnet/minecraftforge/client/model/IModelBuilder$Collecting;
[09:33:45] [main/DEBUG]: Skipping Lnet/minecraftforge/client/model/IDynamicBakedModel;
[09:33:45] [main/DEBUG]: Skipping Lnet/minecraftforge/client/model/ForgeItemModelShaper;
[09:33:45] [main/DEBUG]: Skipping Lnet/minecraftforge/client/model/ForgeFaceData;
[09:33:45] [main/DEBUG]: Skipping Lnet/minecraftforge/client/model/ExtendedBlockModelDeserializer;
[09:33:45] [main/DEBUG]: Skipping Lnet/minecraftforge/client/model/EmptyModel;
[09:33:45] [main/DEBUG]: Skipping Lnet/minecraftforge/client/model/EmptyModel$Baked;
[09:33:45] [main/DEBUG]: Skipping Lnet/minecraftforge/client/model/ElementsModel;
[09:33:45] [main/DEBUG]: Skipping Lnet/minecraftforge/client/model/ElementsModel$Loader;
[09:33:45] [main/DEBUG]: Skipping Lnet/minecraftforge/client/model/DynamicFluidContainerModel;
[09:33:45] [main/DEBUG]: Skipping Lnet/minecraftforge/client/model/DynamicFluidContainerModel$Loader;
[09:33:45] [main/DEBUG]: Skipping Lnet/minecraftforge/client/model/DynamicFluidContainerModel$ContainedFluidOverrideHandler;
[09:33:45] [main/DEBUG]: Skipping Lnet/minecraftforge/client/model/DynamicFluidContainerModel$Colors;
[09:33:45] [main/DEBUG]: Skipping Lnet/minecraftforge/client/model/CompositeModel;
[09:33:45] [main/DEBUG]: Skipping Lnet/minecraftforge/client/model/CompositeModel$Loader;
[09:33:45] [main/DEBUG]: Skipping Lnet/minecraftforge/client/model/CompositeModel$Data;
[09:33:45] [main/DEBUG]: Skipping Lnet/minecraftforge/client/model/CompositeModel$Data$Builder;
[09:33:45] [main/DEBUG]: Skipping Lnet/minecraftforge/client/model/CompositeModel$Baked;
[09:33:45] [main/DEBUG]: Skipping Lnet/minecraftforge/client/model/CompositeModel$Baked$Builder;
[09:33:45] [main/DEBUG]: Skipping Lnet/minecraftforge/client/model/BakedModelWrapper;
[09:33:45] [main/DEBUG]: Skipping Lnet/minecraftforge/client/loading/NoVizFallback;
[09:33:45] [main/DEBUG]: Skipping Lnet/minecraftforge/client/loading/ForgeLoadingOverlay;
[09:33:45] [main/DEBUG]: Skipping Lnet/minecraftforge/client/loading/ClientModLoader;
[09:33:45] [main/DEBUG]: Skipping Lnet/minecraftforge/client/gui/widget/ScrollPanel;
[09:33:45] [main/DEBUG]: Skipping Lnet/minecraftforge/client/gui/widget/ModListWidget;
[09:33:45] [main/DEBUG]: Skipping Lnet/minecraftforge/client/gui/widget/ModListWidget$ModEntry;
[09:33:45] [main/DEBUG]: Skipping Lnet/minecraftforge/client/gui/widget/ForgeSlider;
[09:33:45] [main/DEBUG]: Skipping Lnet/minecraftforge/client/gui/widget/ExtendedButton;
[09:33:45] [main/DEBUG]: Skipping Lnet/minecraftforge/client/gui/TitleScreenModUpdateIndicator;
[09:33:45] [main/DEBUG]: Skipping Lnet/minecraftforge/client/gui/ModMismatchDisconnectedScreen;
[09:33:45] [main/DEBUG]: Skipping Lnet/minecraftforge/client/gui/ModMismatchDisconnectedScreen$MismatchInfoPanel;
[09:33:45] [main/DEBUG]: Skipping Lnet/minecraftforge/client/gui/ModListScreen;
[09:33:45] [main/DEBUG]: Skipping Lnet/minecraftforge/client/gui/ModListScreen$SortType;
[09:33:45] [main/DEBUG]: Skipping Lnet/minecraftforge/client/gui/ModListScreen$SortType$2;
[09:33:45] [main/DEBUG]: Skipping Lnet/minecraftforge/client/gui/ModListScreen$SortType$1;
[09:33:45] [main/DEBUG]: Skipping Lnet/minecraftforge/client/gui/ModListScreen$InfoPanel;
[09:33:45] [main/DEBUG]: Skipping Lnet/minecraftforge/client/gui/ModListScreen$1;
[09:33:45] [main/DEBUG]: Skipping Lnet/minecraftforge/client/gui/LoadingErrorScreen;
[09:33:45] [main/DEBUG]: Skipping Lnet/minecraftforge/client/gui/LoadingErrorScreen$LoadingEntryList;
[09:33:45] [main/DEBUG]: Skipping Lnet/minecraftforge/client/gui/LoadingErrorScreen$LoadingEntryList$LoadingMessageEntry;
[09:33:45] [main/DEBUG]: Skipping Lnet/minecraftforge/client/gui/CreativeTabsScreenPage;
[09:33:45] [main/DEBUG]: Skipping Lnet/minecraftforge/client/gui/ClientTooltipComponentManager;
[09:33:45] [main/DEBUG]: Skipping Lnet/minecraftforge/client/extensions/package-info;
[09:33:45] [main/DEBUG]: Skipping Lnet/minecraftforge/client/extensions/common/IClientMobEffectExtensions;
[09:33:45] [main/DEBUG]: Skipping Lnet/minecraftforge/client/extensions/common/IClientMobEffectExtensions$1;
[09:33:45] [main/DEBUG]: Skipping Lnet/minecraftforge/client/extensions/common/IClientItemExtensions;
[09:33:45] [main/DEBUG]: Skipping Lnet/minecraftforge/client/extensions/common/IClientItemExtensions$FontContext;
[09:33:45] [main/DEBUG]: Skipping Lnet/minecraftforge/client/extensions/common/IClientItemExtensions$1;
[09:33:45] [main/DEBUG]: Skipping Lnet/minecraftforge/client/extensions/common/IClientFluidTypeExtensions;
[09:33:45] [main/DEBUG]: Skipping Lnet/minecraftforge/client/extensions/common/IClientFluidTypeExtensions$1;
[09:33:45] [main/DEBUG]: Skipping Lnet/minecraftforge/client/extensions/common/IClientBlockExtensions;
[09:33:45] [main/DEBUG]: Skipping Lnet/minecraftforge/client/extensions/common/IClientBlockExtensions$1;
[09:33:45] [main/DEBUG]: Skipping Lnet/minecraftforge/client/extensions/IForgeVertexFormat;
[09:33:45] [main/DEBUG]: Skipping Lnet/minecraftforge/client/extensions/IForgeVertexConsumer;
[09:33:45] [main/DEBUG]: Skipping Lnet/minecraftforge/client/extensions/IForgePoseStack;
[09:33:45] [main/DEBUG]: Skipping Lnet/minecraftforge/client/extensions/IForgeModelBaker;
[09:33:45] [main/DEBUG]: Skipping Lnet/minecraftforge/client/extensions/IForgeMinecraft;
[09:33:45] [main/DEBUG]: Skipping Lnet/minecraftforge/client/extensions/IForgeKeyMapping;
[09:33:45] [main/DEBUG]: Skipping Lnet/minecraftforge/client/extensions/IForgeGuiGraphics;
[09:33:45] [main/DEBUG]: Skipping Lnet/minecraftforge/client/extensions/IForgeFont;
[09:33:45] [main/DEBUG]: Skipping Lnet/minecraftforge/client/extensions/IForgeElytraLayer;
[09:33:45] [main/DEBUG]: Skipping Lnet/minecraftforge/client/extensions/IForgeDimensionSpecialEffects;
[09:33:45] [main/DEBUG]: Skipping Lnet/minecraftforge/client/extensions/IForgeBlockAndTintGetter;
[09:33:45] [main/DEBUG]: Skipping Lnet/minecraftforge/client/extensions/IForgeBakedModel;
[09:33:45] [main/DEBUG]: Skipping Lnet/minecraftforge/client/event/sound/package-info;
[09:33:45] [main/DEBUG]: Skipping Lnet/minecraftforge/client/event/sound/SoundEvent;
[09:33:45] [main/DEBUG]: Skipping Lnet/minecraftforge/client/event/sound/SoundEvent$SoundSourceEvent;
[09:33:45] [main/DEBUG]: Skipping Lnet/minecraftforge/client/event/sound/SoundEngineLoadEvent;
[09:33:45] [main/DEBUG]: Skipping Lnet/minecraftforge/client/event/sound/PlayStreamingSourceEvent;
[09:33:45] [main/DEBUG]: Skipping Lnet/minecraftforge/client/event/sound/PlaySoundSourceEvent;
[09:33:45] [main/DEBUG]: Skipping Lnet/minecraftforge/client/event/sound/PlaySoundEvent;
[09:33:45] [main/DEBUG]: Skipping Lnet/minecraftforge/client/event/package-info;
[09:33:45] [main/DEBUG]: Skipping Lnet/minecraftforge/client/event/ViewportEvent;
[09:33:45] [main/DEBUG]: Skipping Lnet/minecraftforge/client/event/ViewportEvent$RenderFog;
[09:33:45] [main/DEBUG]: Skipping Lnet/minecraftforge/client/event/ViewportEvent$ComputeFov;
[09:33:45] [main/DEBUG]: Skipping Lnet/minecraftforge/client/event/ViewportEvent$ComputeFogColor;
[09:33:45] [main/DEBUG]: Skipping Lnet/minecraftforge/client/event/ViewportEvent$ComputeCameraAngles;
[09:33:45] [main/DEBUG]: Skipping Lnet/minecraftforge/client/event/ToastAddEvent;
[09:33:45] [main/DEBUG]: Skipping Lnet/minecraftforge/client/event/TextureStitchEvent;
[09:33:45] [main/DEBUG]: Skipping Lnet/minecraftforge/client/event/TextureStitchEvent$Post;
[09:33:45] [main/DEBUG]: Skipping Lnet/minecraftforge/client/event/ScreenshotEvent;
[09:33:45] [main/DEBUG]: Skipping Lnet/minecraftforge/client/event/ScreenEvent;
[09:33:45] [main/DEBUG]: Skipping Lnet/minecraftforge/client/event/ScreenEvent$RenderInventoryMobEffects;
[09:33:45] [main/DEBUG]: Skipping Lnet/minecraftforge/client/event/ScreenEvent$Render;
[09:33:45] [main/DEBUG]: Skipping Lnet/minecraftforge/client/event/ScreenEvent$Render$Pre;
[09:33:45] [main/DEBUG]: Skipping Lnet/minecraftforge/client/event/ScreenEvent$Render$Post;
[09:33:45] [main/DEBUG]: Skipping Lnet/minecraftforge/client/event/ScreenEvent$Opening;
[09:33:45] [main/DEBUG]: Skipping Lnet/minecraftforge/client/event/ScreenEvent$MouseScrolled;
[09:33:45] [main/DEBUG]: Skipping Lnet/minecraftforge/client/event/ScreenEvent$MouseScrolled$Pre;
[09:33:45] [main/DEBUG]: Skipping Lnet/minecraftforge/client/event/ScreenEvent$MouseScrolled$Post;
[09:33:45] [main/DEBUG]: Skipping Lnet/minecraftforge/client/event/ScreenEvent$MouseInput;
[09:33:45] [main/DEBUG]: Skipping Lnet/minecraftforge/client/event/ScreenEvent$MouseDragged;
[09:33:45] [main/DEBUG]: Skipping Lnet/minecraftforge/client/event/ScreenEvent$MouseDragged$Pre;
[09:33:45] [main/DEBUG]: Skipping Lnet/minecraftforge/client/event/ScreenEvent$MouseDragged$Post;
[09:33:45] [main/DEBUG]: Skipping Lnet/minecraftforge/client/event/ScreenEvent$MouseButtonReleased;
[09:33:45] [main/DEBUG]: Skipping Lnet/minecraftforge/client/event/ScreenEvent$MouseButtonReleased$Pre;
[09:33:45] [main/DEBUG]: Skipping Lnet/minecraftforge/client/event/ScreenEvent$MouseButtonReleased$Post;
[09:33:45] [main/DEBUG]: Skipping Lnet/minecraftforge/client/event/ScreenEvent$MouseButtonPressed;
[09:33:45] [main/DEBUG]: Skipping Lnet/minecraftforge/client/event/ScreenEvent$MouseButtonPressed$Pre;
[09:33:45] [main/DEBUG]: Skipping Lnet/minecraftforge/client/event/ScreenEvent$MouseButtonPressed$Post;
[09:33:45] [main/DEBUG]: Skipping Lnet/minecraftforge/client/event/ScreenEvent$KeyReleased;
[09:33:45] [main/DEBUG]: Skipping Lnet/minecraftforge/client/event/ScreenEvent$KeyReleased$Pre;
[09:33:45] [main/DEBUG]: Skipping Lnet/minecraftforge/client/event/ScreenEvent$KeyReleased$Post;
[09:33:45] [main/DEBUG]: Skipping Lnet/minecraftforge/client/event/ScreenEvent$KeyPressed;
[09:33:45] [main/DEBUG]: Skipping Lnet/minecraftforge/client/event/ScreenEvent$KeyPressed$Pre;
[09:33:45] [main/DEBUG]: Skipping Lnet/minecraftforge/client/event/ScreenEvent$KeyPressed$Post;
[09:33:45] [main/DEBUG]: Skipping Lnet/minecraftforge/client/event/ScreenEvent$KeyInput;
[09:33:45] [main/DEBUG]: Skipping Lnet/minecraftforge/client/event/ScreenEvent$Init;
[09:33:45] [main/DEBUG]: Skipping Lnet/minecraftforge/client/event/ScreenEvent$Init$Pre;
[09:33:45] [main/DEBUG]: Skipping Lnet/minecraftforge/client/event/ScreenEvent$Init$Post;
[09:33:45] [main/DEBUG]: Skipping Lnet/minecraftforge/client/event/ScreenEvent$Closing;
[09:33:45] [main/DEBUG]: Skipping Lnet/minecraftforge/client/event/ScreenEvent$CharacterTyped;
[09:33:45] [main/DEBUG]: Skipping Lnet/minecraftforge/client/event/ScreenEvent$CharacterTyped$Pre;
[09:33:45] [main/DEBUG]: Skipping Lnet/minecraftforge/client/event/ScreenEvent$CharacterTyped$Post;
[09:33:45] [main/DEBUG]: Skipping Lnet/minecraftforge/client/event/ScreenEvent$BackgroundRendered;
[09:33:45] [main/DEBUG]: Skipping Lnet/minecraftforge/client/event/RenderTooltipEvent;
[09:33:45] [main/DEBUG]: Skipping Lnet/minecraftforge/client/event/RenderTooltipEvent$Pre;
[09:33:45] [main/DEBUG]: Skipping Lnet/minecraftforge/client/event/RenderTooltipEvent$GatherComponents;
[09:33:45] [main/DEBUG]: Skipping Lnet/minecraftforge/client/event/RenderTooltipEvent$Color;
[09:33:45] [main/DEBUG]: Skipping Lnet/minecraftforge/client/event/RenderPlayerEvent;
[09:33:45] [main/DEBUG]: Skipping Lnet/minecraftforge/client/event/RenderPlayerEvent$Pre;
[09:33:45] [main/DEBUG]: Skipping Lnet/minecraftforge/client/event/RenderPlayerEvent$Post;
[09:33:45] [main/DEBUG]: Skipping Lnet/minecraftforge/client/event/RenderNameTagEvent;
[09:33:45] [main/DEBUG]: Skipping Lnet/minecraftforge/client/event/RenderLivingEvent;
[09:33:45] [main/DEBUG]: Skipping Lnet/minecraftforge/client/event/RenderLivingEvent$Pre;
[09:33:45] [main/DEBUG]: Skipping Lnet/minecraftforge/client/event/RenderLivingEvent$Post;
[09:33:45] [main/DEBUG]: Skipping Lnet/minecraftforge/client/event/RenderLevelStageEvent;
[09:33:45] [main/DEBUG]: Skipping Lnet/minecraftforge/client/event/RenderLevelStageEvent$Stage;
[09:33:45] [main/DEBUG]: Skipping Lnet/minecraftforge/client/event/RenderLevelStageEvent$RegisterStageEvent;
[09:33:45] [main/DEBUG]: Skipping Lnet/minecraftforge/client/event/RenderItemInFrameEvent;
[09:33:45] [main/DEBUG]: Skipping Lnet/minecraftforge/client/event/RenderHighlightEvent;
[09:33:45] [main/DEBUG]: Skipping Lnet/minecraftforge/client/event/RenderHighlightEvent$Entity;
[09:33:45] [main/DEBUG]: Skipping Lnet/minecraftforge/client/event/RenderHighlightEvent$Block;
[09:33:45] [main/DEBUG]: Skipping Lnet/minecraftforge/client/event/RenderHandEvent;
[09:33:45] [main/DEBUG]: Skipping Lnet/minecraftforge/client/event/RenderBlockScreenEffectEvent;
[09:33:45] [main/DEBUG]: Skipping Lnet/minecraftforge/client/event/RenderBlockScreenEffectEvent$OverlayType;
[09:33:45] [main/DEBUG]: Skipping Lnet/minecraftforge/client/event/RenderArmEvent;
[09:33:45] [main/DEBUG]: Skipping Lnet/minecraftforge/client/event/RegisterTextureAtlasSpriteLoadersEvent;
[09:33:45] [main/DEBUG]: Skipping Lnet/minecraftforge/client/event/RegisterShadersEvent;
[09:33:45] [main/DEBUG]: Skipping Lnet/minecraftforge/client/event/RegisterRecipeBookCategoriesEvent;
[09:33:45] [main/DEBUG]: Skipping Lnet/minecraftforge/client/event/RegisterPresetEditorsEvent;
[09:33:45] [main/DEBUG]: Skipping Lnet/minecraftforge/client/event/RegisterParticleProvidersEvent;
[09:33:45] [main/DEBUG]: Skipping Lnet/minecraftforge/client/event/RegisterNamedRenderTypesEvent;
[09:33:45] [main/DEBUG]: Skipping Lnet/minecraftforge/client/event/RegisterKeyMappingsEvent;
[09:33:45] [main/DEBUG]: Skipping Lnet/minecraftforge/client/event/RegisterItemDecorationsEvent;
[09:33:45] [main/DEBUG]: Skipping Lnet/minecraftforge/client/event/RegisterEntitySpectatorShadersEvent;
[09:33:45] [main/DEBUG]: Skipping Lnet/minecraftforge/client/event/RegisterDimensionSpecialEffectsEvent;
[09:33:45] [main/DEBUG]: Skipping Lnet/minecraftforge/client/event/RegisterColorHandlersEvent;
[09:33:45] [main/DEBUG]: Skipping Lnet/minecraftforge/client/event/RegisterColorHandlersEvent$Item;
[09:33:45] [main/DEBUG]: Skipping Lnet/minecraftforge/client/event/RegisterColorHandlersEvent$ColorResolvers;
[09:33:45] [main/DEBUG]: Skipping Lnet/minecraftforge/client/event/RegisterColorHandlersEvent$Block;
[09:33:45] [main/DEBUG]: Skipping Lnet/minecraftforge/client/event/RegisterClientTooltipComponentFactoriesEvent;
[09:33:45] [main/DEBUG]: Skipping Lnet/minecraftforge/client/event/RegisterClientReloadListenersEvent;
[09:33:45] [main/DEBUG]: Skipping Lnet/minecraftforge/client/event/RegisterClientCommandsEvent;
[09:33:45] [main/DEBUG]: Skipping Lnet/minecraftforge/client/event/RecipesUpdatedEvent;
[09:33:45] [main/DEBUG]: Skipping Lnet/minecraftforge/client/event/MovementInputUpdateEvent;
[09:33:45] [main/DEBUG]: Skipping Lnet/minecraftforge/client/event/ModelEvent;
[09:33:45] [main/DEBUG]: Skipping Lnet/minecraftforge/client/event/ModelEvent$RegisterGeometryLoaders;
[09:33:45] [main/DEBUG]: Skipping Lnet/minecraftforge/client/event/ModelEvent$RegisterAdditional;
[09:33:45] [main/DEBUG]: Skipping Lnet/minecraftforge/client/event/ModelEvent$ModifyBakingResult;
[09:33:45] [main/DEBUG]: Skipping Lnet/minecraftforge/client/event/ModelEvent$BakingCompleted;
[09:33:45] [main/DEBUG]: Skipping Lnet/minecraftforge/client/event/InputEvent;
[09:33:45] [main/DEBUG]: Skipping Lnet/minecraftforge/client/event/InputEvent$MouseScrollingEvent;
[09:33:45] [main/DEBUG]: Skipping Lnet/minecraftforge/client/event/InputEvent$MouseButton;
[09:33:45] [main/DEBUG]: Skipping Lnet/minecraftforge/client/event/InputEvent$MouseButton$Pre;
[09:33:45] [main/DEBUG]: Skipping Lnet/minecraftforge/client/event/InputEvent$MouseButton$Post;
[09:33:45] [main/DEBUG]: Skipping Lnet/minecraftforge/client/event/InputEvent$Key;
[09:33:45] [main/DEBUG]: Skipping Lnet/minecraftforge/client/event/InputEvent$InteractionKeyMappingTriggered;
[09:33:45] [main/DEBUG]: Skipping Lnet/minecraftforge/client/event/ForgeEventFactoryClient;
[09:33:45] [main/DEBUG]: Skipping Lnet/minecraftforge/client/event/EntityRenderersEvent;
[09:33:45] [main/DEBUG]: Skipping Lnet/minecraftforge/client/event/EntityRenderersEvent$RegisterRenderers;
[09:33:45] [main/DEBUG]: Skipping Lnet/minecraftforge/client/event/EntityRenderersEvent$RegisterLayerDefinitions;
[09:33:45] [main/DEBUG]: Skipping Lnet/minecraftforge/client/event/EntityRenderersEvent$CreateSkullModels;
[09:33:45] [main/DEBUG]: Skipping Lnet/minecraftforge/client/event/EntityRenderersEvent$AddLayers;
[09:33:45] [main/DEBUG]: Skipping Lnet/minecraftforge/client/event/CustomizeGuiOverlayEvent;
[09:33:45] [main/DEBUG]: Skipping Lnet/minecraftforge/client/event/CustomizeGuiOverlayEvent$DebugText;
[09:33:45] [main/DEBUG]: Skipping Lnet/minecraftforge/client/event/CustomizeGuiOverlayEvent$DebugText$Side;
[09:33:45] [main/DEBUG]: Skipping Lnet/minecraftforge/client/event/CustomizeGuiOverlayEvent$Chat;
[09:33:45] [main/DEBUG]: Skipping Lnet/minecraftforge/client/event/CustomizeGuiOverlayEvent$BossEventProgress;
[09:33:45] [main/DEBUG]: Skipping Lnet/minecraftforge/client/event/ContainerScreenEvent;
[09:33:45] [main/DEBUG]: Skipping Lnet/minecraftforge/client/event/ContainerScreenEvent$Render;
[09:33:45] [main/DEBUG]: Skipping Lnet/minecraftforge/client/event/ContainerScreenEvent$Render$Foreground;
[09:33:45] [main/DEBUG]: Skipping Lnet/minecraftforge/client/event/ContainerScreenEvent$Render$Background;
[09:33:45] [main/DEBUG]: Skipping Lnet/minecraftforge/client/event/ComputeFovModifierEvent;
[09:33:45] [main/DEBUG]: Skipping Lnet/minecraftforge/client/event/ClientPlayerNetworkEvent;
[09:33:45] [main/DEBUG]: Skipping Lnet/minecraftforge/client/event/ClientPlayerNetworkEvent$LoggingOut;
[09:33:45] [main/DEBUG]: Skipping Lnet/minecraftforge/client/event/ClientPlayerNetworkEvent$LoggingIn;
[09:33:45] [main/DEBUG]: Skipping Lnet/minecraftforge/client/event/ClientPlayerNetworkEvent$Clone;
[09:33:45] [main/DEBUG]: Skipping Lnet/minecraftforge/client/event/ClientPlayerChangeGameTypeEvent;
[09:33:45] [main/DEBUG]: Skipping Lnet/minecraftforge/client/event/ClientPauseChangeEvent;
[09:33:45] [main/DEBUG]: Skipping Lnet/minecraftforge/client/event/ClientPauseChangeEvent$Pre;
[09:33:45] [main/DEBUG]: Skipping Lnet/minecraftforge/client/event/ClientPauseChangeEvent$Post;
[09:33:45] [main/DEBUG]: Skipping Lnet/minecraftforge/client/event/ClientChatReceivedEvent;
[09:33:45] [main/DEBUG]: Skipping Lnet/minecraftforge/client/event/ClientChatReceivedEvent$System;
[09:33:45] [main/DEBUG]: Skipping Lnet/minecraftforge/client/event/ClientChatReceivedEvent$Player;
[09:33:45] [main/DEBUG]: Skipping Lnet/minecraftforge/client/event/ClientChatEvent;
[09:33:45] [main/DEBUG]: Skipping Lnet/minecraftforge/client/StencilManager;
[09:33:45] [main/DEBUG]: Skipping Lnet/minecraftforge/client/RenderTypeHelper;
[09:33:45] [main/DEBUG]: Skipping Lnet/minecraftforge/client/RenderTypeGroup;
[09:33:45] [main/DEBUG]: Skipping Lnet/minecraftforge/client/RecipeBookManager;
[09:33:45] [main/DEBUG]: Skipping Lnet/minecraftforge/client/PresetEditorManager;
[09:33:45] [main/DEBUG]: Skipping Lnet/minecraftforge/client/NamedRenderTypeManager;
[09:33:45] [main/DEBUG]: Skipping Lnet/minecraftforge/client/ItemDecoratorHandler;
[09:33:45] [main/DEBUG]: Skipping Lnet/minecraftforge/client/IItemDecorator;
[09:33:45] [main/DEBUG]: Skipping Lnet/minecraftforge/client/IArmPoseTransformer;
[09:33:45] [main/DEBUG]: Skipping Lnet/minecraftforge/client/ForgeRenderTypes;
[09:33:45] [main/DEBUG]: Skipping Lnet/minecraftforge/client/ForgeRenderTypes$Internal;
[09:33:45] [main/DEBUG]: Skipping Lnet/minecraftforge/client/ForgeRenderTypes$CustomizableTextureState;
[09:33:45] [main/DEBUG]: Skipping Lnet/minecraftforge/client/ForgeHooksClient;
[09:33:45] [main/DEBUG]: Skipping Lnet/minecraftforge/client/ForgeHooksClient$ClientEvents;
[09:33:45] [main/DEBUG]: Skipping Lnet/minecraftforge/client/ForgeHooksClient$1;
[09:33:45] [main/DEBUG]: Skipping Lnet/minecraftforge/client/FireworkShapeFactoryRegistry;
[09:33:45] [main/DEBUG]: Skipping Lnet/minecraftforge/client/FireworkShapeFactoryRegistry$Factory;
[09:33:45] [main/DEBUG]: Skipping Lnet/minecraftforge/client/ExtendedServerListData;
[09:33:45] [main/DEBUG]: Skipping Lnet/minecraftforge/client/EntitySpectatorShaderManager;
[09:33:45] [main/DEBUG]: Skipping Lnet/minecraftforge/client/DimensionSpecialEffectsManager;
[09:33:45] [main/DEBUG]: Skipping Lnet/minecraftforge/client/CreativeModeTabSearchRegistry;
[09:33:45] [main/DEBUG]: Skipping Lnet/minecraftforge/client/ConfigScreenHandler;
[09:33:45] [main/DEBUG]: Skipping Lnet/minecraftforge/client/ConfigScreenHandler$ConfigScreenFactory;
[09:33:45] [main/DEBUG]: Skipping Lnet/minecraftforge/client/ColorResolverManager;
[09:33:45] [main/DEBUG]: Skipping Lnet/minecraftforge/client/ClientForgeMod;
[09:33:45] [main/DEBUG]: Skipping Lnet/minecraftforge/client/ClientCommandSourceStack;
[09:33:45] [main/DEBUG]: Skipping Lnet/minecraftforge/client/ClientCommandHandler;
[09:33:45] [main/DEBUG]: Skipping Lnet/minecraftforge/client/ChunkRenderTypeSet;
[09:33:45] [main/DEBUG]: Skipping Lnet/minecraftforge/client/ChunkRenderTypeSet$None;
[09:33:45] [main/DEBUG]: Skipping Lnet/minecraftforge/client/ChunkRenderTypeSet$IteratorImpl;
[09:33:45] [main/DEBUG]: Skipping Lnet/minecraftforge/client/ChunkRenderTypeSet$All;
[09:33:45] [main/DEBUG]: Skipping Lnet/minecraft/world/ticks/package-info;
[09:33:45] [main/DEBUG]: Skipping Lnet/minecraft/world/ticks/WorldGenTickAccess;
[09:33:45] [main/DEBUG]: Skipping Lnet/minecraft/world/ticks/TickPriority;
[09:33:45] [main/DEBUG]: Skipping Lnet/minecraft/world/ticks/TickContainerAccess;
[09:33:45] [main/DEBUG]: Skipping Lnet/minecraft/world/ticks/TickAccess;
[09:33:45] [main/DEBUG]: Skipping Lnet/minecraft/world/ticks/SerializableTickContainer;
[09:33:45] [main/DEBUG]: Skipping Lnet/minecraft/world/ticks/ScheduledTick;
[09:33:45] [main/DEBUG]: Skipping Lnet/minecraft/world/ticks/ScheduledTick$1;
[09:33:45] [main/DEBUG]: Skipping Lnet/minecraft/world/ticks/SavedTick;
[09:33:45] [main/DEBUG]: Skipping Lnet/minecraft/world/ticks/SavedTick$1;
[09:33:45] [main/DEBUG]: Skipping Lnet/minecraft/world/ticks/ProtoChunkTicks;
[09:33:45] [main/DEBUG]: Skipping Lnet/minecraft/world/ticks/LevelTicks;
[09:33:45] [main/DEBUG]: Skipping Lnet/minecraft/world/ticks/LevelTicks$PosAndContainerConsumer;
[09:33:45] [main/DEBUG]: Skipping Lnet/minecraft/world/ticks/LevelTickAccess;
[09:33:45] [main/DEBUG]: Skipping Lnet/minecraft/world/ticks/LevelChunkTicks;
[09:33:45] [main/DEBUG]: Skipping Lnet/minecraft/world/ticks/ContainerSingleItem;
[09:33:45] [main/DEBUG]: Skipping Lnet/minecraft/world/ticks/ContainerSingleItem$BlockContainerSingleItem;
[09:33:45] [main/DEBUG]: Skipping Lnet/minecraft/world/ticks/BlackholeTickAccess;
[09:33:45] [main/DEBUG]: Skipping Lnet/minecraft/world/ticks/BlackholeTickAccess$2;
[09:33:45] [main/DEBUG]: Skipping Lnet/minecraft/world/ticks/BlackholeTickAccess$1;
[09:33:45] [main/DEBUG]: Skipping Lnet/minecraft/world/scores/package-info;
[09:33:45] [main/DEBUG]: Skipping Lnet/minecraft/world/scores/criteria/package-info;
[09:33:45] [main/DEBUG]: Skipping Lnet/minecraft/world/scores/criteria/ObjectiveCriteria;
[09:33:45] [main/DEBUG]: Skipping Lnet/minecraft/world/scores/criteria/ObjectiveCriteria$RenderType;
[09:33:45] [main/DEBUG]: Skipping Lnet/minecraft/world/scores/Team;
[09:33:45] [main/DEBUG]: Skipping Lnet/minecraft/world/scores/Team$Visibility;
[09:33:45] [main/DEBUG]: Skipping Lnet/minecraft/world/scores/Team$CollisionRule;
[09:33:45] [main/DEBUG]: Skipping Lnet/minecraft/world/scores/ScoreboardSaveData;
[09:33:45] [main/DEBUG]: Skipping Lnet/minecraft/world/scores/Scoreboard;
[09:33:45] [main/DEBUG]: Skipping Lnet/minecraft/world/scores/Scoreboard$1;
[09:33:45] [main/DEBUG]: Skipping Lnet/minecraft/world/scores/ScoreHolder;
[09:33:45] [main/DEBUG]: Skipping Lnet/minecraft/world/scores/ScoreHolder$3;
[09:33:45] [main/DEBUG]: Skipping Lnet/minecraft/world/scores/ScoreHolder$2;
[09:33:45] [main/DEBUG]: Skipping Lnet/minecraft/world/scores/ScoreHolder$1;
[09:33:45] [main/DEBUG]: Skipping Lnet/minecraft/world/scores/ScoreAccess;
[09:33:45] [main/DEBUG]: Skipping Lnet/minecraft/world/scores/Score;
[09:33:45] [main/DEBUG]: Skipping Lnet/minecraft/world/scores/ReadOnlyScoreInfo;
[09:33:45] [main/DEBUG]: Skipping Lnet/minecraft/world/scores/PlayerTeam;
[09:33:45] [main/DEBUG]: Skipping Lnet/minecraft/world/scores/PlayerScores;
[09:33:45] [main/DEBUG]: Skipping Lnet/minecraft/world/scores/PlayerScoreEntry;
[09:33:45] [main/DEBUG]: Skipping Lnet/minecraft/world/scores/Objective;
[09:33:45] [main/DEBUG]: Skipping Lnet/minecraft/world/scores/DisplaySlot;
[09:33:45] [main/DEBUG]: Skipping Lnet/minecraft/world/scores/DisplaySlot$1;
[09:33:45] [main/DEBUG]: Skipping Lnet/minecraft/world/phys/shapes/package-info;
[09:33:45] [main/DEBUG]: Skipping Lnet/minecraft/world/phys/shapes/VoxelShape;
[09:33:45] [main/DEBUG]: Skipping Lnet/minecraft/world/phys/shapes/SubShape;
[09:33:45] [main/DEBUG]: Skipping Lnet/minecraft/world/phys/shapes/SliceShape;
[09:33:45] [main/DEBUG]: Skipping Lnet/minecraft/world/phys/shapes/Shapes;
[09:33:45] [main/DEBUG]: Skipping Lnet/minecraft/world/phys/shapes/Shapes$DoubleLineConsumer;
[09:33:45] [main/DEBUG]: Skipping Lnet/minecraft/world/phys/shapes/OffsetDoubleList;
[09:33:45] [main/DEBUG]: Skipping Lnet/minecraft/world/phys/shapes/NonOverlappingMerger;
[09:33:45] [main/DEBUG]: Skipping Lnet/minecraft/world/phys/shapes/IndirectMerger;
[09:33:45] [main/DEBUG]: Skipping Lnet/minecraft/world/phys/shapes/IndexMerger;
[09:33:45] [main/DEBUG]: Skipping Lnet/minecraft/world/phys/shapes/IndexMerger$IndexConsumer;
[09:33:45] [main/DEBUG]: Skipping Lnet/minecraft/world/phys/shapes/IdenticalMerger;
[09:33:45] [main/DEBUG]: Skipping Lnet/minecraft/world/phys/shapes/EntityCollisionContext;
[09:33:45] [main/DEBUG]: Skipping Lnet/minecraft/world/phys/shapes/EntityCollisionContext$1;
[09:33:45] [main/DEBUG]: Skipping Lnet/minecraft/world/phys/shapes/DiscreteVoxelShape;
[09:33:45] [main/DEBUG]: Skipping Lnet/minecraft/world/phys/shapes/DiscreteVoxelShape$IntLineConsumer;
[09:33:45] [main/DEBUG]: Skipping Lnet/minecraft/world/phys/shapes/DiscreteVoxelShape$IntFaceConsumer;
[09:33:45] [main/DEBUG]: Skipping Lnet/minecraft/world/phys/shapes/DiscreteCubeMerger;
[09:33:45] [main/DEBUG]: Skipping Lnet/minecraft/world/phys/shapes/CubeVoxelShape;
[09:33:45] [main/DEBUG]: Skipping Lnet/minecraft/world/phys/shapes/CubePointRange;
[09:33:45] [main/DEBUG]: Skipping Lnet/minecraft/world/phys/shapes/CollisionContext;
[09:33:45] [main/DEBUG]: Skipping Lnet/minecraft/world/phys/shapes/BooleanOp;
[09:33:45] [main/DEBUG]: Skipping Lnet/minecraft/world/phys/shapes/BitSetDiscreteVoxelShape;
[09:33:45] [main/DEBUG]: Skipping Lnet/minecraft/world/phys/shapes/ArrayVoxelShape;
[09:33:45] [main/DEBUG]: Skipping Lnet/minecraft/world/phys/shapes/ArrayVoxelShape$1;
[09:33:45] [main/DEBUG]: Skipping Lnet/minecraft/world/phys/package-info;
[09:33:45] [main/DEBUG]: Skipping Lnet/minecraft/world/phys/Vec3;
[09:33:45] [main/DEBUG]: Skipping Lnet/minecraft/world/phys/Vec2;
[09:33:45] [main/DEBUG]: Skipping Lnet/minecraft/world/phys/HitResult;
[09:33:45] [main/DEBUG]: Skipping Lnet/minecraft/world/phys/HitResult$Type;
[09:33:45] [main/DEBUG]: Skipping Lnet/minecraft/world/phys/EntityHitResult;
[09:33:45] [main/DEBUG]: Skipping Lnet/minecraft/world/phys/BlockHitResult;
[09:33:45] [main/DEBUG]: Skipping Lnet/minecraft/world/phys/AABB;
[09:33:45] [main/DEBUG]: Skipping Lnet/minecraft/world/package-info;
[09:33:45] [main/DEBUG]: Skipping Lnet/minecraft/world/level/validation/package-info;
[09:33:45] [main/DEBUG]: Skipping Lnet/minecraft/world/level/validation/PathAllowList;
[09:33:45] [main/DEBUG]: Skipping Lnet/minecraft/world/level/validation/PathAllowList$EntryType;
[09:33:45] [main/DEBUG]: Skipping Lnet/minecraft/world/level/validation/PathAllowList$ConfigEntry;
[09:33:45] [main/DEBUG]: Skipping Lnet/minecraft/world/level/validation/ForbiddenSymlinkInfo;
[09:33:45] [main/DEBUG]: Skipping Lnet/minecraft/world/level/validation/DirectoryValidator;
[09:33:45] [main/DEBUG]: Skipping Lnet/minecraft/world/level/validation/DirectoryValidator$1;
[09:33:45] [main/DEBUG]: Skipping Lnet/minecraft/world/level/validation/ContentValidationException;
[09:33:45] [main/DEBUG]: Skipping Lnet/minecraft/world/level/timers/package-info;
[09:33:45] [main/DEBUG]: Skipping Lnet/minecraft/world/level/timers/TimerQueue;
[09:33:45] [main/DEBUG]: Skipping Lnet/minecraft/world/level/timers/TimerQueue$Event;
[09:33:45] [main/DEBUG]: Skipping Lnet/minecraft/world/level/timers/TimerCallbacks;
[09:33:45] [main/DEBUG]: Skipping Lnet/minecraft/world/level/timers/TimerCallback;
[09:33:45] [main/DEBUG]: Skipping Lnet/minecraft/world/level/timers/TimerCallback$Serializer;
[09:33:45] [main/DEBUG]: Skipping Lnet/minecraft/world/level/timers/FunctionTagCallback;
[09:33:45] [main/DEBUG]: Skipping Lnet/minecraft/world/level/timers/FunctionTagCallback$Serializer;
[09:33:45] [main/DEBUG]: Skipping Lnet/minecraft/world/level/timers/FunctionCallback;
[09:33:45] [main/DEBUG]: Skipping Lnet/minecraft/world/level/timers/FunctionCallback$Serializer;
[09:33:45] [main/DEBUG]: Skipping Lnet/minecraft/world/level/storage/package-info;
[09:33:45] [main/DEBUG]: Skipping Lnet/minecraft/world/level/storage/loot/providers/score/package-info;
[09:33:45] [main/DEBUG]: Skipping Lnet/minecraft/world/level/storage/loot/providers/score/ScoreboardNameProviders;
[09:33:45] [main/DEBUG]: Skipping Lnet/minecraft/world/level/storage/loot/providers/score/ScoreboardNameProvider;
[09:33:45] [main/DEBUG]: Skipping Lnet/minecraft/world/level/storage/loot/providers/score/LootScoreProviderType;
[09:33:45] [main/DEBUG]: Skipping Lnet/minecraft/world/level/storage/loot/providers/score/FixedScoreboardNameProvider;
[09:33:45] [main/DEBUG]: Skipping Lnet/minecraft/world/level/storage/loot/providers/score/ContextScoreboardNameProvider;
[09:33:45] [main/DEBUG]: Skipping Lnet/minecraft/world/level/storage/loot/providers/number/package-info;
[09:33:45] [main/DEBUG]: Skipping Lnet/minecraft/world/level/storage/loot/providers/number/UniformGenerator;
[09:33:45] [main/DEBUG]: Skipping Lnet/minecraft/world/level/storage/loot/providers/number/StorageValue;
[09:33:45] [main/DEBUG]: Skipping Lnet/minecraft/world/level/storage/loot/providers/number/ScoreboardValue;
[09:33:45] [main/DEBUG]: Skipping Lnet/minecraft/world/level/storage/loot/providers/number/NumberProviders;
[09:33:45] [main/DEBUG]: Skipping Lnet/minecraft/world/level/storage/loot/providers/number/NumberProvider;
[09:33:45] [main/DEBUG]: Skipping Lnet/minecraft/world/level/storage/loot/providers/number/LootNumberProviderType;
[09:33:45] [main/DEBUG]: Skipping Lnet/minecraft/world/level/storage/loot/providers/number/EnchantmentLevelProvider;
[09:33:45] [main/DEBUG]: Skipping Lnet/minecraft/world/level/storage/loot/providers/number/ConstantValue;
[09:33:45] [main/DEBUG]: Skipping Lnet/minecraft/world/level/storage/loot/providers/number/BinomialDistributionGenerator;
[09:33:45] [main/DEBUG]: Skipping Lnet/minecraft/world/level/storage/loot/providers/nbt/package-info;
[09:33:45] [main/DEBUG]: Skipping Lnet/minecraft/world/level/storage/loot/providers/nbt/StorageNbtProvider;
[09:33:45] [main/DEBUG]: Skipping Lnet/minecraft/world/level/storage/loot/providers/nbt/NbtProviders;
[09:33:45] [main/DEBUG]: Skipping Lnet/minecraft/world/level/storage/loot/providers/nbt/NbtProvider;
[09:33:45] [main/DEBUG]: Skipping Lnet/minecraft/world/level/storage/loot/providers/nbt/LootNbtProviderType;
[09:33:45] [main/DEBUG]: Skipping Lnet/minecraft/world/level/storage/loot/providers/nbt/ContextNbtProvider;
[09:33:45] [main/DEBUG]: Skipping Lnet/minecraft/world/level/storage/loot/providers/nbt/ContextNbtProvider$Getter;
[09:33:45] [main/DEBUG]: Skipping Lnet/minecraft/world/level/storage/loot/providers/nbt/ContextNbtProvider$2;
[09:33:45] [main/DEBUG]: Skipping Lnet/minecraft/world/level/storage/loot/providers/nbt/ContextNbtProvider$1;
[09:33:45] [main/DEBUG]: Skipping Lnet/minecraft/world/level/storage/loot/predicates/package-info;
[09:33:45] [main/DEBUG]: Skipping Lnet/minecraft/world/level/storage/loot/predicates/WeatherCheck;
[09:33:45] [main/DEBUG]: Skipping Lnet/minecraft/world/level/storage/loot/predicates/WeatherCheck$Builder;
[09:33:45] [main/DEBUG]: Skipping Lnet/minecraft/world/level/storage/loot/predicates/ValueCheckCondition;
[09:33:45] [main/DEBUG]: Skipping Lnet/minecraft/world/level/storage/loot/predicates/TimeCheck;
[09:33:45] [main/DEBUG]: Skipping Lnet/minecraft/world/level/storage/loot/predicates/TimeCheck$Builder;
[09:33:45] [main/DEBUG]: Skipping Lnet/minecraft/world/level/storage/loot/predicates/MatchTool;
[09:33:45] [main/DEBUG]: Skipping Lnet/minecraft/world/level/storage/loot/predicates/LootItemRandomChanceCondition;
[09:33:45] [main/DEBUG]: Skipping Lnet/minecraft/world/level/storage/loot/predicates/LootItemKilledByPlayerCondition;
[09:33:45] [main/DEBUG]: Skipping Lnet/minecraft/world/level/storage/loot/predicates/LootItemEntityPropertyCondition;
[09:33:45] [main/DEBUG]: Skipping Lnet/minecraft/world/level/storage/loot/predicates/LootItemConditions;
[09:33:45] [main/DEBUG]: Skipping Lnet/minecraft/world/level/storage/loot/predicates/LootItemConditionType;
[09:33:45] [main/DEBUG]: Skipping Lnet/minecraft/world/level/storage/loot/predicates/LootItemCondition;
[09:33:45] [main/DEBUG]: Skipping Lnet/minecraft/world/level/storage/loot/predicates/LootItemCondition$Builder;
[09:33:45] [main/DEBUG]: Skipping Lnet/minecraft/world/level/storage/loot/predicates/LootItemBlockStatePropertyCondition;
[09:33:45] [main/DEBUG]: Skipping Lnet/minecraft/world/level/storage/loot/predicates/LootItemBlockStatePropertyCondition$Builder;
[09:33:45] [main/DEBUG]: Skipping Lnet/minecraft/world/level/storage/loot/predicates/LocationCheck;
[09:33:45] [main/DEBUG]: Skipping Lnet/minecraft/world/level/storage/loot/predicates/InvertedLootItemCondition;
[09:33:45] [main/DEBUG]: Skipping Lnet/minecraft/world/level/storage/loot/predicates/ExplosionCondition;
[09:33:45] [main/DEBUG]: Skipping Lnet/minecraft/world/level/storage/loot/predicates/EntityHasScoreCondition;
[09:33:45] [main/DEBUG]: Skipping Lnet/minecraft/world/level/storage/loot/predicates/EntityHasScoreCondition$Builder;
[09:33:45] [main/DEBUG]: Skipping Lnet/minecraft/world/level/storage/loot/predicates/EnchantmentActiveCheck;
[09:33:45] [main/DEBUG]: Skipping Lnet/minecraft/world/level/storage/loot/predicates/DamageSourceCondition;
[09:33:45] [main/DEBUG]: Skipping Lnet/minecraft/world/level/storage/loot/predicates/ConditionUserBuilder;
[09:33:45] [main/DEBUG]: Skipping Lnet/minecraft/world/level/storage/loot/predicates/ConditionReference;
[09:33:45] [main/DEBUG]: Skipping Lnet/minecraft/world/level/storage/loot/predicates/CompositeLootItemCondition;
[09:33:45] [main/DEBUG]: Skipping Lnet/minecraft/world/level/storage/loot/predicates/CompositeLootItemCondition$Builder;
[09:33:45] [main/DEBUG]: Skipping Lnet/minecraft/world/level/storage/loot/predicates/BonusLevelTableCondition;
[09:33:45] [main/DEBUG]: Skipping Lnet/minecraft/world/level/storage/loot/predicates/AnyOfCondition;
[09:33:45] [main/DEBUG]: Skipping Lnet/minecraft/world/level/storage/loot/predicates/AnyOfCondition$Builder;
[09:33:45] [main/DEBUG]: Skipping Lnet/minecraft/world/level/storage/loot/predicates/AllOfCondition;
[09:33:45] [main/DEBUG]: Skipping Lnet/minecraft/world/level/storage/loot/predicates/AllOfCondition$Builder;
[09:33:45] [main/DEBUG]: Skipping Lnet/minecraft/world/level/storage/loot/predicates/LootItemRandomChanceWithEnchantedBonusCondition;
[09:33:45] [main/DEBUG]: Skipping Lnet/minecraft/world/level/storage/loot/parameters/package-info;
[09:33:45] [main/DEBUG]: Skipping Lnet/minecraft/world/level/storage/loot/parameters/LootContextParams;
[09:33:45] [main/DEBUG]: Skipping Lnet/minecraft/world/level/storage/loot/parameters/LootContextParamSet;
[09:33:45] [main/DEBUG]: Skipping Lnet/minecraft/world/level/storage/loot/parameters/LootContextParamSet$Builder;
[09:33:45] [main/DEBUG]: Skipping Lnet/minecraft/world/level/storage/loot/parameters/LootContextParam;
[09:33:45] [main/DEBUG]: Skipping Lnet/minecraft/world/level/storage/loot/parameters/LootContextParamSets;
[09:33:45] [main/DEBUG]: Skipping Lnet/minecraft/world/level/storage/loot/package-info;
[09:33:45] [main/DEBUG]: Skipping Lnet/minecraft/world/level/storage/loot/functions/package-info;
[09:33:45] [main/DEBUG]: Skipping Lnet/minecraft/world/level/storage/loot/functions/ToggleTooltips;
[09:33:45] [main/DEBUG]: Skipping Lnet/minecraft/world/level/storage/loot/functions/ToggleTooltips$TooltipWither;
[09:33:45] [main/DEBUG]: Skipping Lnet/minecraft/world/level/storage/loot/functions/ToggleTooltips$ComponentToggle;
[09:33:45] [main/DEBUG]: Skipping Lnet/minecraft/world/level/storage/loot/functions/SetWrittenBookPagesFunction;
[09:33:45] [main/DEBUG]: Skipping Lnet/minecraft/world/level/storage/loot/functions/SetWritableBookPagesFunction;
[09:33:45] [main/DEBUG]: Skipping Lnet/minecraft/world/level/storage/loot/functions/SetStewEffectFunction;
[09:33:45] [main/DEBUG]: Skipping Lnet/minecraft/world/level/storage/loot/functions/SetStewEffectFunction$EffectEntry;
[09:33:45] [main/DEBUG]: Skipping Lnet/minecraft/world/level/storage/loot/functions/SetStewEffectFunction$Builder;
[09:33:45] [main/DEBUG]: Skipping Lnet/minecraft/world/level/storage/loot/functions/SetPotionFunction;
[09:33:45] [main/DEBUG]: Skipping Lnet/minecraft/world/level/storage/loot/functions/SetOminousBottleAmplifierFunction;
[09:33:45] [main/DEBUG]: Skipping Lnet/minecraft/world/level/storage/loot/functions/SetNameFunction;
[09:33:45] [main/DEBUG]: Skipping Lnet/minecraft/world/level/storage/loot/functions/SetNameFunction$Target;
[09:33:45] [main/DEBUG]: Skipping Lnet/minecraft/world/level/storage/loot/functions/SetLoreFunction;
[09:33:45] [main/DEBUG]: Skipping Lnet/minecraft/world/level/storage/loot/functions/SetLoreFunction$Builder;
[09:33:45] [main/DEBUG]: Skipping Lnet/minecraft/world/level/storage/loot/functions/SetItemFunction;
[09:33:45] [main/DEBUG]: Skipping Lnet/minecraft/world/level/storage/loot/functions/SetItemDamageFunction;
[09:33:45] [main/DEBUG]: Skipping Lnet/minecraft/world/level/storage/loot/functions/SetItemCountFunction;
[09:33:45] [main/DEBUG]: Skipping Lnet/minecraft/world/level/storage/loot/functions/SetInstrumentFunction;
[09:33:45] [main/DEBUG]: Skipping Lnet/minecraft/world/level/storage/loot/functions/SetFireworksFunction;
[09:33:45] [main/DEBUG]: Skipping Lnet/minecraft/world/level/storage/loot/functions/SetFireworkExplosionFunction;
[09:33:45] [main/DEBUG]: Skipping Lnet/minecraft/world/level/storage/loot/functions/SetEnchantmentsFunction;
[09:33:45] [main/DEBUG]: Skipping Lnet/minecraft/world/level/storage/loot/functions/SetEnchantmentsFunction$Builder;
[09:33:45] [main/DEBUG]: Skipping Lnet/minecraft/world/level/storage/loot/functions/SetCustomModelDataFunction;
[09:33:45] [main/DEBUG]: Skipping Lnet/minecraft/world/level/storage/loot/functions/SetCustomDataFunction;
[09:33:45] [main/DEBUG]: Skipping Lnet/minecraft/world/level/storage/loot/functions/SetContainerLootTable;
[09:33:45] [main/DEBUG]: Skipping Lnet/minecraft/world/level/storage/loot/functions/SetContainerContents;
[09:33:45] [main/DEBUG]: Skipping Lnet/minecraft/world/level/storage/loot/functions/SetContainerContents$Builder;
[09:33:45] [main/DEBUG]: Skipping Lnet/minecraft/world/level/storage/loot/functions/SetComponentsFunction;
[09:33:45] [main/DEBUG]: Skipping Lnet/minecraft/world/level/storage/loot/functions/SetBookCoverFunction;
[09:33:45] [main/DEBUG]: Skipping Lnet/minecraft/world/level/storage/loot/functions/SetBannerPatternFunction;
[09:33:45] [main/DEBUG]: Skipping Lnet/minecraft/world/level/storage/loot/functions/SetBannerPatternFunction$Builder;
[09:33:45] [main/DEBUG]: Skipping Lnet/minecraft/world/level/storage/loot/functions/SequenceFunction;
[09:33:45] [main/DEBUG]: Skipping Lnet/minecraft/world/level/storage/loot/functions/ModifyContainerContents;
[09:33:45] [main/DEBUG]: Skipping Lnet/minecraft/world/level/storage/loot/functions/LootItemFunctions;
[09:33:45] [main/DEBUG]: Skipping Lnet/minecraft/world/level/storage/loot/functions/LootItemFunctionType;
[09:33:45] [main/DEBUG]: Skipping Lnet/minecraft/world/level/storage/loot/functions/LootItemFunction;
[09:33:45] [main/DEBUG]: Skipping Lnet/minecraft/world/level/storage/loot/functions/LootItemFunction$Builder;
[09:33:45] [main/DEBUG]: Skipping Lnet/minecraft/world/level/storage/loot/functions/LootItemConditionalFunction;
[09:33:45] [main/DEBUG]: Skipping Lnet/minecraft/world/level/storage/loot/functions/LootItemConditionalFunction$DummyBuilder;
[09:33:45] [main/DEBUG]: Skipping Lnet/minecraft/world/level/storage/loot/functions/LootItemConditionalFunction$Builder;
[09:33:45] [main/DEBUG]: Skipping Lnet/minecraft/world/level/storage/loot/functions/ListOperation;
[09:33:45] [main/DEBUG]: Skipping Lnet/minecraft/world/level/storage/loot/functions/ListOperation$Type;
[09:33:45] [main/DEBUG]: Skipping Lnet/minecraft/world/level/storage/loot/functions/ListOperation$StandAlone;
[09:33:45] [main/DEBUG]: Skipping Lnet/minecraft/world/level/storage/loot/functions/ListOperation$ReplaceSection;
[09:33:45] [main/DEBUG]: Skipping Lnet/minecraft/world/level/storage/loot/functions/ListOperation$ReplaceAll;
[09:33:45] [main/DEBUG]: Skipping Lnet/minecraft/world/level/storage/loot/functions/ListOperation$Insert;
[09:33:45] [main/DEBUG]: Skipping Lnet/minecraft/world/level/storage/loot/functions/ListOperation$Append;
[09:33:45] [main/DEBUG]: Skipping Lnet/minecraft/world/level/storage/loot/functions/LimitCount;
[09:33:45] [main/DEBUG]: Skipping Lnet/minecraft/world/level/storage/loot/functions/FunctionUserBuilder;
[09:33:45] [main/DEBUG]: Skipping Lnet/minecraft/world/level/storage/loot/functions/FunctionReference;
[09:33:45] [main/DEBUG]: Skipping Lnet/minecraft/world/level/storage/loot/functions/FilteredFunction;
[09:33:45] [main/DEBUG]: Skipping Lnet/minecraft/world/level/storage/loot/functions/FillPlayerHead;
[09:33:45] [main/DEBUG]: Skipping Lnet/minecraft/world/level/storage/loot/functions/ExplorationMapFunction;
[09:33:45] [main/DEBUG]: Skipping Lnet/minecraft/world/level/storage/loot/functions/ExplorationMapFunction$Builder;
[09:33:45] [main/DEBUG]: Skipping Lnet/minecraft/world/level/storage/loot/functions/EnchantWithLevelsFunction;
[09:33:45] [main/DEBUG]: Skipping Lnet/minecraft/world/level/storage/loot/functions/EnchantWithLevelsFunction$Builder;
[09:33:45] [main/DEBUG]: Skipping Lnet/minecraft/world/level/storage/loot/functions/EnchantRandomlyFunction;
[09:33:45] [main/DEBUG]: Skipping Lnet/minecraft/world/level/storage/loot/functions/EnchantRandomlyFunction$Builder;
[09:33:45] [main/DEBUG]: Skipping Lnet/minecraft/world/level/storage/loot/functions/CopyNameFunction;
[09:33:45] [main/DEBUG]: Skipping Lnet/minecraft/world/level/storage/loot/functions/CopyNameFunction$NameSource;
[09:33:45] [main/DEBUG]: Skipping Lnet/minecraft/world/level/storage/loot/functions/CopyCustomDataFunction;
[09:33:45] [main/DEBUG]: Skipping Lnet/minecraft/world/level/storage/loot/functions/CopyCustomDataFunction$MergeStrategy;
[09:33:45] [main/DEBUG]: Skipping Lnet/minecraft/world/level/storage/loot/functions/CopyCustomDataFunction$MergeStrategy$3;
[09:33:45] [main/DEBUG]: Skipping Lnet/minecraft/world/level/storage/loot/functions/CopyCustomDataFunction$MergeStrategy$2;
[09:33:45] [main/DEBUG]: Skipping Lnet/minecraft/world/level/storage/loot/functions/CopyCustomDataFunction$MergeStrategy$1;
[09:33:45] [main/DEBUG]: Skipping Lnet/minecraft/world/level/storage/loot/functions/CopyCustomDataFunction$CopyOperation;
[09:33:45] [main/DEBUG]: Skipping Lnet/minecraft/world/level/storage/loot/functions/CopyCustomDataFunction$Builder;
[09:33:45] [main/DEBUG]: Skipping Lnet/minecraft/world/level/storage/loot/functions/CopyComponentsFunction;
[09:33:45] [main/DEBUG]: Skipping Lnet/minecraft/world/level/storage/loot/functions/CopyComponentsFunction$Source;
[09:33:45] [main/DEBUG]: Skipping Lnet/minecraft/world/level/storage/loot/functions/CopyComponentsFunction$Builder;
[09:33:45] [main/DEBUG]: Skipping Lnet/minecraft/world/level/storage/loot/functions/CopyBlockState;
[09:33:45] [main/DEBUG]: Skipping Lnet/minecraft/world/level/storage/loot/functions/CopyBlockState$Builder;
[09:33:45] [main/DEBUG]: Skipping Lnet/minecraft/world/level/storage/loot/functions/ApplyExplosionDecay;
[09:33:45] [main/DEBUG]: Skipping Lnet/minecraft/world/level/storage/loot/functions/ApplyBonusCount;
[09:33:45] [main/DEBUG]: Skipping Lnet/minecraft/world/level/storage/loot/functions/ApplyBonusCount$UniformBonusCount;
[09:33:45] [main/DEBUG]: Skipping Lnet/minecraft/world/level/storage/loot/functions/ApplyBonusCount$OreDrops;
[09:33:45] [main/DEBUG]: Skipping Lnet/minecraft/world/level/storage/loot/functions/ApplyBonusCount$FormulaType;
[09:33:45] [main/DEBUG]: Skipping Lnet/minecraft/world/level/storage/loot/functions/ApplyBonusCount$Formula;
[09:33:45] [main/DEBUG]: Skipping Lnet/minecraft/world/level/storage/loot/functions/ApplyBonusCount$BinomialWithBonusCount;
[09:33:45] [main/DEBUG]: Skipping Lnet/minecraft/world/level/storage/loot/functions/SmeltItemFunction;
[09:33:45] [main/DEBUG]: Skipping Lnet/minecraft/world/level/storage/loot/functions/SetAttributesFunction;
[09:33:45] [main/DEBUG]: Skipping Lnet/minecraft/world/level/storage/loot/functions/SetAttributesFunction$ModifierBuilder;
[09:33:45] [main/DEBUG]: Skipping Lnet/minecraft/world/level/storage/loot/functions/SetAttributesFunction$Modifier;
[09:33:45] [main/DEBUG]: Skipping Lnet/minecraft/world/level/storage/loot/functions/SetAttributesFunction$Builder;
[09:33:45] [main/DEBUG]: Skipping Lnet/minecraft/world/level/storage/loot/functions/EnchantedCountIncreaseFunction;
[09:33:45] [main/DEBUG]: Skipping Lnet/minecraft/world/level/storage/loot/functions/EnchantedCountIncreaseFunction$Builder;
[09:33:45] [main/DEBUG]: Skipping Lnet/minecraft/world/level/storage/loot/entries/package-info;
[09:33:45] [main/DEBUG]: Skipping Lnet/minecraft/world/level/storage/loot/entries/TagEntry;
[09:33:45] [main/DEBUG]: Skipping Lnet/minecraft/world/level/storage/loot/entries/TagEntry$1;
[09:33:45] [main/DEBUG]: Skipping Lnet/minecraft/world/level/storage/loot/entries/SequentialEntry;
[09:33:45] [main/DEBUG]: Skipping Lnet/minecraft/world/level/storage/loot/entries/SequentialEntry$Builder;
[09:33:45] [main/DEBUG]: Skipping Lnet/minecraft/world/level/storage/loot/entries/NestedLootTable;
[09:33:45] [main/DEBUG]: Skipping Lnet/minecraft/world/level/storage/loot/entries/LootPoolSingletonContainer;
[09:33:45] [main/DEBUG]: Skipping Lnet/minecraft/world/level/storage/loot/entries/LootPoolSingletonContainer$EntryConstructor;
[09:33:45] [main/DEBUG]: Skipping Lnet/minecraft/world/level/storage/loot/entries/LootPoolSingletonContainer$EntryBase;
[09:33:45] [main/DEBUG]: Skipping Lnet/minecraft/world/level/storage/loot/entries/LootPoolSingletonContainer$DummyBuilder;
[09:33:45] [main/DEBUG]: Skipping Lnet/minecraft/world/level/storage/loot/entries/LootPoolSingletonContainer$Builder;
[09:33:45] [main/DEBUG]: Skipping Lnet/minecraft/world/level/storage/loot/entries/LootPoolSingletonContainer$1;
[09:33:45] [main/DEBUG]: Skipping Lnet/minecraft/world/level/storage/loot/entries/LootPoolEntryType;
[09:33:45] [main/DEBUG]: Skipping Lnet/minecraft/world/level/storage/loot/entries/LootPoolEntryContainer;
[09:33:45] [main/DEBUG]: Skipping Lnet/minecraft/world/level/storage/loot/entries/LootPoolEntryContainer$Builder;
[09:33:45] [main/DEBUG]: Skipping Lnet/minecraft/world/level/storage/loot/entries/LootPoolEntry;
[09:33:45] [main/DEBUG]: Skipping Lnet/minecraft/world/level/storage/loot/entries/LootPoolEntries;
[09:33:45] [main/DEBUG]: Skipping Lnet/minecraft/world/level/storage/loot/entries/LootItem;
[09:33:45] [main/DEBUG]: Skipping Lnet/minecraft/world/level/storage/loot/entries/EntryGroup;
[09:33:45] [main/DEBUG]: Skipping Lnet/minecraft/world/level/storage/loot/entries/EntryGroup$Builder;
[09:33:45] [main/DEBUG]: Skipping Lnet/minecraft/world/level/storage/loot/entries/EmptyLootItem;
[09:33:45] [main/DEBUG]: Skipping Lnet/minecraft/world/level/storage/loot/entries/DynamicLoot;
[09:33:45] [main/DEBUG]: Skipping Lnet/minecraft/world/level/storage/loot/entries/CompositeEntryBase;
[09:33:45] [main/DEBUG]: Skipping Lnet/minecraft/world/level/storage/loot/entries/CompositeEntryBase$CompositeEntryConstructor;
[09:33:45] [main/DEBUG]: Skipping Lnet/minecraft/world/level/storage/loot/entries/ComposableEntryContainer;
[09:33:45] [main/DEBUG]: Skipping Lnet/minecraft/world/level/storage/loot/entries/AlternativesEntry;
[09:33:45] [main/DEBUG]: Skipping Lnet/minecraft/world/level/storage/loot/entries/AlternativesEntry$Builder;
[09:33:45] [main/DEBUG]: Skipping Lnet/minecraft/world/level/storage/loot/ValidationContext;
[09:33:45] [main/DEBUG]: Skipping Lnet/minecraft/world/level/storage/loot/LootContextUser;
[09:33:45] [main/DEBUG]: Skipping Lnet/minecraft/world/level/storage/loot/IntRange;
[09:33:45] [main/DEBUG]: Skipping Lnet/minecraft/world/level/storage/loot/IntRange$IntLimiter;
[09:33:45] [main/DEBUG]: Skipping Lnet/minecraft/world/level/storage/loot/IntRange$IntChecker;
[09:33:45] [main/DEBUG]: Skipping Lnet/minecraft/world/level/storage/loot/ContainerComponentManipulators;
[09:33:45] [main/DEBUG]: Skipping Lnet/minecraft/world/level/storage/loot/ContainerComponentManipulators$3;
[09:33:45] [main/DEBUG]: Skipping Lnet/minecraft/world/level/storage/loot/ContainerComponentManipulators$2;
[09:33:45] [main/DEBUG]: Skipping Lnet/minecraft/world/level/storage/loot/ContainerComponentManipulators$1;
[09:33:45] [main/DEBUG]: Skipping Lnet/minecraft/world/level/storage/loot/ContainerComponentManipulator;
[09:33:45] [main/DEBUG]: Skipping Lnet/minecraft/world/level/storage/loot/BuiltInLootTables;
[09:33:45] [main/DEBUG]: Skipping Lnet/minecraft/world/level/storage/loot/LootTable;
[09:33:45] [main/DEBUG]: Skipping Lnet/minecraft/world/level/storage/loot/LootTable$Builder;
[09:33:45] [main/DEBUG]: Transforming class Lnet/minecraft/world/level/storage/loot/LootPool;
[09:33:45] [main/DEBUG]: Transforming net/minecraft/world/level/storage/loot/LootPool FIELD f_79028_ to access PRIVATE and REMOVEFINAL
[09:33:45] [main/DEBUG]: Transforming net/minecraft/world/level/storage/loot/LootPool FIELD f_79029_ to access PRIVATE and REMOVEFINAL
[09:33:45] [main/DEBUG]: Skipping Lnet/minecraft/world/level/storage/loot/LootPool$Builder;
[09:33:45] [main/DEBUG]: Skipping Lnet/minecraft/world/level/storage/loot/LootParams;
[09:33:45] [main/DEBUG]: Skipping Lnet/minecraft/world/level/storage/loot/LootParams$DynamicDrop;
[09:33:45] [main/DEBUG]: Skipping Lnet/minecraft/world/level/storage/loot/LootParams$Builder;
[09:33:45] [main/DEBUG]: Skipping Lnet/minecraft/world/level/storage/loot/LootDataType;
[09:33:45] [main/DEBUG]: Skipping Lnet/minecraft/world/level/storage/loot/LootDataType$Validator;
[09:33:45] [main/DEBUG]: Skipping Lnet/minecraft/world/level/storage/loot/LootContext;
[09:33:45] [main/DEBUG]: Skipping Lnet/minecraft/world/level/storage/loot/LootContext$VisitedEntry;
[09:33:45] [main/DEBUG]: Skipping Lnet/minecraft/world/level/storage/loot/LootContext$EntityTarget;
[09:33:45] [main/DEBUG]: Skipping Lnet/minecraft/world/level/storage/loot/LootContext$Builder;
[09:33:45] [main/DEBUG]: Skipping Lnet/minecraft/world/level/storage/WritableLevelData;
[09:33:45] [main/DEBUG]: Skipping Lnet/minecraft/world/level/storage/WorldData;
[09:33:45] [main/DEBUG]: Skipping Lnet/minecraft/world/level/storage/ServerLevelData;
[09:33:45] [main/DEBUG]: Skipping Lnet/minecraft/world/level/storage/LevelVersion;
[09:33:45] [main/DEBUG]: Skipping Lnet/minecraft/world/level/storage/LevelStorageException;
[09:33:45] [main/DEBUG]: Transforming class Lnet/minecraft/world/level/storage/LevelResource;
[09:33:45] [main/DEBUG]: Transforming net/minecraft/world/level/storage/LevelResource METHOD <init>(Ljava/lang/String;)V to access PUBLIC and LEAVE
[09:33:45] [main/DEBUG]: Skipping Lnet/minecraft/world/level/storage/LevelDataAndDimensions;
[09:33:45] [main/DEBUG]: Skipping Lnet/minecraft/world/level/storage/LevelData;
[09:33:45] [main/DEBUG]: Skipping Lnet/minecraft/world/level/storage/FileNameDateFormatter;
[09:33:45] [main/DEBUG]: Skipping Lnet/minecraft/world/level/storage/DerivedLevelData;
[09:33:45] [main/DEBUG]: Skipping Lnet/minecraft/world/level/storage/DataVersion;
[09:33:45] [main/DEBUG]: Skipping Lnet/minecraft/world/level/storage/CommandStorage;
[09:33:45] [main/DEBUG]: Skipping Lnet/minecraft/world/level/storage/CommandStorage$Container;
[09:33:45] [main/DEBUG]: Skipping Lnet/minecraft/world/level/storage/PrimaryLevelData;
[09:33:45] [main/DEBUG]: Skipping Lnet/minecraft/world/level/storage/PrimaryLevelData$SpecialWorldProperty;
[09:33:45] [main/DEBUG]: Skipping Lnet/minecraft/world/level/storage/PlayerDataStorage;
[09:33:45] [main/DEBUG]: Skipping Lnet/minecraft/world/level/storage/LevelSummary;
[09:33:45] [main/DEBUG]: Skipping Lnet/minecraft/world/level/storage/LevelSummary$SymlinkLevelSummary;
[09:33:45] [main/DEBUG]: Skipping Lnet/minecraft/world/level/storage/LevelSummary$CorruptedLevelSummary;
[09:33:45] [main/DEBUG]: Skipping Lnet/minecraft/world/level/storage/LevelSummary$BackupStatus;
[09:33:45] [main/DEBUG]: Skipping Lnet/minecraft/world/level/storage/LevelStorageSource;
[09:33:45] [main/DEBUG]: Skipping Lnet/minecraft/world/level/storage/LevelStorageSource$LevelStorageAccess;
[09:33:45] [main/DEBUG]: Skipping Lnet/minecraft/world/level/storage/LevelStorageSource$LevelStorageAccess$2;
[09:33:45] [main/DEBUG]: Skipping Lnet/minecraft/world/level/storage/LevelStorageSource$LevelStorageAccess$1;
[09:33:45] [main/DEBUG]: Skipping Lnet/minecraft/world/level/storage/LevelStorageSource$LevelDirectory;
[09:33:45] [main/DEBUG]: Skipping Lnet/minecraft/world/level/storage/LevelStorageSource$LevelCandidates;
[09:33:45] [main/DEBUG]: Skipping Lnet/minecraft/world/level/storage/DimensionDataStorage;
[09:33:45] [main/DEBUG]: Skipping Lnet/minecraft/world/level/saveddata/package-info;
[09:33:45] [main/DEBUG]: Skipping Lnet/minecraft/world/level/saveddata/maps/package-info;
[09:33:45] [main/DEBUG]: Skipping Lnet/minecraft/world/level/saveddata/maps/MapItemSavedData;
[09:33:45] [main/DEBUG]: Skipping Lnet/minecraft/world/level/saveddata/maps/MapItemSavedData$MapPatch;
[09:33:45] [main/DEBUG]: Skipping Lnet/minecraft/world/level/saveddata/maps/MapItemSavedData$HoldingPlayer;
[09:33:45] [main/DEBUG]: Skipping Lnet/minecraft/world/level/saveddata/maps/MapIndex;
[09:33:45] [main/DEBUG]: Skipping Lnet/minecraft/world/level/saveddata/maps/MapId;
[09:33:45] [main/DEBUG]: Skipping Lnet/minecraft/world/level/saveddata/maps/MapFrame;
[09:33:45] [main/DEBUG]: Skipping Lnet/minecraft/world/level/saveddata/maps/MapDecorationTypes;
[09:33:45] [main/DEBUG]: Skipping Lnet/minecraft/world/level/saveddata/maps/MapDecorationType;
[09:33:45] [main/DEBUG]: Skipping Lnet/minecraft/world/level/saveddata/maps/MapDecoration;
[09:33:45] [main/DEBUG]: Skipping Lnet/minecraft/world/level/saveddata/maps/MapBanner;
[09:33:45] [main/DEBUG]: Skipping Lnet/minecraft/world/level/saveddata/maps/MapBanner$1;
[09:33:45] [main/DEBUG]: Skipping Lnet/minecraft/world/level/saveddata/SavedData;
[09:33:45] [main/DEBUG]: Skipping Lnet/minecraft/world/level/saveddata/SavedData$Factory;
[09:33:45] [main/DEBUG]: Skipping Lnet/minecraft/world/level/redstone/package-info;
[09:33:45] [main/DEBUG]: Skipping Lnet/minecraft/world/level/redstone/Redstone;
[09:33:45] [main/DEBUG]: Skipping Lnet/minecraft/world/level/redstone/NeighborUpdater;
[09:33:45] [main/DEBUG]: Skipping Lnet/minecraft/world/level/redstone/InstantNeighborUpdater;
[09:33:45] [main/DEBUG]: Skipping Lnet/minecraft/world/level/redstone/CollectingNeighborUpdater;
[09:33:45] [main/DEBUG]: Skipping Lnet/minecraft/world/level/redstone/CollectingNeighborUpdater$SimpleNeighborUpdate;
[09:33:45] [main/DEBUG]: Skipping Lnet/minecraft/world/level/redstone/CollectingNeighborUpdater$ShapeUpdate;
[09:33:45] [main/DEBUG]: Skipping Lnet/minecraft/world/level/redstone/CollectingNeighborUpdater$NeighborUpdates;
[09:33:45] [main/DEBUG]: Skipping Lnet/minecraft/world/level/redstone/CollectingNeighborUpdater$MultiNeighborUpdate;
[09:33:45] [main/DEBUG]: Skipping Lnet/minecraft/world/level/redstone/CollectingNeighborUpdater$FullNeighborUpdate;
[09:33:45] [main/DEBUG]: Skipping Lnet/minecraft/world/level/portal/package-info;
[09:33:45] [main/DEBUG]: Transforming class Lnet/minecraft/world/level/portal/PortalForcer;
[09:33:45] [main/DEBUG]: Transforming net/minecraft/world/level/portal/PortalForcer FIELD f_77648_ to access PROTECTED and LEAVE
[09:33:45] [main/DEBUG]: Skipping Lnet/minecraft/world/level/portal/DimensionTransition;
[09:33:45] [main/DEBUG]: Skipping Lnet/minecraft/world/level/portal/DimensionTransition$PostDimensionTransition;
[09:33:45] [main/DEBUG]: Skipping Lnet/minecraft/world/level/portal/PortalShape;
[09:33:45] [main/DEBUG]: Skipping Lnet/minecraft/world/level/pathfinder/package-info;
[09:33:45] [main/DEBUG]: Skipping Lnet/minecraft/world/level/pathfinder/Target;
[09:33:45] [main/DEBUG]: Skipping Lnet/minecraft/world/level/pathfinder/SwimNodeEvaluator;
[09:33:45] [main/DEBUG]: Skipping Lnet/minecraft/world/level/pathfinder/PathfindingContext;
[09:33:45] [main/DEBUG]: Skipping Lnet/minecraft/world/level/pathfinder/PathTypeCache;
[09:33:45] [main/DEBUG]: Skipping Lnet/minecraft/world/level/pathfinder/PathFinder;
[09:33:45] [main/DEBUG]: Skipping Lnet/minecraft/world/level/pathfinder/PathComputationType;
[09:33:45] [main/DEBUG]: Skipping Lnet/minecraft/world/level/pathfinder/Path;
[09:33:45] [main/DEBUG]: Skipping Lnet/minecraft/world/level/pathfinder/Path$DebugData;
[09:33:45] [main/DEBUG]: Skipping Lnet/minecraft/world/level/pathfinder/NodeEvaluator;
[09:33:45] [main/DEBUG]: Skipping Lnet/minecraft/world/level/pathfinder/Node;
[09:33:45] [main/DEBUG]: Skipping Lnet/minecraft/world/level/pathfinder/FlyNodeEvaluator;
[09:33:45] [main/DEBUG]: Skipping Lnet/minecraft/world/level/pathfinder/BinaryHeap;
[09:33:45] [main/DEBUG]: Skipping Lnet/minecraft/world/level/pathfinder/AmphibiousNodeEvaluator;
[09:33:45] [main/DEBUG]: Skipping Lnet/minecraft/world/level/pathfinder/WalkNodeEvaluator;
[09:33:45] [main/DEBUG]: Skipping Lnet/minecraft/world/level/pathfinder/WalkNodeEvaluator$1;
[09:33:45] [main/DEBUG]: Skipping Lnet/minecraft/world/level/pathfinder/PathType;
[09:33:45] [main/DEBUG]: Skipping Lnet/minecraft/world/level/package-info;
[09:33:45] [main/DEBUG]: Skipping Lnet/minecraft/world/level/material/package-info;
[09:33:45] [main/DEBUG]: Skipping Lnet/minecraft/world/level/material/WaterFluid;
[09:33:45] [main/DEBUG]: Skipping Lnet/minecraft/world/level/material/WaterFluid$Source;
[09:33:45] [main/DEBUG]: Skipping Lnet/minecraft/world/level/material/WaterFluid$Flowing;
[09:33:45] [main/DEBUG]: Skipping Lnet/minecraft/world/level/material/PushReaction;
[09:33:45] [main/DEBUG]: Skipping Lnet/minecraft/world/level/material/MapColor;
[09:33:45] [main/DEBUG]: Skipping Lnet/minecraft/world/level/material/MapColor$Brightness;
[09:33:45] [main/DEBUG]: Skipping Lnet/minecraft/world/level/material/FogType;
[09:33:45] [main/DEBUG]: Skipping Lnet/minecraft/world/level/material/Fluids;
[09:33:45] [main/DEBUG]: Skipping Lnet/minecraft/world/level/material/EmptyFluid;
[09:33:45] [main/DEBUG]: Skipping Lnet/minecraft/world/level/material/LavaFluid;
[09:33:45] [main/DEBUG]: Skipping Lnet/minecraft/world/level/material/LavaFluid$Source;
[09:33:45] [main/DEBUG]: Skipping Lnet/minecraft/world/level/material/LavaFluid$Flowing;
[09:33:45] [main/DEBUG]: Skipping Lnet/minecraft/world/level/material/FluidState;
[09:33:45] [main/DEBUG]: Skipping Lnet/minecraft/world/level/material/Fluid;
[09:33:45] [main/DEBUG]: Skipping Lnet/minecraft/world/level/material/FlowingFluid;
[09:33:45] [main/DEBUG]: Skipping Lnet/minecraft/world/level/material/FlowingFluid$1;
[09:33:45] [main/DEBUG]: Skipping Lnet/minecraft/world/level/lighting/package-info;
[09:33:45] [main/DEBUG]: Skipping Lnet/minecraft/world/level/lighting/SpatialLongSet;
[09:33:45] [main/DEBUG]: Skipping Lnet/minecraft/world/level/lighting/SpatialLongSet$InternalMap;
[09:33:45] [main/DEBUG]: Skipping Lnet/minecraft/world/level/lighting/SkyLightSectionStorage;
[09:33:45] [main/DEBUG]: Skipping Lnet/minecraft/world/level/lighting/SkyLightSectionStorage$SkyDataLayerStorageMap;
[09:33:45] [main/DEBUG]: Skipping Lnet/minecraft/world/level/lighting/SkyLightEngine;
[09:33:45] [main/DEBUG]: Skipping Lnet/minecraft/world/level/lighting/SkyLightEngine$1;
[09:33:45] [main/DEBUG]: Skipping Lnet/minecraft/world/level/lighting/LightEventListener;
[09:33:45] [main/DEBUG]: Skipping Lnet/minecraft/world/level/lighting/LeveledPriorityQueue;
[09:33:45] [main/DEBUG]: Skipping Lnet/minecraft/world/level/lighting/LeveledPriorityQueue$1;
[09:33:45] [main/DEBUG]: Skipping Lnet/minecraft/world/level/lighting/LevelLightEngine;
[09:33:45] [main/DEBUG]: Skipping Lnet/minecraft/world/level/lighting/LayerLightSectionStorage;
[09:33:45] [main/DEBUG]: Skipping Lnet/minecraft/world/level/lighting/LayerLightSectionStorage$SectionType;
[09:33:45] [main/DEBUG]: Skipping Lnet/minecraft/world/level/lighting/LayerLightSectionStorage$SectionState;
[09:33:45] [main/DEBUG]: Skipping Lnet/minecraft/world/level/lighting/LayerLightEventListener;
[09:33:45] [main/DEBUG]: Skipping Lnet/minecraft/world/level/lighting/LayerLightEventListener$DummyLightLayerEventListener;
[09:33:45] [main/DEBUG]: Skipping Lnet/minecraft/world/level/lighting/DynamicGraphMinFixedPoint;
[09:33:45] [main/DEBUG]: Skipping Lnet/minecraft/world/level/lighting/DynamicGraphMinFixedPoint$1;
[09:33:45] [main/DEBUG]: Skipping Lnet/minecraft/world/level/lighting/DataLayerStorageMap;
[09:33:45] [main/DEBUG]: Skipping Lnet/minecraft/world/level/lighting/ChunkSkyLightSources;
[09:33:45] [main/DEBUG]: Skipping Lnet/minecraft/world/level/lighting/BlockLightSectionStorage;
[09:33:45] [main/DEBUG]: Skipping Lnet/minecraft/world/level/lighting/BlockLightSectionStorage$BlockDataLayerStorageMap;
[09:33:45] [main/DEBUG]: Skipping Lnet/minecraft/world/level/lighting/LightEngine;
[09:33:45] [main/DEBUG]: Skipping Lnet/minecraft/world/level/lighting/LightEngine$QueueEntry;
[09:33:45] [main/DEBUG]: Skipping Lnet/minecraft/world/level/lighting/BlockLightEngine;
[09:33:45] [main/DEBUG]: Skipping Lnet/minecraft/world/level/levelgen/synth/package-info;
[09:33:45] [main/DEBUG]: Skipping Lnet/minecraft/world/level/levelgen/synth/SimplexNoise;
[09:33:45] [main/DEBUG]: Skipping Lnet/minecraft/world/level/levelgen/synth/PerlinSimplexNoise;
[09:33:45] [main/DEBUG]: Skipping Lnet/minecraft/world/level/levelgen/synth/PerlinNoise;
[09:33:45] [main/DEBUG]: Skipping Lnet/minecraft/world/level/levelgen/synth/NormalNoise;
[09:33:45] [main/DEBUG]: Skipping Lnet/minecraft/world/level/levelgen/synth/NormalNoise$NoiseParameters;
[09:33:45] [main/DEBUG]: Skipping Lnet/minecraft/world/level/levelgen/synth/NoiseUtils;
[09:33:45] [main/DEBUG]: Skipping Lnet/minecraft/world/level/levelgen/synth/ImprovedNoise;
[09:33:45] [main/DEBUG]: Skipping Lnet/minecraft/world/level/levelgen/synth/BlendedNoise;
[09:33:45] [main/DEBUG]: Skipping Lnet/minecraft/world/level/levelgen/structure/templatesystem/rule/blockentity/package-info;
[09:33:45] [main/DEBUG]: Skipping Lnet/minecraft/world/level/levelgen/structure/templatesystem/rule/blockentity/RuleBlockEntityModifierType;
[09:33:45] [main/DEBUG]: Skipping Lnet/minecraft/world/level/levelgen/structure/templatesystem/rule/blockentity/RuleBlockEntityModifier;
[09:33:45] [main/DEBUG]: Skipping Lnet/minecraft/world/level/levelgen/structure/templatesystem/rule/blockentity/Passthrough;
[09:33:45] [main/DEBUG]: Skipping Lnet/minecraft/world/level/levelgen/structure/templatesystem/rule/blockentity/Clear;
[09:33:45] [main/DEBUG]: Skipping Lnet/minecraft/world/level/levelgen/structure/templatesystem/rule/blockentity/AppendStatic;
[09:33:45] [main/DEBUG]: Skipping Lnet/minecraft/world/level/levelgen/structure/templatesystem/rule/blockentity/AppendLoot;
[09:33:45] [main/DEBUG]: Skipping Lnet/minecraft/world/level/levelgen/structure/templatesystem/package-info;
[09:33:45] [main/DEBUG]: Skipping Lnet/minecraft/world/level/levelgen/structure/templatesystem/TagMatchTest;
[09:33:45] [main/DEBUG]: Skipping Lnet/minecraft/world/level/levelgen/structure/templatesystem/StructureTemplateManager;
[09:33:45] [main/DEBUG]: Skipping Lnet/minecraft/world/level/levelgen/structure/templatesystem/StructureTemplateManager$Source;
[09:33:45] [main/DEBUG]: Skipping Lnet/minecraft/world/level/levelgen/structure/templatesystem/StructureTemplateManager$InputStreamOpener;
[09:33:45] [main/DEBUG]: Skipping Lnet/minecraft/world/level/levelgen/structure/templatesystem/StructureProcessorType;
[09:33:45] [main/DEBUG]: Skipping Lnet/minecraft/world/level/levelgen/structure/templatesystem/StructureProcessorList;
[09:33:45] [main/DEBUG]: Skipping Lnet/minecraft/world/level/levelgen/structure/templatesystem/StructurePlaceSettings;
[09:33:45] [main/DEBUG]: Skipping Lnet/minecraft/world/level/levelgen/structure/templatesystem/RuleTestType;
[09:33:45] [main/DEBUG]: Skipping Lnet/minecraft/world/level/levelgen/structure/templatesystem/RuleTest;
[09:33:45] [main/DEBUG]: Skipping Lnet/minecraft/world/level/levelgen/structure/templatesystem/RuleProcessor;
[09:33:45] [main/DEBUG]: Skipping Lnet/minecraft/world/level/levelgen/structure/templatesystem/RandomBlockStateMatchTest;
[09:33:45] [main/DEBUG]: Skipping Lnet/minecraft/world/level/levelgen/structure/templatesystem/RandomBlockMatchTest;
[09:33:45] [main/DEBUG]: Skipping Lnet/minecraft/world/level/levelgen/structure/templatesystem/ProtectedBlockProcessor;
[09:33:45] [main/DEBUG]: Skipping Lnet/minecraft/world/level/levelgen/structure/templatesystem/ProcessorRule;
[09:33:45] [main/DEBUG]: Skipping Lnet/minecraft/world/level/levelgen/structure/templatesystem/PosRuleTestType;
[09:33:45] [main/DEBUG]: Skipping Lnet/minecraft/world/level/levelgen/structure/templatesystem/PosRuleTest;
[09:33:45] [main/DEBUG]: Skipping Lnet/minecraft/world/level/levelgen/structure/templatesystem/PosAlwaysTrueTest;
[09:33:45] [main/DEBUG]: Skipping Lnet/minecraft/world/level/levelgen/structure/templatesystem/NopProcessor;
[09:33:45] [main/DEBUG]: Skipping Lnet/minecraft/world/level/levelgen/structure/templatesystem/LiquidSettings;
[09:33:45] [main/DEBUG]: Skipping Lnet/minecraft/world/level/levelgen/structure/templatesystem/LinearPosTest;
[09:33:45] [main/DEBUG]: Skipping Lnet/minecraft/world/level/levelgen/structure/templatesystem/LavaSubmergedBlockProcessor;
[09:33:45] [main/DEBUG]: Skipping Lnet/minecraft/world/level/levelgen/structure/templatesystem/JigsawReplacementProcessor;
[09:33:45] [main/DEBUG]: Skipping Lnet/minecraft/world/level/levelgen/structure/templatesystem/GravityProcessor;
[09:33:45] [main/DEBUG]: Skipping Lnet/minecraft/world/level/levelgen/structure/templatesystem/CappedProcessor;
[09:33:45] [main/DEBUG]: Skipping Lnet/minecraft/world/level/levelgen/structure/templatesystem/BlockStateMatchTest;
[09:33:45] [main/DEBUG]: Skipping Lnet/minecraft/world/level/levelgen/structure/templatesystem/BlockRotProcessor;
[09:33:45] [main/DEBUG]: Skipping Lnet/minecraft/world/level/levelgen/structure/templatesystem/BlockMatchTest;
[09:33:45] [main/DEBUG]: Skipping Lnet/minecraft/world/level/levelgen/structure/templatesystem/BlockIgnoreProcessor;
[09:33:45] [main/DEBUG]: Skipping Lnet/minecraft/world/level/levelgen/structure/templatesystem/BlockAgeProcessor;
[09:33:45] [main/DEBUG]: Skipping Lnet/minecraft/world/level/levelgen/structure/templatesystem/BlackstoneReplaceProcessor;
[09:33:45] [main/DEBUG]: Skipping Lnet/minecraft/world/level/levelgen/structure/templatesystem/AxisAlignedLinearPosTest;
[09:33:45] [main/DEBUG]: Skipping Lnet/minecraft/world/level/levelgen/structure/templatesystem/AlwaysTrueTest;
[09:33:45] [main/DEBUG]: Skipping Lnet/minecraft/world/level/levelgen/structure/templatesystem/StructureTemplate;
[09:33:45] [main/DEBUG]: Skipping Lnet/minecraft/world/level/levelgen/structure/templatesystem/StructureTemplate$StructureEntityInfo;
[09:33:45] [main/DEBUG]: Skipping Lnet/minecraft/world/level/levelgen/structure/templatesystem/StructureTemplate$StructureBlockInfo;
[09:33:45] [main/DEBUG]: Skipping Lnet/minecraft/world/level/levelgen/structure/templatesystem/StructureTemplate$SimplePalette;
[09:33:45] [main/DEBUG]: Skipping Lnet/minecraft/world/level/levelgen/structure/templatesystem/StructureTemplate$Palette;
[09:33:45] [main/DEBUG]: Skipping Lnet/minecraft/world/level/levelgen/structure/templatesystem/StructureTemplate$1;
[09:33:45] [main/DEBUG]: Skipping Lnet/minecraft/world/level/levelgen/structure/templatesystem/StructureProcessor;
[09:33:45] [main/DEBUG]: Skipping Lnet/minecraft/world/level/levelgen/structure/structures/package-info;
[09:33:45] [main/DEBUG]: Skipping Lnet/minecraft/world/level/levelgen/structure/structures/WoodlandMansionStructure;
[09:33:45] [main/DEBUG]: Skipping Lnet/minecraft/world/level/levelgen/structure/structures/WoodlandMansionPieces;
[09:33:45] [main/DEBUG]: Skipping Lnet/minecraft/world/level/levelgen/structure/structures/WoodlandMansionPieces$WoodlandMansionPiece;
[09:33:45] [main/DEBUG]: Skipping Lnet/minecraft/world/level/levelgen/structure/structures/WoodlandMansionPieces$ThirdFloorRoomCollection;
[09:33:45] [main/DEBUG]: Skipping Lnet/minecraft/world/level/levelgen/structure/structures/WoodlandMansionPieces$SimpleGrid;
[09:33:45] [main/DEBUG]: Skipping Lnet/minecraft/world/level/levelgen/structure/structures/WoodlandMansionPieces$SecondFloorRoomCollection;
[09:33:45] [main/DEBUG]: Skipping Lnet/minecraft/world/level/levelgen/structure/structures/WoodlandMansionPieces$PlacementData;
[09:33:45] [main/DEBUG]: Skipping Lnet/minecraft/world/level/levelgen/structure/structures/WoodlandMansionPieces$MansionPiecePlacer;
[09:33:45] [main/DEBUG]: Skipping Lnet/minecraft/world/level/levelgen/structure/structures/WoodlandMansionPieces$MansionGrid;
[09:33:45] [main/DEBUG]: Skipping Lnet/minecraft/world/level/levelgen/structure/structures/WoodlandMansionPieces$FloorRoomCollection;
[09:33:45] [main/DEBUG]: Skipping Lnet/minecraft/world/level/levelgen/structure/structures/WoodlandMansionPieces$FirstFloorRoomCollection;
[09:33:45] [main/DEBUG]: Skipping Lnet/minecraft/world/level/levelgen/structure/structures/SwampHutStructure;
[09:33:45] [main/DEBUG]: Skipping Lnet/minecraft/world/level/levelgen/structure/structures/SwampHutPiece;
[09:33:45] [main/DEBUG]: Skipping Lnet/minecraft/world/level/levelgen/structure/structures/StrongholdStructure;
[09:33:45] [main/DEBUG]: Skipping Lnet/minecraft/world/level/levelgen/structure/structures/StrongholdPieces;
[09:33:45] [main/DEBUG]: Skipping Lnet/minecraft/world/level/levelgen/structure/structures/StrongholdPieces$Turn;
[09:33:45] [main/DEBUG]: Skipping Lnet/minecraft/world/level/levelgen/structure/structures/StrongholdPieces$StrongholdPiece;
[09:33:45] [main/DEBUG]: Skipping Lnet/minecraft/world/level/levelgen/structure/structures/StrongholdPieces$StrongholdPiece$SmallDoorType;
[09:33:45] [main/DEBUG]: Skipping Lnet/minecraft/world/level/levelgen/structure/structures/StrongholdPieces$StraightStairsDown;
[09:33:45] [main/DEBUG]: Skipping Lnet/minecraft/world/level/levelgen/structure/structures/StrongholdPieces$Straight;
[09:33:45] [main/DEBUG]: Skipping Lnet/minecraft/world/level/levelgen/structure/structures/StrongholdPieces$StartPiece;
[09:33:45] [main/DEBUG]: Skipping Lnet/minecraft/world/level/levelgen/structure/structures/StrongholdPieces$StairsDown;
[09:33:45] [main/DEBUG]: Skipping Lnet/minecraft/world/level/levelgen/structure/structures/StrongholdPieces$SmoothStoneSelector;
[09:33:45] [main/DEBUG]: Skipping Lnet/minecraft/world/level/levelgen/structure/structures/StrongholdPieces$RoomCrossing;
[09:33:45] [main/DEBUG]: Skipping Lnet/minecraft/world/level/levelgen/structure/structures/StrongholdPieces$RightTurn;
[09:33:45] [main/DEBUG]: Skipping Lnet/minecraft/world/level/levelgen/structure/structures/StrongholdPieces$PrisonHall;
[09:33:45] [main/DEBUG]: Skipping Lnet/minecraft/world/level/levelgen/structure/structures/StrongholdPieces$PortalRoom;
[09:33:45] [main/DEBUG]: Skipping Lnet/minecraft/world/level/levelgen/structure/structures/StrongholdPieces$PieceWeight;
[09:33:45] [main/DEBUG]: Skipping Lnet/minecraft/world/level/levelgen/structure/structures/StrongholdPieces$Library;
[09:33:45] [main/DEBUG]: Skipping Lnet/minecraft/world/level/levelgen/structure/structures/StrongholdPieces$LeftTurn;
[09:33:45] [main/DEBUG]: Skipping Lnet/minecraft/world/level/levelgen/structure/structures/StrongholdPieces$FiveCrossing;
[09:33:45] [main/DEBUG]: Skipping Lnet/minecraft/world/level/levelgen/structure/structures/StrongholdPieces$FillerCorridor;
[09:33:45] [main/DEBUG]: Skipping Lnet/minecraft/world/level/levelgen/structure/structures/StrongholdPieces$ChestCorridor;
[09:33:45] [main/DEBUG]: Skipping Lnet/minecraft/world/level/levelgen/structure/structures/StrongholdPieces$3;
[09:33:45] [main/DEBUG]: Skipping Lnet/minecraft/world/level/levelgen/structure/structures/StrongholdPieces$2;
[09:33:45] [main/DEBUG]: Skipping Lnet/minecraft/world/level/levelgen/structure/structures/StrongholdPieces$1;
[09:33:45] [main/DEBUG]: Skipping Lnet/minecraft/world/level/levelgen/structure/structures/ShipwreckStructure;
[09:33:45] [main/DEBUG]: Skipping Lnet/minecraft/world/level/levelgen/structure/structures/ShipwreckPieces;
[09:33:45] [main/DEBUG]: Skipping Lnet/minecraft/world/level/levelgen/structure/structures/ShipwreckPieces$ShipwreckPiece;
[09:33:45] [main/DEBUG]: Skipping Lnet/minecraft/world/level/levelgen/structure/structures/RuinedPortalStructure;
[09:33:45] [main/DEBUG]: Skipping Lnet/minecraft/world/level/levelgen/structure/structures/RuinedPortalStructure$Setup;
[09:33:45] [main/DEBUG]: Skipping Lnet/minecraft/world/level/levelgen/structure/structures/RuinedPortalPiece;
[09:33:45] [main/DEBUG]: Skipping Lnet/minecraft/world/level/levelgen/structure/structures/RuinedPortalPiece$VerticalPlacement;
[09:33:45] [main/DEBUG]: Skipping Lnet/minecraft/world/level/levelgen/structure/structures/RuinedPortalPiece$Properties;
[09:33:45] [main/DEBUG]: Skipping Lnet/minecraft/world/level/levelgen/structure/structures/OceanRuinStructure;
[09:33:45] [main/DEBUG]: Skipping Lnet/minecraft/world/level/levelgen/structure/structures/OceanRuinStructure$Type;
[09:33:45] [main/DEBUG]: Skipping Lnet/minecraft/world/level/levelgen/structure/structures/OceanRuinPieces;
[09:33:45] [main/DEBUG]: Skipping Lnet/minecraft/world/level/levelgen/structure/structures/OceanRuinPieces$OceanRuinPiece;
[09:33:45] [main/DEBUG]: Skipping Lnet/minecraft/world/level/levelgen/structure/structures/OceanRuinPieces$1;
[09:33:45] [main/DEBUG]: Skipping Lnet/minecraft/world/level/levelgen/structure/structures/OceanMonumentStructure;
[09:33:45] [main/DEBUG]: Skipping Lnet/minecraft/world/level/levelgen/structure/structures/OceanMonumentPieces;
[09:33:45] [main/DEBUG]: Skipping Lnet/minecraft/world/level/levelgen/structure/structures/OceanMonumentPieces$RoomDefinition;
[09:33:45] [main/DEBUG]: Skipping Lnet/minecraft/world/level/levelgen/structure/structures/OceanMonumentPieces$OceanMonumentWingRoom;
[09:33:45] [main/DEBUG]: Skipping Lnet/minecraft/world/level/levelgen/structure/structures/OceanMonumentPieces$OceanMonumentSimpleTopRoom;
[09:33:45] [main/DEBUG]: Skipping Lnet/minecraft/world/level/levelgen/structure/structures/OceanMonumentPieces$OceanMonumentSimpleRoom;
[09:33:45] [main/DEBUG]: Skipping Lnet/minecraft/world/level/levelgen/structure/structures/OceanMonumentPieces$OceanMonumentPiece;
[09:33:45] [main/DEBUG]: Skipping Lnet/minecraft/world/level/levelgen/structure/structures/OceanMonumentPieces$OceanMonumentPenthouse;
[09:33:45] [main/DEBUG]: Skipping Lnet/minecraft/world/level/levelgen/structure/structures/OceanMonumentPieces$OceanMonumentEntryRoom;
[09:33:45] [main/DEBUG]: Skipping Lnet/minecraft/world/level/levelgen/structure/structures/OceanMonumentPieces$OceanMonumentDoubleZRoom;
[09:33:45] [main/DEBUG]: Skipping Lnet/minecraft/world/level/levelgen/structure/structures/OceanMonumentPieces$OceanMonumentDoubleYZRoom;
[09:33:45] [main/DEBUG]: Skipping Lnet/minecraft/world/level/levelgen/structure/structures/OceanMonumentPieces$OceanMonumentDoubleYRoom;
[09:33:45] [main/DEBUG]: Skipping Lnet/minecraft/world/level/levelgen/structure/structures/OceanMonumentPieces$OceanMonumentDoubleXYRoom;
[09:33:45] [main/DEBUG]: Skipping Lnet/minecraft/world/level/levelgen/structure/structures/OceanMonumentPieces$OceanMonumentDoubleXRoom;
[09:33:45] [main/DEBUG]: Skipping Lnet/minecraft/world/level/levelgen/structure/structures/OceanMonumentPieces$OceanMonumentCoreRoom;
[09:33:45] [main/DEBUG]: Skipping Lnet/minecraft/world/level/levelgen/structure/structures/OceanMonumentPieces$MonumentRoomFitter;
[09:33:45] [main/DEBUG]: Skipping Lnet/minecraft/world/level/levelgen/structure/structures/OceanMonumentPieces$MonumentBuilding;
[09:33:45] [main/DEBUG]: Skipping Lnet/minecraft/world/level/levelgen/structure/structures/OceanMonumentPieces$FitSimpleTopRoom;
[09:33:45] [main/DEBUG]: Skipping Lnet/minecraft/world/level/levelgen/structure/structures/OceanMonumentPieces$FitSimpleRoom;
[09:33:45] [main/DEBUG]: Skipping Lnet/minecraft/world/level/levelgen/structure/structures/OceanMonumentPieces$FitDoubleZRoom;
[09:33:45] [main/DEBUG]: Skipping Lnet/minecraft/world/level/levelgen/structure/structures/OceanMonumentPieces$FitDoubleYZRoom;
[09:33:45] [main/DEBUG]: Skipping Lnet/minecraft/world/level/levelgen/structure/structures/OceanMonumentPieces$FitDoubleYRoom;
[09:33:45] [main/DEBUG]: Skipping Lnet/minecraft/world/level/levelgen/structure/structures/OceanMonumentPieces$FitDoubleXYRoom;
[09:33:45] [main/DEBUG]: Skipping Lnet/minecraft/world/level/levelgen/structure/structures/OceanMonumentPieces$FitDoubleXRoom;
[09:33:45] [main/DEBUG]: Skipping Lnet/minecraft/world/level/levelgen/structure/structures/OceanMonumentPieces$1;
[09:33:45] [main/DEBUG]: Skipping Lnet/minecraft/world/level/levelgen/structure/structures/NetherFossilStructure;
[09:33:45] [main/DEBUG]: Skipping Lnet/minecraft/world/level/levelgen/structure/structures/NetherFossilPieces;
[09:33:45] [main/DEBUG]: Skipping Lnet/minecraft/world/level/levelgen/structure/structures/NetherFossilPieces$NetherFossilPiece;
[09:33:45] [main/DEBUG]: Skipping Lnet/minecraft/world/level/levelgen/structure/structures/NetherFortressStructure;
[09:33:45] [main/DEBUG]: Skipping Lnet/minecraft/world/level/levelgen/structure/structures/NetherFortressPieces;
[09:33:45] [main/DEBUG]: Skipping Lnet/minecraft/world/level/levelgen/structure/structures/NetherFortressPieces$StartPiece;
[09:33:45] [main/DEBUG]: Skipping Lnet/minecraft/world/level/levelgen/structure/structures/NetherFortressPieces$StairsRoom;
[09:33:45] [main/DEBUG]: Skipping Lnet/minecraft/world/level/levelgen/structure/structures/NetherFortressPieces$RoomCrossing;
[09:33:45] [main/DEBUG]: Skipping Lnet/minecraft/world/level/levelgen/structure/structures/NetherFortressPieces$PieceWeight;
[09:33:45] [main/DEBUG]: Skipping Lnet/minecraft/world/level/levelgen/structure/structures/NetherFortressPieces$NetherBridgePiece;
[09:33:45] [main/DEBUG]: Skipping Lnet/minecraft/world/level/levelgen/structure/structures/NetherFortressPieces$MonsterThrone;
[09:33:45] [main/DEBUG]: Skipping Lnet/minecraft/world/level/levelgen/structure/structures/NetherFortressPieces$CastleStalkRoom;
[09:33:45] [main/DEBUG]: Skipping Lnet/minecraft/world/level/levelgen/structure/structures/NetherFortressPieces$CastleSmallCorridorRightTurnPiece;
[09:33:45] [main/DEBUG]: Skipping Lnet/minecraft/world/level/levelgen/structure/structures/NetherFortressPieces$CastleSmallCorridorPiece;
[09:33:45] [main/DEBUG]: Skipping Lnet/minecraft/world/level/levelgen/structure/structures/NetherFortressPieces$CastleSmallCorridorLeftTurnPiece;
[09:33:45] [main/DEBUG]: Skipping Lnet/minecraft/world/level/levelgen/structure/structures/NetherFortressPieces$CastleSmallCorridorCrossingPiece;
[09:33:45] [main/DEBUG]: Skipping Lnet/minecraft/world/level/levelgen/structure/structures/NetherFortressPieces$CastleEntrance;
[09:33:45] [main/DEBUG]: Skipping Lnet/minecraft/world/level/levelgen/structure/structures/NetherFortressPieces$CastleCorridorTBalconyPiece;
[09:33:45] [main/DEBUG]: Skipping Lnet/minecraft/world/level/levelgen/structure/structures/NetherFortressPieces$CastleCorridorStairsPiece;
[09:33:45] [main/DEBUG]: Skipping Lnet/minecraft/world/level/levelgen/structure/structures/NetherFortressPieces$BridgeStraight;
[09:33:45] [main/DEBUG]: Skipping Lnet/minecraft/world/level/levelgen/structure/structures/NetherFortressPieces$BridgeEndFiller;
[09:33:45] [main/DEBUG]: Skipping Lnet/minecraft/world/level/levelgen/structure/structures/NetherFortressPieces$BridgeCrossing;
[09:33:45] [main/DEBUG]: Skipping Lnet/minecraft/world/level/levelgen/structure/structures/NetherFortressPieces$1;
[09:33:45] [main/DEBUG]: Skipping Lnet/minecraft/world/level/levelgen/structure/structures/MineshaftStructure;
[09:33:45] [main/DEBUG]: Skipping Lnet/minecraft/world/level/levelgen/structure/structures/MineshaftStructure$Type;
[09:33:45] [main/DEBUG]: Skipping Lnet/minecraft/world/level/levelgen/structure/structures/MineshaftPieces;
[09:33:45] [main/DEBUG]: Skipping Lnet/minecraft/world/level/levelgen/structure/structures/MineshaftPieces$MineShaftStairs;
[09:33:45] [main/DEBUG]: Skipping Lnet/minecraft/world/level/levelgen/structure/structures/MineshaftPieces$MineShaftRoom;
[09:33:45] [main/DEBUG]: Skipping Lnet/minecraft/world/level/levelgen/structure/structures/MineshaftPieces$MineShaftPiece;
[09:33:45] [main/DEBUG]: Skipping Lnet/minecraft/world/level/levelgen/structure/structures/MineshaftPieces$MineShaftCrossing;
[09:33:45] [main/DEBUG]: Skipping Lnet/minecraft/world/level/levelgen/structure/structures/MineshaftPieces$MineShaftCorridor;
[09:33:45] [main/DEBUG]: Skipping Lnet/minecraft/world/level/levelgen/structure/structures/MineshaftPieces$1;
[09:33:45] [main/DEBUG]: Skipping Lnet/minecraft/world/level/levelgen/structure/structures/JungleTempleStructure;
[09:33:45] [main/DEBUG]: Skipping Lnet/minecraft/world/level/levelgen/structure/structures/JungleTemplePiece;
[09:33:45] [main/DEBUG]: Skipping Lnet/minecraft/world/level/levelgen/structure/structures/JungleTemplePiece$MossStoneSelector;
[09:33:45] [main/DEBUG]: Skipping Lnet/minecraft/world/level/levelgen/structure/structures/JigsawStructure;
[09:33:45] [main/DEBUG]: Skipping Lnet/minecraft/world/level/levelgen/structure/structures/JigsawStructure$1;
[09:33:45] [main/DEBUG]: Skipping Lnet/minecraft/world/level/levelgen/structure/structures/IglooStructure;
[09:33:45] [main/DEBUG]: Skipping Lnet/minecraft/world/level/levelgen/structure/structures/IglooPieces;
[09:33:45] [main/DEBUG]: Skipping Lnet/minecraft/world/level/levelgen/structure/structures/IglooPieces$IglooPiece;
[09:33:45] [main/DEBUG]: Skipping Lnet/minecraft/world/level/levelgen/structure/structures/EndCityStructure;
[09:33:45] [main/DEBUG]: Skipping Lnet/minecraft/world/level/levelgen/structure/structures/EndCityPieces;
[09:33:45] [main/DEBUG]: Skipping Lnet/minecraft/world/level/levelgen/structure/structures/EndCityPieces$SectionGenerator;
[09:33:45] [main/DEBUG]: Skipping Lnet/minecraft/world/level/levelgen/structure/structures/EndCityPieces$EndCityPiece;
[09:33:45] [main/DEBUG]: Skipping Lnet/minecraft/world/level/levelgen/structure/structures/EndCityPieces$4;
[09:33:45] [main/DEBUG]: Skipping Lnet/minecraft/world/level/levelgen/structure/structures/EndCityPieces$3;
[09:33:45] [main/DEBUG]: Skipping Lnet/minecraft/world/level/levelgen/structure/structures/EndCityPieces$2;
[09:33:45] [main/DEBUG]: Skipping Lnet/minecraft/world/level/levelgen/structure/structures/EndCityPieces$1;
[09:33:45] [main/DEBUG]: Skipping Lnet/minecraft/world/level/levelgen/structure/structures/DesertPyramidStructure;
[09:33:45] [main/DEBUG]: Skipping Lnet/minecraft/world/level/levelgen/structure/structures/DesertPyramidPiece;
[09:33:45] [main/DEBUG]: Skipping Lnet/minecraft/world/level/levelgen/structure/structures/BuriedTreasureStructure;
[09:33:45] [main/DEBUG]: Skipping Lnet/minecraft/world/level/levelgen/structure/structures/BuriedTreasurePieces;
[09:33:45] [main/DEBUG]: Skipping Lnet/minecraft/world/level/levelgen/structure/structures/BuriedTreasurePieces$BuriedTreasurePiece;
[09:33:45] [main/DEBUG]: Skipping Lnet/minecraft/world/level/levelgen/structure/pools/package-info;
[09:33:45] [main/DEBUG]: Skipping Lnet/minecraft/world/level/levelgen/structure/pools/alias/package-info;
[09:33:45] [main/DEBUG]: Skipping Lnet/minecraft/world/level/levelgen/structure/pools/alias/RandomGroup;
[09:33:45] [main/DEBUG]: Skipping Lnet/minecraft/world/level/levelgen/structure/pools/alias/Random;
[09:33:45] [main/DEBUG]: Skipping Lnet/minecraft/world/level/levelgen/structure/pools/alias/PoolAliasLookup;
[09:33:45] [main/DEBUG]: Skipping Lnet/minecraft/world/level/levelgen/structure/pools/alias/PoolAliasBindings;
[09:33:45] [main/DEBUG]: Skipping Lnet/minecraft/world/level/levelgen/structure/pools/alias/PoolAliasBinding;
[09:33:45] [main/DEBUG]: Skipping Lnet/minecraft/world/level/levelgen/structure/pools/alias/Direct;
[09:33:45] [main/DEBUG]: Skipping Lnet/minecraft/world/level/levelgen/structure/pools/StructureTemplatePool;
[09:33:45] [main/DEBUG]: Skipping Lnet/minecraft/world/level/levelgen/structure/pools/StructureTemplatePool$Projection;
[09:33:45] [main/DEBUG]: Skipping Lnet/minecraft/world/level/levelgen/structure/pools/StructurePoolElementType;
[09:33:45] [main/DEBUG]: Skipping Lnet/minecraft/world/level/levelgen/structure/pools/StructurePoolElement;
[09:33:45] [main/DEBUG]: Skipping Lnet/minecraft/world/level/levelgen/structure/pools/SinglePoolElement;
[09:33:45] [main/DEBUG]: Skipping Lnet/minecraft/world/level/levelgen/structure/pools/ListPoolElement;
[09:33:45] [main/DEBUG]: Skipping Lnet/minecraft/world/level/levelgen/structure/pools/LegacySinglePoolElement;
[09:33:45] [main/DEBUG]: Skipping Lnet/minecraft/world/level/levelgen/structure/pools/JigsawPlacement;
[09:33:45] [main/DEBUG]: Skipping Lnet/minecraft/world/level/levelgen/structure/pools/JigsawPlacement$Placer;
[09:33:45] [main/DEBUG]: Skipping Lnet/minecraft/world/level/levelgen/structure/pools/JigsawPlacement$PieceState;
[09:33:45] [main/DEBUG]: Skipping Lnet/minecraft/world/level/levelgen/structure/pools/JigsawJunction;
[09:33:45] [main/DEBUG]: Skipping Lnet/minecraft/world/level/levelgen/structure/pools/FeaturePoolElement;
[09:33:45] [main/DEBUG]: Skipping Lnet/minecraft/world/level/levelgen/structure/pools/EmptyPoolElement;
[09:33:45] [main/DEBUG]: Skipping Lnet/minecraft/world/level/levelgen/structure/pools/DimensionPadding;
[09:33:45] [main/DEBUG]: Skipping Lnet/minecraft/world/level/levelgen/structure/placement/package-info;
[09:33:45] [main/DEBUG]: Skipping Lnet/minecraft/world/level/levelgen/structure/placement/StructurePlacementType;
[09:33:45] [main/DEBUG]: Skipping Lnet/minecraft/world/level/levelgen/structure/placement/StructurePlacement;
[09:33:45] [main/DEBUG]: Skipping Lnet/minecraft/world/level/levelgen/structure/placement/StructurePlacement$FrequencyReductionMethod;
[09:33:45] [main/DEBUG]: Skipping Lnet/minecraft/world/level/levelgen/structure/placement/StructurePlacement$FrequencyReducer;
[09:33:45] [main/DEBUG]: Skipping Lnet/minecraft/world/level/levelgen/structure/placement/StructurePlacement$ExclusionZone;
[09:33:45] [main/DEBUG]: Skipping Lnet/minecraft/world/level/levelgen/structure/placement/RandomSpreadType;
[09:33:45] [main/DEBUG]: Skipping Lnet/minecraft/world/level/levelgen/structure/placement/RandomSpreadStructurePlacement;
[09:33:45] [main/DEBUG]: Skipping Lnet/minecraft/world/level/levelgen/structure/placement/ConcentricRingsStructurePlacement;
[09:33:45] [main/DEBUG]: Skipping Lnet/minecraft/world/level/levelgen/structure/pieces/package-info;
[09:33:45] [main/DEBUG]: Skipping Lnet/minecraft/world/level/levelgen/structure/pieces/StructurePiecesBuilder;
[09:33:45] [main/DEBUG]: Skipping Lnet/minecraft/world/level/levelgen/structure/pieces/StructurePieceType;
[09:33:45] [main/DEBUG]: Skipping Lnet/minecraft/world/level/levelgen/structure/pieces/StructurePieceType$StructureTemplateType;
[09:33:45] [main/DEBUG]: Skipping Lnet/minecraft/world/level/levelgen/structure/pieces/StructurePieceType$ContextlessType;
[09:33:45] [main/DEBUG]: Skipping Lnet/minecraft/world/level/levelgen/structure/pieces/StructurePieceSerializationContext;
[09:33:45] [main/DEBUG]: Skipping Lnet/minecraft/world/level/levelgen/structure/pieces/PiecesContainer;
[09:33:45] [main/DEBUG]: Skipping Lnet/minecraft/world/level/levelgen/structure/pieces/PieceGeneratorSupplier;
[09:33:45] [main/DEBUG]: Skipping Lnet/minecraft/world/level/levelgen/structure/pieces/PieceGeneratorSupplier$Context;
[09:33:45] [main/DEBUG]: Skipping Lnet/minecraft/world/level/levelgen/structure/pieces/PieceGenerator;
[09:33:45] [main/DEBUG]: Skipping Lnet/minecraft/world/level/levelgen/structure/pieces/PieceGenerator$Context;
[09:33:45] [main/DEBUG]: Skipping Lnet/minecraft/world/level/levelgen/structure/package-info;
[09:33:45] [main/DEBUG]: Skipping Lnet/minecraft/world/level/levelgen/structure/TerrainAdjustment;
[09:33:45] [main/DEBUG]: Skipping Lnet/minecraft/world/level/levelgen/structure/TemplateStructurePiece;
[09:33:45] [main/DEBUG]: Skipping Lnet/minecraft/world/level/levelgen/structure/StructureType;
[09:33:45] [main/DEBUG]: Skipping Lnet/minecraft/world/level/levelgen/structure/StructureSpawnOverride;
[09:33:45] [main/DEBUG]: Skipping Lnet/minecraft/world/level/levelgen/structure/StructureSpawnOverride$BoundingBoxType;
[09:33:45] [main/DEBUG]: Skipping Lnet/minecraft/world/level/levelgen/structure/StructureSet;
[09:33:45] [main/DEBUG]: Skipping Lnet/minecraft/world/level/levelgen/structure/StructureSet$StructureSelectionEntry;
[09:33:45] [main/DEBUG]: Skipping Lnet/minecraft/world/level/levelgen/structure/StructurePieceAccessor;
[09:33:45] [main/DEBUG]: Skipping Lnet/minecraft/world/level/levelgen/structure/StructureFeatureIndexSavedData;
[09:33:45] [main/DEBUG]: Skipping Lnet/minecraft/world/level/levelgen/structure/StructureCheckResult;
[09:33:45] [main/DEBUG]: Skipping Lnet/minecraft/world/level/levelgen/structure/StructureCheck;
[09:33:45] [main/DEBUG]: Skipping Lnet/minecraft/world/level/levelgen/structure/SinglePieceStructure;
[09:33:45] [main/DEBUG]: Skipping Lnet/minecraft/world/level/levelgen/structure/SinglePieceStructure$PieceConstructor;
[09:33:45] [main/DEBUG]: Skipping Lnet/minecraft/world/level/levelgen/structure/ScatteredFeaturePiece;
[09:33:45] [main/DEBUG]: Skipping Lnet/minecraft/world/level/levelgen/structure/PostPlacementProcessor;
[09:33:45] [main/DEBUG]: Skipping Lnet/minecraft/world/level/levelgen/structure/PoolElementStructurePiece;
[09:33:45] [main/DEBUG]: Skipping Lnet/minecraft/world/level/levelgen/structure/LegacyStructureDataHandler;
[09:33:45] [main/DEBUG]: Skipping Lnet/minecraft/world/level/levelgen/structure/BuiltinStructures;
[09:33:45] [main/DEBUG]: Skipping Lnet/minecraft/world/level/levelgen/structure/BuiltinStructureSets;
[09:33:45] [main/DEBUG]: Skipping Lnet/minecraft/world/level/levelgen/structure/BoundingBox;
[09:33:45] [main/DEBUG]: Skipping Lnet/minecraft/world/level/levelgen/structure/BoundingBox$1;
[09:33:45] [main/DEBUG]: Skipping Lnet/minecraft/world/level/levelgen/structure/StructureStart;
[09:33:45] [main/DEBUG]: Skipping Lnet/minecraft/world/level/levelgen/structure/StructurePiece;
[09:33:45] [main/DEBUG]: Skipping Lnet/minecraft/world/level/levelgen/structure/StructurePiece$BlockSelector;
[09:33:45] [main/DEBUG]: Skipping Lnet/minecraft/world/level/levelgen/structure/StructurePiece$1;
[09:33:45] [main/DEBUG]: Skipping Lnet/minecraft/world/level/levelgen/structure/Structure;
[09:33:45] [main/DEBUG]: Skipping Lnet/minecraft/world/level/levelgen/structure/Structure$StructureSettings;
[09:33:45] [main/DEBUG]: Skipping Lnet/minecraft/world/level/levelgen/structure/Structure$StructureSettings$Builder;
[09:33:45] [main/DEBUG]: Skipping Lnet/minecraft/world/level/levelgen/structure/Structure$GenerationStub;
[09:33:45] [main/DEBUG]: Skipping Lnet/minecraft/world/level/levelgen/structure/Structure$GenerationContext;
[09:33:45] [main/DEBUG]: Skipping Lnet/minecraft/world/level/levelgen/presets/package-info;
[09:33:45] [main/DEBUG]: Skipping Lnet/minecraft/world/level/levelgen/presets/WorldPresets;
[09:33:45] [main/DEBUG]: Skipping Lnet/minecraft/world/level/levelgen/presets/WorldPresets$Bootstrap;
[09:33:45] [main/DEBUG]: Skipping Lnet/minecraft/world/level/levelgen/presets/WorldPreset;
[09:33:45] [main/DEBUG]: Skipping Lnet/minecraft/world/level/levelgen/placement/package-info;
[09:33:45] [main/DEBUG]: Skipping Lnet/minecraft/world/level/levelgen/placement/SurfaceWaterDepthFilter;
[09:33:45] [main/DEBUG]: Skipping Lnet/minecraft/world/level/levelgen/placement/SurfaceRelativeThresholdFilter;
[09:33:45] [main/DEBUG]: Skipping Lnet/minecraft/world/level/levelgen/placement/RepeatingPlacement;
[09:33:45] [main/DEBUG]: Skipping Lnet/minecraft/world/level/levelgen/placement/RarityFilter;
[09:33:45] [main/DEBUG]: Skipping Lnet/minecraft/world/level/levelgen/placement/RandomOffsetPlacement;
[09:33:45] [main/DEBUG]: Skipping Lnet/minecraft/world/level/levelgen/placement/PlacementModifierType;
[09:33:45] [main/DEBUG]: Skipping Lnet/minecraft/world/level/levelgen/placement/PlacementModifier;
[09:33:45] [main/DEBUG]: Skipping Lnet/minecraft/world/level/levelgen/placement/PlacementFilter;
[09:33:45] [main/DEBUG]: Skipping Lnet/minecraft/world/level/levelgen/placement/PlacementContext;
[09:33:45] [main/DEBUG]: Skipping Lnet/minecraft/world/level/levelgen/placement/PlacedFeature;
[09:33:45] [main/DEBUG]: Skipping Lnet/minecraft/world/level/levelgen/placement/NoiseThresholdCountPlacement;
[09:33:45] [main/DEBUG]: Skipping Lnet/minecraft/world/level/levelgen/placement/NoiseBasedCountPlacement;
[09:33:45] [main/DEBUG]: Skipping Lnet/minecraft/world/level/levelgen/placement/InSquarePlacement;
[09:33:45] [main/DEBUG]: Skipping Lnet/minecraft/world/level/levelgen/placement/HeightmapPlacement;
[09:33:45] [main/DEBUG]: Skipping Lnet/minecraft/world/level/levelgen/placement/HeightRangePlacement;
[09:33:45] [main/DEBUG]: Skipping Lnet/minecraft/world/level/levelgen/placement/FixedPlacement;
[09:33:45] [main/DEBUG]: Skipping Lnet/minecraft/world/level/levelgen/placement/EnvironmentScanPlacement;
[09:33:45] [main/DEBUG]: Skipping Lnet/minecraft/world/level/levelgen/placement/CountPlacement;
[09:33:45] [main/DEBUG]: Skipping Lnet/minecraft/world/level/levelgen/placement/CountOnEveryLayerPlacement;
[09:33:45] [main/DEBUG]: Skipping Lnet/minecraft/world/level/levelgen/placement/CaveSurface;
[09:33:45] [main/DEBUG]: Skipping Lnet/minecraft/world/level/levelgen/placement/CarvingMaskPlacement;
[09:33:45] [main/DEBUG]: Skipping Lnet/minecraft/world/level/levelgen/placement/BlockPredicateFilter;
[09:33:45] [main/DEBUG]: Skipping Lnet/minecraft/world/level/levelgen/placement/BiomeFilter;
[09:33:45] [main/DEBUG]: Skipping Lnet/minecraft/world/level/levelgen/package-info;
[09:33:45] [main/DEBUG]: Skipping Lnet/minecraft/world/level/levelgen/material/package-info;
[09:33:45] [main/DEBUG]: Skipping Lnet/minecraft/world/level/levelgen/material/WorldGenMaterialRule;
[09:33:45] [main/DEBUG]: Skipping Lnet/minecraft/world/level/levelgen/material/MaterialRuleList;
[09:33:45] [main/DEBUG]: Skipping Lnet/minecraft/world/level/levelgen/heightproviders/package-info;
[09:33:45] [main/DEBUG]: Skipping Lnet/minecraft/world/level/levelgen/heightproviders/WeightedListHeight;
[09:33:45] [main/DEBUG]: Skipping Lnet/minecraft/world/level/levelgen/heightproviders/VeryBiasedToBottomHeight;
[09:33:45] [main/DEBUG]: Skipping Lnet/minecraft/world/level/levelgen/heightproviders/UniformHeight;
[09:33:45] [main/DEBUG]: Skipping Lnet/minecraft/world/level/levelgen/heightproviders/TrapezoidHeight;
[09:33:45] [main/DEBUG]: Skipping Lnet/minecraft/world/level/levelgen/heightproviders/HeightProviderType;
[09:33:45] [main/DEBUG]: Skipping Lnet/minecraft/world/level/levelgen/heightproviders/HeightProvider;
[09:33:45] [main/DEBUG]: Skipping Lnet/minecraft/world/level/levelgen/heightproviders/ConstantHeight;
[09:33:45] [main/DEBUG]: Skipping Lnet/minecraft/world/level/levelgen/heightproviders/BiasedToBottomHeight;
[09:33:45] [main/DEBUG]: Skipping Lnet/minecraft/world/level/levelgen/flat/package-info;
[09:33:45] [main/DEBUG]: Skipping Lnet/minecraft/world/level/levelgen/flat/FlatLevelGeneratorSettings;
[09:33:45] [main/DEBUG]: Skipping Lnet/minecraft/world/level/levelgen/flat/FlatLevelGeneratorPresets;
[09:33:45] [main/DEBUG]: Skipping Lnet/minecraft/world/level/levelgen/flat/FlatLevelGeneratorPresets$Bootstrap;
[09:33:45] [main/DEBUG]: Skipping Lnet/minecraft/world/level/levelgen/flat/FlatLevelGeneratorPreset;
[09:33:45] [main/DEBUG]: Skipping Lnet/minecraft/world/level/levelgen/flat/FlatLayerInfo;
[09:33:45] [main/DEBUG]: Skipping Lnet/minecraft/world/level/levelgen/feature/trunkplacers/package-info;
[09:33:45] [main/DEBUG]: Skipping Lnet/minecraft/world/level/levelgen/feature/trunkplacers/UpwardsBranchingTrunkPlacer;
[09:33:45] [main/DEBUG]: Transforming class Lnet/minecraft/world/level/levelgen/feature/trunkplacers/TrunkPlacerType;
[09:33:45] [main/DEBUG]: Transforming net/minecraft/world/level/levelgen/feature/trunkplacers/TrunkPlacerType METHOD <init>(Lcom/mojang/serialization/MapCodec;)V to access PUBLIC and LEAVE
[09:33:45] [main/DEBUG]: Skipping Lnet/minecraft/world/level/levelgen/feature/trunkplacers/StraightTrunkPlacer;
[09:33:45] [main/DEBUG]: Skipping Lnet/minecraft/world/level/levelgen/feature/trunkplacers/MegaJungleTrunkPlacer;
[09:33:45] [main/DEBUG]: Skipping Lnet/minecraft/world/level/levelgen/feature/trunkplacers/GiantTrunkPlacer;
[09:33:45] [main/DEBUG]: Skipping Lnet/minecraft/world/level/levelgen/feature/trunkplacers/ForkingTrunkPlacer;
[09:33:45] [main/DEBUG]: Skipping Lnet/minecraft/world/level/levelgen/feature/trunkplacers/FancyTrunkPlacer;
[09:33:45] [main/DEBUG]: Skipping Lnet/minecraft/world/level/levelgen/feature/trunkplacers/FancyTrunkPlacer$FoliageCoords;
[09:33:45] [main/DEBUG]: Skipping Lnet/minecraft/world/level/levelgen/feature/trunkplacers/DarkOakTrunkPlacer;
[09:33:45] [main/DEBUG]: Skipping Lnet/minecraft/world/level/levelgen/feature/trunkplacers/CherryTrunkPlacer;
[09:33:45] [main/DEBUG]: Skipping Lnet/minecraft/world/level/levelgen/feature/trunkplacers/BendingTrunkPlacer;
[09:33:46] [main/DEBUG]: Skipping Lnet/minecraft/world/level/levelgen/feature/trunkplacers/TrunkPlacer;
[09:33:46] [main/DEBUG]: Skipping Lnet/minecraft/world/level/levelgen/feature/treedecorators/package-info;
[09:33:46] [main/DEBUG]: Skipping Lnet/minecraft/world/level/levelgen/feature/treedecorators/TrunkVineDecorator;
[09:33:46] [main/DEBUG]: Transforming class Lnet/minecraft/world/level/levelgen/feature/treedecorators/TreeDecoratorType;
[09:33:46] [main/DEBUG]: Transforming net/minecraft/world/level/levelgen/feature/treedecorators/TreeDecoratorType METHOD <init>(Lcom/mojang/serialization/MapCodec;)V to access PUBLIC and LEAVE
[09:33:46] [main/DEBUG]: Skipping Lnet/minecraft/world/level/levelgen/feature/treedecorators/TreeDecorator;
[09:33:46] [main/DEBUG]: Skipping Lnet/minecraft/world/level/levelgen/feature/treedecorators/TreeDecorator$Context;
[09:33:46] [main/DEBUG]: Skipping Lnet/minecraft/world/level/levelgen/feature/treedecorators/LeaveVineDecorator;
[09:33:46] [main/DEBUG]: Skipping Lnet/minecraft/world/level/levelgen/feature/treedecorators/CocoaDecorator;
[09:33:46] [main/DEBUG]: Skipping Lnet/minecraft/world/level/levelgen/feature/treedecorators/BeehiveDecorator;
[09:33:46] [main/DEBUG]: Skipping Lnet/minecraft/world/level/levelgen/feature/treedecorators/AttachedToLeavesDecorator;
[09:33:46] [main/DEBUG]: Skipping Lnet/minecraft/world/level/levelgen/feature/treedecorators/AlterGroundDecorator;
[09:33:46] [main/DEBUG]: Skipping Lnet/minecraft/world/level/levelgen/feature/stateproviders/package-info;
[09:33:46] [main/DEBUG]: Skipping Lnet/minecraft/world/level/levelgen/feature/stateproviders/WeightedStateProvider;
[09:33:46] [main/DEBUG]: Skipping Lnet/minecraft/world/level/levelgen/feature/stateproviders/SimpleStateProvider;
[09:33:46] [main/DEBUG]: Skipping Lnet/minecraft/world/level/levelgen/feature/stateproviders/RuleBasedBlockStateProvider;
[09:33:46] [main/DEBUG]: Skipping Lnet/minecraft/world/level/levelgen/feature/stateproviders/RuleBasedBlockStateProvider$Rule;
[09:33:46] [main/DEBUG]: Skipping Lnet/minecraft/world/level/levelgen/feature/stateproviders/RotatedBlockProvider;
[09:33:46] [main/DEBUG]: Skipping Lnet/minecraft/world/level/levelgen/feature/stateproviders/RandomizedIntStateProvider;
[09:33:46] [main/DEBUG]: Skipping Lnet/minecraft/world/level/levelgen/feature/stateproviders/NoiseThresholdProvider;
[09:33:46] [main/DEBUG]: Skipping Lnet/minecraft/world/level/levelgen/feature/stateproviders/NoiseProvider;
[09:33:46] [main/DEBUG]: Skipping Lnet/minecraft/world/level/levelgen/feature/stateproviders/NoiseBasedStateProvider;
[09:33:46] [main/DEBUG]: Skipping Lnet/minecraft/world/level/levelgen/feature/stateproviders/DualNoiseProvider;
[09:33:46] [main/DEBUG]: Transforming class Lnet/minecraft/world/level/levelgen/feature/stateproviders/BlockStateProviderType;
[09:33:46] [main/DEBUG]: Transforming net/minecraft/world/level/levelgen/feature/stateproviders/BlockStateProviderType METHOD <init>(Lcom/mojang/serialization/MapCodec;)V to access PUBLIC and LEAVE
[09:33:46] [main/DEBUG]: Skipping Lnet/minecraft/world/level/levelgen/feature/stateproviders/BlockStateProvider;
[09:33:46] [main/DEBUG]: Skipping Lnet/minecraft/world/level/levelgen/feature/rootplacers/package-info;
[09:33:46] [main/DEBUG]: Transforming class Lnet/minecraft/world/level/levelgen/feature/rootplacers/RootPlacerType;
[09:33:46] [main/DEBUG]: Transforming net/minecraft/world/level/levelgen/feature/rootplacers/RootPlacerType METHOD <init>(Lcom/mojang/serialization/MapCodec;)V to access PUBLIC and LEAVE
[09:33:46] [main/DEBUG]: Skipping Lnet/minecraft/world/level/levelgen/feature/rootplacers/RootPlacer;
[09:33:46] [main/DEBUG]: Skipping Lnet/minecraft/world/level/levelgen/feature/rootplacers/MangroveRootPlacer;
[09:33:46] [main/DEBUG]: Skipping Lnet/minecraft/world/level/levelgen/feature/rootplacers/MangroveRootPlacement;
[09:33:46] [main/DEBUG]: Skipping Lnet/minecraft/world/level/levelgen/feature/rootplacers/AboveRootPlacement;
[09:33:46] [main/DEBUG]: Skipping Lnet/minecraft/world/level/levelgen/feature/package-info;
[09:33:46] [main/DEBUG]: Skipping Lnet/minecraft/world/level/levelgen/feature/foliageplacers/package-info;
[09:33:46] [main/DEBUG]: Skipping Lnet/minecraft/world/level/levelgen/feature/foliageplacers/SpruceFoliagePlacer;
[09:33:46] [main/DEBUG]: Skipping Lnet/minecraft/world/level/levelgen/feature/foliageplacers/RandomSpreadFoliagePlacer;
[09:33:46] [main/DEBUG]: Skipping Lnet/minecraft/world/level/levelgen/feature/foliageplacers/PineFoliagePlacer;
[09:33:46] [main/DEBUG]: Skipping Lnet/minecraft/world/level/levelgen/feature/foliageplacers/MegaPineFoliagePlacer;
[09:33:46] [main/DEBUG]: Skipping Lnet/minecraft/world/level/levelgen/feature/foliageplacers/MegaJungleFoliagePlacer;
[09:33:46] [main/DEBUG]: Transforming class Lnet/minecraft/world/level/levelgen/feature/foliageplacers/FoliagePlacerType;
[09:33:46] [main/DEBUG]: Transforming net/minecraft/world/level/levelgen/feature/foliageplacers/FoliagePlacerType METHOD <init>(Lcom/mojang/serialization/MapCodec;)V to access PUBLIC and LEAVE
[09:33:46] [main/DEBUG]: Skipping Lnet/minecraft/world/level/levelgen/feature/foliageplacers/FoliagePlacer;
[09:33:46] [main/DEBUG]: Skipping Lnet/minecraft/world/level/levelgen/feature/foliageplacers/FoliagePlacer$FoliageSetter;
[09:33:46] [main/DEBUG]: Skipping Lnet/minecraft/world/level/levelgen/feature/foliageplacers/FoliagePlacer$FoliageAttachment;
[09:33:46] [main/DEBUG]: Skipping Lnet/minecraft/world/level/levelgen/feature/foliageplacers/FancyFoliagePlacer;
[09:33:46] [main/DEBUG]: Skipping Lnet/minecraft/world/level/levelgen/feature/foliageplacers/DarkOakFoliagePlacer;
[09:33:46] [main/DEBUG]: Skipping Lnet/minecraft/world/level/levelgen/feature/foliageplacers/CherryFoliagePlacer;
[09:33:46] [main/DEBUG]: Skipping Lnet/minecraft/world/level/levelgen/feature/foliageplacers/BushFoliagePlacer;
[09:33:46] [main/DEBUG]: Skipping Lnet/minecraft/world/level/levelgen/feature/foliageplacers/BlobFoliagePlacer;
[09:33:46] [main/DEBUG]: Skipping Lnet/minecraft/world/level/levelgen/feature/foliageplacers/AcaciaFoliagePlacer;
[09:33:46] [main/DEBUG]: Skipping Lnet/minecraft/world/level/levelgen/feature/featuresize/package-info;
[09:33:46] [main/DEBUG]: Skipping Lnet/minecraft/world/level/levelgen/feature/featuresize/TwoLayersFeatureSize;
[09:33:46] [main/DEBUG]: Skipping Lnet/minecraft/world/level/levelgen/feature/featuresize/ThreeLayersFeatureSize;
[09:33:46] [main/DEBUG]: Transforming class Lnet/minecraft/world/level/levelgen/feature/featuresize/FeatureSizeType;
[09:33:46] [main/DEBUG]: Transforming net/minecraft/world/level/levelgen/feature/featuresize/FeatureSizeType METHOD <init>(Lcom/mojang/serialization/MapCodec;)V to access PUBLIC and LEAVE
[09:33:46] [main/DEBUG]: Skipping Lnet/minecraft/world/level/levelgen/feature/featuresize/FeatureSize;
[09:33:46] [main/DEBUG]: Skipping Lnet/minecraft/world/level/levelgen/feature/configurations/package-info;
[09:33:46] [main/DEBUG]: Skipping Lnet/minecraft/world/level/levelgen/feature/configurations/VegetationPatchConfiguration;
[09:33:46] [main/DEBUG]: Skipping Lnet/minecraft/world/level/levelgen/feature/configurations/UnderwaterMagmaConfiguration;
[09:33:46] [main/DEBUG]: Skipping Lnet/minecraft/world/level/levelgen/feature/configurations/TwistingVinesConfig;
[09:33:46] [main/DEBUG]: Skipping Lnet/minecraft/world/level/levelgen/feature/configurations/TreeConfiguration;
[09:33:46] [main/DEBUG]: Skipping Lnet/minecraft/world/level/levelgen/feature/configurations/TreeConfiguration$TreeConfigurationBuilder;
[09:33:46] [main/DEBUG]: Skipping Lnet/minecraft/world/level/levelgen/feature/configurations/SpringConfiguration;
[09:33:46] [main/DEBUG]: Skipping Lnet/minecraft/world/level/levelgen/feature/configurations/SpikeConfiguration;
[09:33:46] [main/DEBUG]: Skipping Lnet/minecraft/world/level/levelgen/feature/configurations/SimpleRandomFeatureConfiguration;
[09:33:46] [main/DEBUG]: Skipping Lnet/minecraft/world/level/levelgen/feature/configurations/SimpleBlockConfiguration;
[09:33:46] [main/DEBUG]: Skipping Lnet/minecraft/world/level/levelgen/feature/configurations/SculkPatchConfiguration;
[09:33:46] [main/DEBUG]: Skipping Lnet/minecraft/world/level/levelgen/feature/configurations/RootSystemConfiguration;
[09:33:46] [main/DEBUG]: Skipping Lnet/minecraft/world/level/levelgen/feature/configurations/ReplaceSphereConfiguration;
[09:33:46] [main/DEBUG]: Skipping Lnet/minecraft/world/level/levelgen/feature/configurations/ReplaceBlockConfiguration;
[09:33:46] [main/DEBUG]: Skipping Lnet/minecraft/world/level/levelgen/feature/configurations/RandomPatchConfiguration;
[09:33:46] [main/DEBUG]: Skipping Lnet/minecraft/world/level/levelgen/feature/configurations/RandomFeatureConfiguration;
[09:33:46] [main/DEBUG]: Skipping Lnet/minecraft/world/level/levelgen/feature/configurations/RandomBooleanFeatureConfiguration;
[09:33:46] [main/DEBUG]: Skipping Lnet/minecraft/world/level/levelgen/feature/configurations/ProbabilityFeatureConfiguration;
[09:33:46] [main/DEBUG]: Skipping Lnet/minecraft/world/level/levelgen/feature/configurations/PointedDripstoneConfiguration;
[09:33:46] [main/DEBUG]: Skipping Lnet/minecraft/world/level/levelgen/feature/configurations/OreConfiguration;
[09:33:46] [main/DEBUG]: Skipping Lnet/minecraft/world/level/levelgen/feature/configurations/OreConfiguration$TargetBlockState;
[09:33:46] [main/DEBUG]: Skipping Lnet/minecraft/world/level/levelgen/feature/configurations/NoneFeatureConfiguration;
[09:33:46] [main/DEBUG]: Skipping Lnet/minecraft/world/level/levelgen/feature/configurations/NetherForestVegetationConfig;
[09:33:46] [main/DEBUG]: Skipping Lnet/minecraft/world/level/levelgen/feature/configurations/MultifaceGrowthConfiguration;
[09:33:46] [main/DEBUG]: Skipping Lnet/minecraft/world/level/levelgen/feature/configurations/LayerConfiguration;
[09:33:46] [main/DEBUG]: Skipping Lnet/minecraft/world/level/levelgen/feature/configurations/LargeDripstoneConfiguration;
[09:33:46] [main/DEBUG]: Skipping Lnet/minecraft/world/level/levelgen/feature/configurations/HugeMushroomFeatureConfiguration;
[09:33:46] [main/DEBUG]: Skipping Lnet/minecraft/world/level/levelgen/feature/configurations/GeodeConfiguration;
[09:33:46] [main/DEBUG]: Skipping Lnet/minecraft/world/level/levelgen/feature/configurations/FeatureConfiguration;
[09:33:46] [main/DEBUG]: Skipping Lnet/minecraft/world/level/levelgen/feature/configurations/EndGatewayConfiguration;
[09:33:46] [main/DEBUG]: Skipping Lnet/minecraft/world/level/levelgen/feature/configurations/DripstoneClusterConfiguration;
[09:33:46] [main/DEBUG]: Skipping Lnet/minecraft/world/level/levelgen/feature/configurations/DiskConfiguration;
[09:33:46] [main/DEBUG]: Skipping Lnet/minecraft/world/level/levelgen/feature/configurations/DeltaFeatureConfiguration;
[09:33:46] [main/DEBUG]: Skipping Lnet/minecraft/world/level/levelgen/feature/configurations/CountConfiguration;
[09:33:46] [main/DEBUG]: Skipping Lnet/minecraft/world/level/levelgen/feature/configurations/ColumnFeatureConfiguration;
[09:33:46] [main/DEBUG]: Skipping Lnet/minecraft/world/level/levelgen/feature/configurations/BlockStateConfiguration;
[09:33:46] [main/DEBUG]: Skipping Lnet/minecraft/world/level/levelgen/feature/configurations/BlockPileConfiguration;
[09:33:46] [main/DEBUG]: Skipping Lnet/minecraft/world/level/levelgen/feature/configurations/BlockColumnConfiguration;
[09:33:46] [main/DEBUG]: Skipping Lnet/minecraft/world/level/levelgen/feature/configurations/BlockColumnConfiguration$Layer;
[09:33:46] [main/DEBUG]: Skipping Lnet/minecraft/world/level/levelgen/feature/WeightedPlacedFeature;
[09:33:46] [main/DEBUG]: Skipping Lnet/minecraft/world/level/levelgen/feature/WeepingVinesFeature;
[09:33:46] [main/DEBUG]: Skipping Lnet/minecraft/world/level/levelgen/feature/WaterloggedVegetationPatchFeature;
[09:33:46] [main/DEBUG]: Skipping Lnet/minecraft/world/level/levelgen/feature/VoidStartPlatformFeature;
[09:33:46] [main/DEBUG]: Skipping Lnet/minecraft/world/level/levelgen/feature/VinesFeature;
[09:33:46] [main/DEBUG]: Skipping Lnet/minecraft/world/level/levelgen/feature/VegetationPatchFeature;
[09:33:46] [main/DEBUG]: Skipping Lnet/minecraft/world/level/levelgen/feature/UnderwaterMagmaFeature;
[09:33:46] [main/DEBUG]: Skipping Lnet/minecraft/world/level/levelgen/feature/TwistingVinesFeature;
[09:33:46] [main/DEBUG]: Skipping Lnet/minecraft/world/level/levelgen/feature/TreeFeature;
[09:33:46] [main/DEBUG]: Skipping Lnet/minecraft/world/level/levelgen/feature/TreeFeature$1;
[09:33:46] [main/DEBUG]: Skipping Lnet/minecraft/world/level/levelgen/feature/SpringFeature;
[09:33:46] [main/DEBUG]: Skipping Lnet/minecraft/world/level/levelgen/feature/SpikeFeature;
[09:33:46] [main/DEBUG]: Skipping Lnet/minecraft/world/level/levelgen/feature/SpikeFeature$SpikeCacheLoader;
[09:33:46] [main/DEBUG]: Skipping Lnet/minecraft/world/level/levelgen/feature/SpikeFeature$EndSpike;
[09:33:46] [main/DEBUG]: Skipping Lnet/minecraft/world/level/levelgen/feature/SnowAndFreezeFeature;
[09:33:46] [main/DEBUG]: Skipping Lnet/minecraft/world/level/levelgen/feature/SimpleRandomSelectorFeature;
[09:33:46] [main/DEBUG]: Skipping Lnet/minecraft/world/level/levelgen/feature/SimpleBlockFeature;
[09:33:46] [main/DEBUG]: Skipping Lnet/minecraft/world/level/levelgen/feature/SeagrassFeature;
[09:33:46] [main/DEBUG]: Skipping Lnet/minecraft/world/level/levelgen/feature/SeaPickleFeature;
[09:33:46] [main/DEBUG]: Skipping Lnet/minecraft/world/level/levelgen/feature/SculkPatchFeature;
[09:33:46] [main/DEBUG]: Skipping Lnet/minecraft/world/level/levelgen/feature/ScatteredOreFeature;
[09:33:46] [main/DEBUG]: Skipping Lnet/minecraft/world/level/levelgen/feature/RootSystemFeature;
[09:33:46] [main/DEBUG]: Skipping Lnet/minecraft/world/level/levelgen/feature/ReplaceBlockFeature;
[09:33:46] [main/DEBUG]: Skipping Lnet/minecraft/world/level/levelgen/feature/ReplaceBlobsFeature;
[09:33:46] [main/DEBUG]: Skipping Lnet/minecraft/world/level/levelgen/feature/RandomSelectorFeature;
[09:33:46] [main/DEBUG]: Skipping Lnet/minecraft/world/level/levelgen/feature/RandomPatchFeature;
[09:33:46] [main/DEBUG]: Skipping Lnet/minecraft/world/level/levelgen/feature/RandomBooleanSelectorFeature;
[09:33:46] [main/DEBUG]: Skipping Lnet/minecraft/world/level/levelgen/feature/PointedDripstoneFeature;
[09:33:46] [main/DEBUG]: Skipping Lnet/minecraft/world/level/levelgen/feature/OreFeature;
[09:33:46] [main/DEBUG]: Skipping Lnet/minecraft/world/level/levelgen/feature/NoOpFeature;
[09:33:46] [main/DEBUG]: Skipping Lnet/minecraft/world/level/levelgen/feature/NetherForestVegetationFeature;
[09:33:46] [main/DEBUG]: Skipping Lnet/minecraft/world/level/levelgen/feature/MultifaceGrowthFeature;
[09:33:46] [main/DEBUG]: Skipping Lnet/minecraft/world/level/levelgen/feature/LargeDripstoneFeature;
[09:33:46] [main/DEBUG]: Skipping Lnet/minecraft/world/level/levelgen/feature/LargeDripstoneFeature$WindOffsetter;
[09:33:46] [main/DEBUG]: Skipping Lnet/minecraft/world/level/levelgen/feature/LargeDripstoneFeature$LargeDripstone;
[09:33:46] [main/DEBUG]: Skipping Lnet/minecraft/world/level/levelgen/feature/LakeFeature;
[09:33:46] [main/DEBUG]: Skipping Lnet/minecraft/world/level/levelgen/feature/LakeFeature$Configuration;
[09:33:46] [main/DEBUG]: Skipping Lnet/minecraft/world/level/levelgen/feature/KelpFeature;
[09:33:46] [main/DEBUG]: Skipping Lnet/minecraft/world/level/levelgen/feature/IcebergFeature;
[09:33:46] [main/DEBUG]: Skipping Lnet/minecraft/world/level/levelgen/feature/IceSpikeFeature;
[09:33:46] [main/DEBUG]: Skipping Lnet/minecraft/world/level/levelgen/feature/HugeRedMushroomFeature;
[09:33:46] [main/DEBUG]: Skipping Lnet/minecraft/world/level/levelgen/feature/HugeFungusFeature;
[09:33:46] [main/DEBUG]: Skipping Lnet/minecraft/world/level/levelgen/feature/HugeFungusConfiguration;
[09:33:46] [main/DEBUG]: Skipping Lnet/minecraft/world/level/levelgen/feature/HugeBrownMushroomFeature;
[09:33:46] [main/DEBUG]: Skipping Lnet/minecraft/world/level/levelgen/feature/GlowstoneFeature;
[09:33:46] [main/DEBUG]: Skipping Lnet/minecraft/world/level/levelgen/feature/GeodeFeature;
[09:33:46] [main/DEBUG]: Skipping Lnet/minecraft/world/level/levelgen/feature/FossilFeatureConfiguration;
[09:33:46] [main/DEBUG]: Skipping Lnet/minecraft/world/level/levelgen/feature/FossilFeature;
[09:33:46] [main/DEBUG]: Skipping Lnet/minecraft/world/level/levelgen/feature/FillLayerFeature;
[09:33:46] [main/DEBUG]: Skipping Lnet/minecraft/world/level/levelgen/feature/FeaturePlaceContext;
[09:33:46] [main/DEBUG]: Skipping Lnet/minecraft/world/level/levelgen/feature/FeatureCountTracker;
[09:33:46] [main/DEBUG]: Skipping Lnet/minecraft/world/level/levelgen/feature/FeatureCountTracker$LevelData;
[09:33:46] [main/DEBUG]: Skipping Lnet/minecraft/world/level/levelgen/feature/FeatureCountTracker$FeatureData;
[09:33:46] [main/DEBUG]: Skipping Lnet/minecraft/world/level/levelgen/feature/FeatureCountTracker$1;
[09:33:46] [main/DEBUG]: Skipping Lnet/minecraft/world/level/levelgen/feature/EndPodiumFeature;
[09:33:46] [main/DEBUG]: Skipping Lnet/minecraft/world/level/levelgen/feature/EndPlatformFeature;
[09:33:46] [main/DEBUG]: Skipping Lnet/minecraft/world/level/levelgen/feature/EndIslandFeature;
[09:33:46] [main/DEBUG]: Skipping Lnet/minecraft/world/level/levelgen/feature/EndGatewayFeature;
[09:33:46] [main/DEBUG]: Skipping Lnet/minecraft/world/level/levelgen/feature/DripstoneUtils;
[09:33:46] [main/DEBUG]: Skipping Lnet/minecraft/world/level/levelgen/feature/DripstoneClusterFeature;
[09:33:46] [main/DEBUG]: Skipping Lnet/minecraft/world/level/levelgen/feature/DiskFeature;
[09:33:46] [main/DEBUG]: Skipping Lnet/minecraft/world/level/levelgen/feature/DesertWellFeature;
[09:33:46] [main/DEBUG]: Skipping Lnet/minecraft/world/level/levelgen/feature/DeltaFeature;
[09:33:46] [main/DEBUG]: Skipping Lnet/minecraft/world/level/levelgen/feature/CoralTreeFeature;
[09:33:46] [main/DEBUG]: Skipping Lnet/minecraft/world/level/levelgen/feature/CoralMushroomFeature;
[09:33:46] [main/DEBUG]: Skipping Lnet/minecraft/world/level/levelgen/feature/CoralFeature;
[09:33:46] [main/DEBUG]: Skipping Lnet/minecraft/world/level/levelgen/feature/CoralClawFeature;
[09:33:46] [main/DEBUG]: Skipping Lnet/minecraft/world/level/levelgen/feature/ConfiguredFeature;
[09:33:46] [main/DEBUG]: Skipping Lnet/minecraft/world/level/levelgen/feature/ChorusPlantFeature;
[09:33:46] [main/DEBUG]: Skipping Lnet/minecraft/world/level/levelgen/feature/BonusChestFeature;
[09:33:46] [main/DEBUG]: Skipping Lnet/minecraft/world/level/levelgen/feature/BlueIceFeature;
[09:33:46] [main/DEBUG]: Skipping Lnet/minecraft/world/level/levelgen/feature/BlockPileFeature;
[09:33:46] [main/DEBUG]: Skipping Lnet/minecraft/world/level/levelgen/feature/BlockColumnFeature;
[09:33:46] [main/DEBUG]: Skipping Lnet/minecraft/world/level/levelgen/feature/BlockBlobFeature;
[09:33:46] [main/DEBUG]: Skipping Lnet/minecraft/world/level/levelgen/feature/BasaltPillarFeature;
[09:33:46] [main/DEBUG]: Skipping Lnet/minecraft/world/level/levelgen/feature/BasaltColumnsFeature;
[09:33:46] [main/DEBUG]: Skipping Lnet/minecraft/world/level/levelgen/feature/BambooFeature;
[09:33:46] [main/DEBUG]: Skipping Lnet/minecraft/world/level/levelgen/feature/AbstractHugeMushroomFeature;
[09:33:46] [main/DEBUG]: Skipping Lnet/minecraft/world/level/levelgen/feature/MonsterRoomFeature;
[09:33:46] [main/DEBUG]: Skipping Lnet/minecraft/world/level/levelgen/feature/Feature;
[09:33:46] [main/DEBUG]: Skipping Lnet/minecraft/world/level/levelgen/carver/package-info;
[09:33:46] [main/DEBUG]: Skipping Lnet/minecraft/world/level/levelgen/carver/WorldCarver;
[09:33:46] [main/DEBUG]: Skipping Lnet/minecraft/world/level/levelgen/carver/WorldCarver$CarveSkipChecker;
[09:33:46] [main/DEBUG]: Skipping Lnet/minecraft/world/level/levelgen/carver/NetherWorldCarver;
[09:33:46] [main/DEBUG]: Skipping Lnet/minecraft/world/level/levelgen/carver/ConfiguredWorldCarver;
[09:33:46] [main/DEBUG]: Skipping Lnet/minecraft/world/level/levelgen/carver/CaveWorldCarver;
[09:33:46] [main/DEBUG]: Skipping Lnet/minecraft/world/level/levelgen/carver/CaveCarverConfiguration;
[09:33:46] [main/DEBUG]: Skipping Lnet/minecraft/world/level/levelgen/carver/CarvingContext;
[09:33:46] [main/DEBUG]: Skipping Lnet/minecraft/world/level/levelgen/carver/CarverDebugSettings;
[09:33:46] [main/DEBUG]: Skipping Lnet/minecraft/world/level/levelgen/carver/CarverConfiguration;
[09:33:46] [main/DEBUG]: Skipping Lnet/minecraft/world/level/levelgen/carver/CanyonWorldCarver;
[09:33:46] [main/DEBUG]: Skipping Lnet/minecraft/world/level/levelgen/carver/CanyonCarverConfiguration;
[09:33:46] [main/DEBUG]: Skipping Lnet/minecraft/world/level/levelgen/carver/CanyonCarverConfiguration$CanyonShapeConfiguration;
[09:33:46] [main/DEBUG]: Skipping Lnet/minecraft/world/level/levelgen/blockpredicates/package-info;
[09:33:46] [main/DEBUG]: Skipping Lnet/minecraft/world/level/levelgen/blockpredicates/WouldSurvivePredicate;
[09:33:46] [main/DEBUG]: Skipping Lnet/minecraft/world/level/levelgen/blockpredicates/UnobstructedPredicate;
[09:33:46] [main/DEBUG]: Skipping Lnet/minecraft/world/level/levelgen/blockpredicates/TrueBlockPredicate;
[09:33:46] [main/DEBUG]: Skipping Lnet/minecraft/world/level/levelgen/blockpredicates/StateTestingPredicate;
[09:33:46] [main/DEBUG]: Skipping Lnet/minecraft/world/level/levelgen/blockpredicates/SolidPredicate;
[09:33:46] [main/DEBUG]: Skipping Lnet/minecraft/world/level/levelgen/blockpredicates/ReplaceablePredicate;
[09:33:46] [main/DEBUG]: Skipping Lnet/minecraft/world/level/levelgen/blockpredicates/NotPredicate;
[09:33:46] [main/DEBUG]: Skipping Lnet/minecraft/world/level/levelgen/blockpredicates/MatchingFluidsPredicate;
[09:33:46] [main/DEBUG]: Skipping Lnet/minecraft/world/level/levelgen/blockpredicates/MatchingBlocksPredicate;
[09:33:46] [main/DEBUG]: Skipping Lnet/minecraft/world/level/levelgen/blockpredicates/MatchingBlockTagPredicate;
[09:33:46] [main/DEBUG]: Skipping Lnet/minecraft/world/level/levelgen/blockpredicates/InsideWorldBoundsPredicate;
[09:33:46] [main/DEBUG]: Skipping Lnet/minecraft/world/level/levelgen/blockpredicates/HasSturdyFacePredicate;
[09:33:46] [main/DEBUG]: Skipping Lnet/minecraft/world/level/levelgen/blockpredicates/CombiningPredicate;
[09:33:46] [main/DEBUG]: Skipping Lnet/minecraft/world/level/levelgen/blockpredicates/BlockPredicateType;
[09:33:46] [main/DEBUG]: Skipping Lnet/minecraft/world/level/levelgen/blockpredicates/BlockPredicate;
[09:33:46] [main/DEBUG]: Skipping Lnet/minecraft/world/level/levelgen/blockpredicates/AnyOfPredicate;
[09:33:46] [main/DEBUG]: Skipping Lnet/minecraft/world/level/levelgen/blockpredicates/AllOfPredicate;
[09:33:46] [main/DEBUG]: Skipping Lnet/minecraft/world/level/levelgen/blending/package-info;
[09:33:46] [main/DEBUG]: Skipping Lnet/minecraft/world/level/levelgen/blending/BlendingData;
[09:33:46] [main/DEBUG]: Skipping Lnet/minecraft/world/level/levelgen/blending/BlendingData$HeightConsumer;
[09:33:46] [main/DEBUG]: Skipping Lnet/minecraft/world/level/levelgen/blending/BlendingData$DensityConsumer;
[09:33:46] [main/DEBUG]: Skipping Lnet/minecraft/world/level/levelgen/blending/BlendingData$BiomeConsumer;
[09:33:46] [main/DEBUG]: Skipping Lnet/minecraft/world/level/levelgen/blending/Blender;
[09:33:46] [main/DEBUG]: Skipping Lnet/minecraft/world/level/levelgen/blending/Blender$DistanceGetter;
[09:33:46] [main/DEBUG]: Skipping Lnet/minecraft/world/level/levelgen/blending/Blender$CellValueGetter;
[09:33:46] [main/DEBUG]: Skipping Lnet/minecraft/world/level/levelgen/blending/Blender$BlendingOutput;
[09:33:46] [main/DEBUG]: Skipping Lnet/minecraft/world/level/levelgen/blending/Blender$1;
[09:33:46] [main/DEBUG]: Skipping Lnet/minecraft/world/level/levelgen/XoroshiroRandomSource;
[09:33:46] [main/DEBUG]: Skipping Lnet/minecraft/world/level/levelgen/XoroshiroRandomSource$XoroshiroPositionalRandomFactory;
[09:33:46] [main/DEBUG]: Skipping Lnet/minecraft/world/level/levelgen/Xoroshiro128PlusPlus;
[09:33:46] [main/DEBUG]: Skipping Lnet/minecraft/world/level/levelgen/WorldgenRandom;
[09:33:46] [main/DEBUG]: Skipping Lnet/minecraft/world/level/levelgen/WorldgenRandom$Algorithm;
[09:33:46] [main/DEBUG]: Skipping Lnet/minecraft/world/level/levelgen/WorldOptions;
[09:33:46] [main/DEBUG]: Skipping Lnet/minecraft/world/level/levelgen/WorldGenerationContext;
[09:33:46] [main/DEBUG]: Skipping Lnet/minecraft/world/level/levelgen/WorldGenSettings;
[09:33:46] [main/DEBUG]: Skipping Lnet/minecraft/world/level/levelgen/VerticalAnchor;
[09:33:46] [main/DEBUG]: Skipping Lnet/minecraft/world/level/levelgen/VerticalAnchor$BelowTop;
[09:33:46] [main/DEBUG]: Skipping Lnet/minecraft/world/level/levelgen/VerticalAnchor$Absolute;
[09:33:46] [main/DEBUG]: Skipping Lnet/minecraft/world/level/levelgen/VerticalAnchor$AboveBottom;
[09:33:46] [main/DEBUG]: Skipping Lnet/minecraft/world/level/levelgen/ThreadSafeLegacyRandomSource;
[09:33:46] [main/DEBUG]: Skipping Lnet/minecraft/world/level/levelgen/SurfaceSystem;
[09:33:46] [main/DEBUG]: Skipping Lnet/minecraft/world/level/levelgen/SurfaceSystem$1;
[09:33:46] [main/DEBUG]: Skipping Lnet/minecraft/world/level/levelgen/SurfaceRules;
[09:33:46] [main/DEBUG]: Skipping Lnet/minecraft/world/level/levelgen/SurfaceRules$YConditionSource;
[09:33:46] [main/DEBUG]: Skipping Lnet/minecraft/world/level/levelgen/SurfaceRules$YConditionSource$1YCondition;
[09:33:46] [main/DEBUG]: Skipping Lnet/minecraft/world/level/levelgen/SurfaceRules$WaterConditionSource;
[09:33:46] [main/DEBUG]: Skipping Lnet/minecraft/world/level/levelgen/SurfaceRules$WaterConditionSource$1WaterCondition;
[09:33:46] [main/DEBUG]: Skipping Lnet/minecraft/world/level/levelgen/SurfaceRules$VerticalGradientConditionSource;
[09:33:46] [main/DEBUG]: Skipping Lnet/minecraft/world/level/levelgen/SurfaceRules$VerticalGradientConditionSource$1VerticalGradientCondition;
[09:33:46] [main/DEBUG]: Skipping Lnet/minecraft/world/level/levelgen/SurfaceRules$TestRuleSource;
[09:33:46] [main/DEBUG]: Skipping Lnet/minecraft/world/level/levelgen/SurfaceRules$TestRule;
[09:33:46] [main/DEBUG]: Skipping Lnet/minecraft/world/level/levelgen/SurfaceRules$Temperature;
[09:33:46] [main/DEBUG]: Skipping Lnet/minecraft/world/level/levelgen/SurfaceRules$SurfaceRule;
[09:33:46] [main/DEBUG]: Skipping Lnet/minecraft/world/level/levelgen/SurfaceRules$StoneDepthCheck;
[09:33:46] [main/DEBUG]: Skipping Lnet/minecraft/world/level/levelgen/SurfaceRules$StoneDepthCheck$1StoneDepthCondition;
[09:33:46] [main/DEBUG]: Skipping Lnet/minecraft/world/level/levelgen/SurfaceRules$Steep;
[09:33:46] [main/DEBUG]: Skipping Lnet/minecraft/world/level/levelgen/SurfaceRules$StateRule;
[09:33:46] [main/DEBUG]: Skipping Lnet/minecraft/world/level/levelgen/SurfaceRules$SequenceRuleSource;
[09:33:46] [main/DEBUG]: Skipping Lnet/minecraft/world/level/levelgen/SurfaceRules$SequenceRule;
[09:33:46] [main/DEBUG]: Skipping Lnet/minecraft/world/level/levelgen/SurfaceRules$RuleSource;
[09:33:46] [main/DEBUG]: Skipping Lnet/minecraft/world/level/levelgen/SurfaceRules$NotConditionSource;
[09:33:46] [main/DEBUG]: Skipping Lnet/minecraft/world/level/levelgen/SurfaceRules$NotCondition;
[09:33:46] [main/DEBUG]: Skipping Lnet/minecraft/world/level/levelgen/SurfaceRules$NoiseThresholdConditionSource;
[09:33:46] [main/DEBUG]: Skipping Lnet/minecraft/world/level/levelgen/SurfaceRules$NoiseThresholdConditionSource$1NoiseThresholdCondition;
[09:33:46] [main/DEBUG]: Skipping Lnet/minecraft/world/level/levelgen/SurfaceRules$LazyYCondition;
[09:33:46] [main/DEBUG]: Skipping Lnet/minecraft/world/level/levelgen/SurfaceRules$LazyXZCondition;
[09:33:46] [main/DEBUG]: Skipping Lnet/minecraft/world/level/levelgen/SurfaceRules$LazyCondition;
[09:33:46] [main/DEBUG]: Skipping Lnet/minecraft/world/level/levelgen/SurfaceRules$Hole;
[09:33:46] [main/DEBUG]: Skipping Lnet/minecraft/world/level/levelgen/SurfaceRules$Context;
[09:33:46] [main/DEBUG]: Skipping Lnet/minecraft/world/level/levelgen/SurfaceRules$Context$TemperatureHelperCondition;
[09:33:46] [main/DEBUG]: Skipping Lnet/minecraft/world/level/levelgen/SurfaceRules$Context$SteepMaterialCondition;
[09:33:46] [main/DEBUG]: Skipping Lnet/minecraft/world/level/levelgen/SurfaceRules$Context$HoleCondition;
[09:33:46] [main/DEBUG]: Skipping Lnet/minecraft/world/level/levelgen/SurfaceRules$Context$AbovePreliminarySurfaceCondition;
[09:33:46] [main/DEBUG]: Skipping Lnet/minecraft/world/level/levelgen/SurfaceRules$ConditionSource;
[09:33:46] [main/DEBUG]: Skipping Lnet/minecraft/world/level/levelgen/SurfaceRules$Condition;
[09:33:46] [main/DEBUG]: Skipping Lnet/minecraft/world/level/levelgen/SurfaceRules$BlockRuleSource;
[09:33:46] [main/DEBUG]: Skipping Lnet/minecraft/world/level/levelgen/SurfaceRules$BiomeConditionSource;
[09:33:46] [main/DEBUG]: Skipping Lnet/minecraft/world/level/levelgen/SurfaceRules$BiomeConditionSource$1BiomeCondition;
[09:33:46] [main/DEBUG]: Skipping Lnet/minecraft/world/level/levelgen/SurfaceRules$Bandlands;
[09:33:46] [main/DEBUG]: Skipping Lnet/minecraft/world/level/levelgen/SurfaceRules$AbovePreliminarySurface;
[09:33:46] [main/DEBUG]: Skipping Lnet/minecraft/world/level/levelgen/SingleThreadedRandomSource;
[09:33:46] [main/DEBUG]: Skipping Lnet/minecraft/world/level/levelgen/RandomSupport;
[09:33:46] [main/DEBUG]: Skipping Lnet/minecraft/world/level/levelgen/RandomSupport$Seed128bit;
[09:33:46] [main/DEBUG]: Skipping Lnet/minecraft/world/level/levelgen/RandomState;
[09:33:46] [main/DEBUG]: Skipping Lnet/minecraft/world/level/levelgen/RandomState$1NoiseWiringHelper;
[09:33:46] [main/DEBUG]: Skipping Lnet/minecraft/world/level/levelgen/RandomState$1;
[09:33:46] [main/DEBUG]: Skipping Lnet/minecraft/world/level/levelgen/PositionalRandomFactory;
[09:33:46] [main/DEBUG]: Skipping Lnet/minecraft/world/level/levelgen/PatrolSpawner;
[09:33:46] [main/DEBUG]: Skipping Lnet/minecraft/world/level/levelgen/OreVeinifier;
[09:33:46] [main/DEBUG]: Skipping Lnet/minecraft/world/level/levelgen/OreVeinifier$VeinType;
[09:33:46] [main/DEBUG]: Skipping Lnet/minecraft/world/level/levelgen/Noises;
[09:33:46] [main/DEBUG]: Skipping Lnet/minecraft/world/level/levelgen/NoiseSettings;
[09:33:46] [main/DEBUG]: Skipping Lnet/minecraft/world/level/levelgen/NoiseRouterData;
[09:33:46] [main/DEBUG]: Skipping Lnet/minecraft/world/level/levelgen/NoiseRouterData$QuantizedSpaghettiRarity;
[09:33:46] [main/DEBUG]: Skipping Lnet/minecraft/world/level/levelgen/NoiseRouter;
[09:33:46] [main/DEBUG]: Transforming class Lnet/minecraft/world/level/levelgen/NoiseGeneratorSettings;
[09:33:46] [main/DEBUG]: Transforming net/minecraft/world/level/levelgen/NoiseGeneratorSettings METHOD m_255186_(Lnet/minecraft/data/worldgen/BootstrapContext;)Lnet/minecraft/world/level/levelgen/NoiseGeneratorSettings; to access PUBLIC and LEAVE
[09:33:46] [main/DEBUG]: Transforming net/minecraft/world/level/levelgen/NoiseGeneratorSettings METHOD m_255410_(Lnet/minecraft/data/worldgen/BootstrapContext;)Lnet/minecraft/world/level/levelgen/NoiseGeneratorSettings; to access PUBLIC and LEAVE
[09:33:46] [main/DEBUG]: Transforming net/minecraft/world/level/levelgen/NoiseGeneratorSettings METHOD m_255226_(Lnet/minecraft/data/worldgen/BootstrapContext;ZZ)Lnet/minecraft/world/level/levelgen/NoiseGeneratorSettings; to access PUBLIC and LEAVE
[09:33:46] [main/DEBUG]: Transforming net/minecraft/world/level/levelgen/NoiseGeneratorSettings METHOD m_255038_(Lnet/minecraft/data/worldgen/BootstrapContext;)Lnet/minecraft/world/level/levelgen/NoiseGeneratorSettings; to access PUBLIC and LEAVE
[09:33:46] [main/DEBUG]: Transforming net/minecraft/world/level/levelgen/NoiseGeneratorSettings METHOD m_255230_(Lnet/minecraft/data/worldgen/BootstrapContext;)Lnet/minecraft/world/level/levelgen/NoiseGeneratorSettings; to access PUBLIC and LEAVE
[09:33:46] [main/DEBUG]: Transforming net/minecraft/world/level/levelgen/NoiseGeneratorSettings METHOD m_64474_(Lcom/mojang/serialization/codecs/RecordCodecBuilder$Instance;)Lcom/mojang/datafixers/kinds/App; to access PUBLIC and LEAVE
[09:33:46] [main/DEBUG]: Skipping Lnet/minecraft/world/level/levelgen/NoiseChunk;
[09:33:46] [main/DEBUG]: Skipping Lnet/minecraft/world/level/levelgen/NoiseChunk$NoiseInterpolator;
[09:33:46] [main/DEBUG]: Skipping Lnet/minecraft/world/level/levelgen/NoiseChunk$NoiseChunkDensityFunction;
[09:33:46] [main/DEBUG]: Skipping Lnet/minecraft/world/level/levelgen/NoiseChunk$FlatCache;
[09:33:46] [main/DEBUG]: Skipping Lnet/minecraft/world/level/levelgen/NoiseChunk$CacheOnce;
[09:33:46] [main/DEBUG]: Skipping Lnet/minecraft/world/level/levelgen/NoiseChunk$CacheAllInCell;
[09:33:46] [main/DEBUG]: Skipping Lnet/minecraft/world/level/levelgen/NoiseChunk$Cache2D;
[09:33:46] [main/DEBUG]: Skipping Lnet/minecraft/world/level/levelgen/NoiseChunk$BlockStateFiller;
[09:33:46] [main/DEBUG]: Skipping Lnet/minecraft/world/level/levelgen/NoiseChunk$BlendOffset;
[09:33:46] [main/DEBUG]: Skipping Lnet/minecraft/world/level/levelgen/NoiseChunk$BlendAlpha;
[09:33:46] [main/DEBUG]: Skipping Lnet/minecraft/world/level/levelgen/NoiseChunk$2;
[09:33:46] [main/DEBUG]: Skipping Lnet/minecraft/world/level/levelgen/NoiseChunk$1;
[09:33:46] [main/DEBUG]: Transforming class Lnet/minecraft/world/level/levelgen/NoiseBasedChunkGenerator;
[09:33:46] [main/DEBUG]: Transforming net/minecraft/world/level/levelgen/NoiseBasedChunkGenerator CLASS to access PUBLIC and REMOVEFINAL
[09:33:46] [main/DEBUG]: Transforming net/minecraft/world/level/levelgen/NoiseBasedChunkGenerator METHOD m_224239_(Lnet/minecraft/world/level/LevelHeightAccessor;Lnet/minecraft/world/level/levelgen/RandomState;IILorg/apache/commons/lang3/mutable/MutableObject;Ljava/util/function/Predicate;)Ljava/util/OptionalInt; to access PROTECTED and LEAVE
[09:33:46] [main/DEBUG]: Skipping Lnet/minecraft/world/level/levelgen/MarsagliaPolarGaussian;
[09:33:46] [main/DEBUG]: Skipping Lnet/minecraft/world/level/levelgen/LegacyRandomSource;
[09:33:46] [main/DEBUG]: Skipping Lnet/minecraft/world/level/levelgen/LegacyRandomSource$LegacyPositionalRandomFactory;
[09:33:46] [main/DEBUG]: Skipping Lnet/minecraft/world/level/levelgen/Heightmap;
[09:33:46] [main/DEBUG]: Skipping Lnet/minecraft/world/level/levelgen/Heightmap$Usage;
[09:33:46] [main/DEBUG]: Skipping Lnet/minecraft/world/level/levelgen/Heightmap$Types;
[09:33:46] [main/DEBUG]: Skipping Lnet/minecraft/world/level/levelgen/GeodeLayerSettings;
[09:33:46] [main/DEBUG]: Skipping Lnet/minecraft/world/level/levelgen/GeodeCrackSettings;
[09:33:46] [main/DEBUG]: Skipping Lnet/minecraft/world/level/levelgen/GeodeBlockSettings;
[09:33:46] [main/DEBUG]: Skipping Lnet/minecraft/world/level/levelgen/GenerationStep;
[09:33:46] [main/DEBUG]: Skipping Lnet/minecraft/world/level/levelgen/GenerationStep$Decoration;
[09:33:46] [main/DEBUG]: Skipping Lnet/minecraft/world/level/levelgen/GenerationStep$Carving;
[09:33:46] [main/DEBUG]: Skipping Lnet/minecraft/world/level/levelgen/FlatLevelSource;
[09:33:46] [main/DEBUG]: Skipping Lnet/minecraft/world/level/levelgen/DensityFunctions;
[09:33:46] [main/DEBUG]: Skipping Lnet/minecraft/world/level/levelgen/DensityFunctions$YClampedGradient;
[09:33:46] [main/DEBUG]: Skipping Lnet/minecraft/world/level/levelgen/DensityFunctions$WeirdScaledSampler;
[09:33:46] [main/DEBUG]: Skipping Lnet/minecraft/world/level/levelgen/DensityFunctions$WeirdScaledSampler$RarityValueMapper;
[09:33:46] [main/DEBUG]: Skipping Lnet/minecraft/world/level/levelgen/DensityFunctions$TwoArgumentSimpleFunction;
[09:33:46] [main/DEBUG]: Skipping Lnet/minecraft/world/level/levelgen/DensityFunctions$TwoArgumentSimpleFunction$Type;
[09:33:46] [main/DEBUG]: Skipping Lnet/minecraft/world/level/levelgen/DensityFunctions$TransformerWithContext;
[09:33:46] [main/DEBUG]: Skipping Lnet/minecraft/world/level/levelgen/DensityFunctions$Spline;
[09:33:46] [main/DEBUG]: Skipping Lnet/minecraft/world/level/levelgen/DensityFunctions$Spline$Point;
[09:33:46] [main/DEBUG]: Skipping Lnet/minecraft/world/level/levelgen/DensityFunctions$Spline$Coordinate;
[09:33:46] [main/DEBUG]: Skipping Lnet/minecraft/world/level/levelgen/DensityFunctions$ShiftedNoise;
[09:33:46] [main/DEBUG]: Skipping Lnet/minecraft/world/level/levelgen/DensityFunctions$ShiftNoise;
[09:33:46] [main/DEBUG]: Skipping Lnet/minecraft/world/level/levelgen/DensityFunctions$ShiftB;
[09:33:46] [main/DEBUG]: Skipping Lnet/minecraft/world/level/levelgen/DensityFunctions$ShiftA;
[09:33:46] [main/DEBUG]: Skipping Lnet/minecraft/world/level/levelgen/DensityFunctions$Shift;
[09:33:46] [main/DEBUG]: Skipping Lnet/minecraft/world/level/levelgen/DensityFunctions$RangeChoice;
[09:33:46] [main/DEBUG]: Skipping Lnet/minecraft/world/level/levelgen/DensityFunctions$PureTransformer;
[09:33:46] [main/DEBUG]: Skipping Lnet/minecraft/world/level/levelgen/DensityFunctions$Noise;
[09:33:46] [main/DEBUG]: Skipping Lnet/minecraft/world/level/levelgen/DensityFunctions$MulOrAdd;
[09:33:46] [main/DEBUG]: Skipping Lnet/minecraft/world/level/levelgen/DensityFunctions$MulOrAdd$Type;
[09:33:46] [main/DEBUG]: Skipping Lnet/minecraft/world/level/levelgen/DensityFunctions$MarkerOrMarked;
[09:33:46] [main/DEBUG]: Skipping Lnet/minecraft/world/level/levelgen/DensityFunctions$Marker;
[09:33:46] [main/DEBUG]: Skipping Lnet/minecraft/world/level/levelgen/DensityFunctions$Marker$Type;
[09:33:46] [main/DEBUG]: Skipping Lnet/minecraft/world/level/levelgen/DensityFunctions$Mapped;
[09:33:46] [main/DEBUG]: Skipping Lnet/minecraft/world/level/levelgen/DensityFunctions$Mapped$Type;
[09:33:46] [main/DEBUG]: Skipping Lnet/minecraft/world/level/levelgen/DensityFunctions$HolderHolder;
[09:33:46] [main/DEBUG]: Skipping Lnet/minecraft/world/level/levelgen/DensityFunctions$EndIslandDensityFunction;
[09:33:46] [main/DEBUG]: Skipping Lnet/minecraft/world/level/levelgen/DensityFunctions$Constant;
[09:33:46] [main/DEBUG]: Skipping Lnet/minecraft/world/level/levelgen/DensityFunctions$Clamp;
[09:33:46] [main/DEBUG]: Skipping Lnet/minecraft/world/level/levelgen/DensityFunctions$BlendOffset;
[09:33:46] [main/DEBUG]: Skipping Lnet/minecraft/world/level/levelgen/DensityFunctions$BlendDensity;
[09:33:46] [main/DEBUG]: Skipping Lnet/minecraft/world/level/levelgen/DensityFunctions$BlendAlpha;
[09:33:46] [main/DEBUG]: Skipping Lnet/minecraft/world/level/levelgen/DensityFunctions$BeardifierOrMarker;
[09:33:46] [main/DEBUG]: Skipping Lnet/minecraft/world/level/levelgen/DensityFunctions$BeardifierMarker;
[09:33:46] [main/DEBUG]: Skipping Lnet/minecraft/world/level/levelgen/DensityFunctions$Ap2;
[09:33:46] [main/DEBUG]: Skipping Lnet/minecraft/world/level/levelgen/DensityFunction;
[09:33:46] [main/DEBUG]: Skipping Lnet/minecraft/world/level/levelgen/DensityFunction$Visitor;
[09:33:46] [main/DEBUG]: Skipping Lnet/minecraft/world/level/levelgen/DensityFunction$SinglePointContext;
[09:33:46] [main/DEBUG]: Skipping Lnet/minecraft/world/level/levelgen/DensityFunction$SimpleFunction;
[09:33:46] [main/DEBUG]: Skipping Lnet/minecraft/world/level/levelgen/DensityFunction$NoiseHolder;
[09:33:46] [main/DEBUG]: Skipping Lnet/minecraft/world/level/levelgen/DensityFunction$FunctionContext;
[09:33:46] [main/DEBUG]: Skipping Lnet/minecraft/world/level/levelgen/DensityFunction$ContextProvider;
[09:33:46] [main/DEBUG]: Skipping Lnet/minecraft/world/level/levelgen/Density;
[09:33:46] [main/DEBUG]: Skipping Lnet/minecraft/world/level/levelgen/Column;
[09:33:46] [main/DEBUG]: Skipping Lnet/minecraft/world/level/levelgen/Column$Ray;
[09:33:46] [main/DEBUG]: Skipping Lnet/minecraft/world/level/levelgen/Column$Range;
[09:33:46] [main/DEBUG]: Skipping Lnet/minecraft/world/level/levelgen/Column$Line;
[09:33:46] [main/DEBUG]: Skipping Lnet/minecraft/world/level/levelgen/BitRandomSource;
[09:33:46] [main/DEBUG]: Skipping Lnet/minecraft/world/level/levelgen/BelowZeroRetrogen;
[09:33:46] [main/DEBUG]: Skipping Lnet/minecraft/world/level/levelgen/BelowZeroRetrogen$1;
[09:33:46] [main/DEBUG]: Skipping Lnet/minecraft/world/level/levelgen/Aquifer;
[09:33:46] [main/DEBUG]: Transforming class Lnet/minecraft/world/level/levelgen/Aquifer$NoiseBasedAquifer;
[09:33:46] [main/DEBUG]: Transforming net/minecraft/world/level/levelgen/Aquifer$NoiseBasedAquifer FIELD f_157994_ to access PROTECTED and LEAVE
[09:33:46] [main/DEBUG]: Transforming net/minecraft/world/level/levelgen/Aquifer$NoiseBasedAquifer FIELD f_157996_ to access PROTECTED and LEAVE
[09:33:46] [main/DEBUG]: Transforming net/minecraft/world/level/levelgen/Aquifer$NoiseBasedAquifer FIELD f_157998_ to access PROTECTED and LEAVE
[09:33:46] [main/DEBUG]: Transforming net/minecraft/world/level/levelgen/Aquifer$NoiseBasedAquifer FIELD f_157999_ to access PROTECTED and LEAVE
[09:33:46] [main/DEBUG]: Transforming net/minecraft/world/level/levelgen/Aquifer$NoiseBasedAquifer FIELD f_158000_ to access PROTECTED and LEAVE
[09:33:46] [main/DEBUG]: Transforming net/minecraft/world/level/levelgen/Aquifer$NoiseBasedAquifer FIELD f_158002_ to access PROTECTED and LEAVE
[09:33:46] [main/DEBUG]: Transforming net/minecraft/world/level/levelgen/Aquifer$NoiseBasedAquifer FIELD f_158003_ to access PROTECTED and LEAVE
[09:33:46] [main/DEBUG]: Transforming net/minecraft/world/level/levelgen/Aquifer$NoiseBasedAquifer FIELD f_158004_ to access PROTECTED and LEAVE
[09:33:46] [main/DEBUG]: Transforming net/minecraft/world/level/levelgen/Aquifer$NoiseBasedAquifer FIELD f_158005_ to access PROTECTED and LEAVE
[09:33:46] [main/DEBUG]: Transforming net/minecraft/world/level/levelgen/Aquifer$NoiseBasedAquifer FIELD f_158006_ to access PROTECTED and LEAVE
[09:33:46] [main/DEBUG]: Transforming net/minecraft/world/level/levelgen/Aquifer$NoiseBasedAquifer METHOD m_158027_(III)I to access PROTECTED and LEAVE
[09:33:46] [main/DEBUG]: Transforming net/minecraft/world/level/levelgen/Aquifer$NoiseBasedAquifer METHOD m_158024_(II)D to access PROTECTED and LEAVE
[09:33:46] [main/DEBUG]: Transforming net/minecraft/world/level/levelgen/Aquifer$NoiseBasedAquifer METHOD m_158039_(I)I to access PROTECTED and LEAVE
[09:33:46] [main/DEBUG]: Transforming net/minecraft/world/level/levelgen/Aquifer$NoiseBasedAquifer METHOD m_158045_(I)I to access PROTECTED and LEAVE
[09:33:46] [main/DEBUG]: Transforming net/minecraft/world/level/levelgen/Aquifer$NoiseBasedAquifer METHOD m_158047_(I)I to access PROTECTED and LEAVE
[09:33:46] [main/DEBUG]: Skipping Lnet/minecraft/world/level/levelgen/Aquifer$FluidStatus;
[09:33:46] [main/DEBUG]: Skipping Lnet/minecraft/world/level/levelgen/Aquifer$FluidPicker;
[09:33:46] [main/DEBUG]: Skipping Lnet/minecraft/world/level/levelgen/Aquifer$1;
[09:33:46] [main/DEBUG]: Skipping Lnet/minecraft/world/level/levelgen/WorldDimensions;
[09:33:46] [main/DEBUG]: Skipping Lnet/minecraft/world/level/levelgen/WorldDimensions$Complete;
[09:33:46] [main/DEBUG]: Skipping Lnet/minecraft/world/level/levelgen/WorldDimensions$1Entry;
[09:33:46] [main/DEBUG]: Skipping Lnet/minecraft/world/level/levelgen/PhantomSpawner;
[09:33:46] [main/DEBUG]: Transforming class Lnet/minecraft/world/level/levelgen/DebugLevelSource;
[09:33:46] [main/DEBUG]: Transforming net/minecraft/world/level/levelgen/DebugLevelSource FIELD f_64114_ to access PRIVATE and REMOVEFINAL
[09:33:46] [main/DEBUG]: Transforming net/minecraft/world/level/levelgen/DebugLevelSource FIELD f_64115_ to access PRIVATE and REMOVEFINAL
[09:33:46] [main/DEBUG]: Transforming net/minecraft/world/level/levelgen/DebugLevelSource FIELD f_64116_ to access PRIVATE and REMOVEFINAL
[09:33:46] [main/DEBUG]: Transforming class Lnet/minecraft/world/level/levelgen/Beardifier;
[09:33:46] [main/DEBUG]: Transforming net/minecraft/world/level/levelgen/Beardifier FIELD f_158065_ to access PROTECTED and LEAVE
[09:33:46] [main/DEBUG]: Transforming net/minecraft/world/level/levelgen/Beardifier FIELD f_158066_ to access PROTECTED and LEAVE
[09:33:46] [main/DEBUG]: Transforming net/minecraft/world/level/levelgen/Beardifier METHOD m_223925_(IIII)D to access PROTECTED and LEAVE
[09:33:46] [main/DEBUG]: Skipping Lnet/minecraft/world/level/levelgen/Beardifier$Rigid;
[09:33:46] [main/DEBUG]: Skipping Lnet/minecraft/world/level/levelgen/Beardifier$1;
[09:33:46] [main/DEBUG]: Skipping Lnet/minecraft/world/level/gameevent/vibrations/package-info;
[09:33:46] [main/DEBUG]: Skipping Lnet/minecraft/world/level/gameevent/vibrations/VibrationSystem;
[09:33:46] [main/DEBUG]: Skipping Lnet/minecraft/world/level/gameevent/vibrations/VibrationSystem$User;
[09:33:46] [main/DEBUG]: Skipping Lnet/minecraft/world/level/gameevent/vibrations/VibrationSystem$Ticker;
[09:33:46] [main/DEBUG]: Skipping Lnet/minecraft/world/level/gameevent/vibrations/VibrationSystem$Listener;
[09:33:46] [main/DEBUG]: Skipping Lnet/minecraft/world/level/gameevent/vibrations/VibrationSystem$Data;
[09:33:46] [main/DEBUG]: Skipping Lnet/minecraft/world/level/gameevent/vibrations/VibrationSelector;
[09:33:46] [main/DEBUG]: Skipping Lnet/minecraft/world/level/gameevent/vibrations/VibrationInfo;
[09:33:46] [main/DEBUG]: Skipping Lnet/minecraft/world/level/gameevent/package-info;
[09:33:46] [main/DEBUG]: Skipping Lnet/minecraft/world/level/gameevent/PositionSourceType;
[09:33:46] [main/DEBUG]: Skipping Lnet/minecraft/world/level/gameevent/PositionSource;
[09:33:46] [main/DEBUG]: Skipping Lnet/minecraft/world/level/gameevent/GameEventListenerRegistry;
[09:33:46] [main/DEBUG]: Skipping Lnet/minecraft/world/level/gameevent/GameEventListenerRegistry$ListenerVisitor;
[09:33:46] [main/DEBUG]: Skipping Lnet/minecraft/world/level/gameevent/GameEventListenerRegistry$1;
[09:33:46] [main/DEBUG]: Skipping Lnet/minecraft/world/level/gameevent/GameEventListener;
[09:33:46] [main/DEBUG]: Skipping Lnet/minecraft/world/level/gameevent/GameEventListener$Provider;
[09:33:46] [main/DEBUG]: Skipping Lnet/minecraft/world/level/gameevent/GameEventListener$DeliveryMode;
[09:33:46] [main/DEBUG]: Skipping Lnet/minecraft/world/level/gameevent/GameEventDispatcher;
[09:33:46] [main/DEBUG]: Skipping Lnet/minecraft/world/level/gameevent/GameEvent;
[09:33:46] [main/DEBUG]: Skipping Lnet/minecraft/world/level/gameevent/GameEvent$ListenerInfo;
[09:33:46] [main/DEBUG]: Skipping Lnet/minecraft/world/level/gameevent/GameEvent$Context;
[09:33:46] [main/DEBUG]: Skipping Lnet/minecraft/world/level/gameevent/EuclideanGameEventListenerRegistry;
[09:33:46] [main/DEBUG]: Skipping Lnet/minecraft/world/level/gameevent/EuclideanGameEventListenerRegistry$OnEmptyAction;
[09:33:46] [main/DEBUG]: Skipping Lnet/minecraft/world/level/gameevent/EntityPositionSource;
[09:33:46] [main/DEBUG]: Skipping Lnet/minecraft/world/level/gameevent/EntityPositionSource$Type;
[09:33:46] [main/DEBUG]: Skipping Lnet/minecraft/world/level/gameevent/DynamicGameEventListener;
[09:33:46] [main/DEBUG]: Skipping Lnet/minecraft/world/level/gameevent/BlockPositionSource;
[09:33:46] [main/DEBUG]: Skipping Lnet/minecraft/world/level/gameevent/BlockPositionSource$Type;
[09:33:46] [main/DEBUG]: Skipping Lnet/minecraft/world/level/entity/package-info;
[09:33:46] [main/DEBUG]: Skipping Lnet/minecraft/world/level/entity/Visibility;
[09:33:46] [main/DEBUG]: Skipping Lnet/minecraft/world/level/entity/LevelEntityGetterAdapter;
[09:33:46] [main/DEBUG]: Skipping Lnet/minecraft/world/level/entity/LevelEntityGetter;
[09:33:46] [main/DEBUG]: Skipping Lnet/minecraft/world/level/entity/LevelCallback;
[09:33:46] [main/DEBUG]: Skipping Lnet/minecraft/world/level/entity/EntityTypeTest;
[09:33:46] [main/DEBUG]: Skipping Lnet/minecraft/world/level/entity/EntityTypeTest$2;
[09:33:46] [main/DEBUG]: Skipping Lnet/minecraft/world/level/entity/EntityTypeTest$1;
[09:33:46] [main/DEBUG]: Skipping Lnet/minecraft/world/level/entity/EntityTickList;
[09:33:46] [main/DEBUG]: Skipping Lnet/minecraft/world/level/entity/EntitySectionStorage;
[09:33:46] [main/DEBUG]: Skipping Lnet/minecraft/world/level/entity/EntitySection;
[09:33:46] [main/DEBUG]: Skipping Lnet/minecraft/world/level/entity/EntityPersistentStorage;
[09:33:46] [main/DEBUG]: Skipping Lnet/minecraft/world/level/entity/EntityLookup;
[09:33:46] [main/DEBUG]: Skipping Lnet/minecraft/world/level/entity/EntityInLevelCallback;
[09:33:46] [main/DEBUG]: Skipping Lnet/minecraft/world/level/entity/EntityInLevelCallback$1;
[09:33:46] [main/DEBUG]: Skipping Lnet/minecraft/world/level/entity/EntityAccess;
[09:33:46] [main/DEBUG]: Skipping Lnet/minecraft/world/level/entity/ChunkStatusUpdateListener;
[09:33:46] [main/DEBUG]: Skipping Lnet/minecraft/world/level/entity/ChunkEntities;
[09:33:46] [main/DEBUG]: Skipping Lnet/minecraft/world/level/entity/TransientEntitySectionManager;
[09:33:46] [main/DEBUG]: Skipping Lnet/minecraft/world/level/entity/TransientEntitySectionManager$Callback;
[09:33:46] [main/DEBUG]: Skipping Lnet/minecraft/world/level/entity/PersistentEntitySectionManager;
[09:33:46] [main/DEBUG]: Skipping Lnet/minecraft/world/level/entity/PersistentEntitySectionManager$ChunkLoadStatus;
[09:33:46] [main/DEBUG]: Skipping Lnet/minecraft/world/level/entity/PersistentEntitySectionManager$Callback;
[09:33:46] [main/DEBUG]: Skipping Lnet/minecraft/world/level/dimension/package-info;
[09:33:46] [main/DEBUG]: Skipping Lnet/minecraft/world/level/dimension/end/package-info;
[09:33:46] [main/DEBUG]: Skipping Lnet/minecraft/world/level/dimension/end/DragonRespawnAnimation;
[09:33:46] [main/DEBUG]: Skipping Lnet/minecraft/world/level/dimension/end/DragonRespawnAnimation$5;
[09:33:46] [main/DEBUG]: Skipping Lnet/minecraft/world/level/dimension/end/DragonRespawnAnimation$4;
[09:33:46] [main/DEBUG]: Skipping Lnet/minecraft/world/level/dimension/end/DragonRespawnAnimation$3;
[09:33:46] [main/DEBUG]: Skipping Lnet/minecraft/world/level/dimension/end/DragonRespawnAnimation$2;
[09:33:46] [main/DEBUG]: Skipping Lnet/minecraft/world/level/dimension/end/DragonRespawnAnimation$1;
[09:33:46] [main/DEBUG]: Skipping Lnet/minecraft/world/level/dimension/end/EndDragonFight;
[09:33:46] [main/DEBUG]: Skipping Lnet/minecraft/world/level/dimension/end/EndDragonFight$Data;
[09:33:46] [main/DEBUG]: Skipping Lnet/minecraft/world/level/dimension/LevelStem;
[09:33:46] [main/DEBUG]: Skipping Lnet/minecraft/world/level/dimension/DimensionType;
[09:33:46] [main/DEBUG]: Skipping Lnet/minecraft/world/level/dimension/DimensionType$MonsterSettings;
[09:33:46] [main/DEBUG]: Skipping Lnet/minecraft/world/level/dimension/DimensionDefaults;
[09:33:46] [main/DEBUG]: Skipping Lnet/minecraft/world/level/dimension/BuiltinDimensionTypes;
[09:33:46] [main/DEBUG]: Skipping Lnet/minecraft/world/level/chunk/storage/package-info;
[09:33:46] [main/DEBUG]: Skipping Lnet/minecraft/world/level/chunk/storage/SimpleRegionStorage;
[09:33:46] [main/DEBUG]: Skipping Lnet/minecraft/world/level/chunk/storage/SectionStorage;
[09:33:46] [main/DEBUG]: Skipping Lnet/minecraft/world/level/chunk/storage/RegionStorageInfo;
[09:33:46] [main/DEBUG]: Skipping Lnet/minecraft/world/level/chunk/storage/RegionFileVersion;
[09:33:46] [main/DEBUG]: Skipping Lnet/minecraft/world/level/chunk/storage/RegionFileVersion$StreamWrapper;
[09:33:46] [main/DEBUG]: Skipping Lnet/minecraft/world/level/chunk/storage/RegionFileStorage;
[09:33:46] [main/DEBUG]: Skipping Lnet/minecraft/world/level/chunk/storage/RegionFile;
[09:33:46] [main/DEBUG]: Skipping Lnet/minecraft/world/level/chunk/storage/RegionFile$CommitOp;
[09:33:46] [main/DEBUG]: Skipping Lnet/minecraft/world/level/chunk/storage/RegionFile$ChunkBuffer;
[09:33:46] [main/DEBUG]: Skipping Lnet/minecraft/world/level/chunk/storage/RegionBitmap;
[09:33:46] [main/DEBUG]: Skipping Lnet/minecraft/world/level/chunk/storage/RecreatingSimpleRegionStorage;
[09:33:46] [main/DEBUG]: Skipping Lnet/minecraft/world/level/chunk/storage/RecreatingChunkStorage;
[09:33:46] [main/DEBUG]: Skipping Lnet/minecraft/world/level/chunk/storage/IOWorker;
[09:33:46] [main/DEBUG]: Skipping Lnet/minecraft/world/level/chunk/storage/IOWorker$Priority;
[09:33:46] [main/DEBUG]: Skipping Lnet/minecraft/world/level/chunk/storage/IOWorker$PendingStore;
[09:33:46] [main/DEBUG]: Skipping Lnet/minecraft/world/level/chunk/storage/ChunkStorage;
[09:33:46] [main/DEBUG]: Skipping Lnet/minecraft/world/level/chunk/storage/ChunkScanAccess;
[09:33:46] [main/DEBUG]: Skipping Lnet/minecraft/world/level/chunk/storage/ChunkIOErrorReporter;
[09:33:46] [main/DEBUG]: Skipping Lnet/minecraft/world/level/chunk/storage/EntityStorage;
[09:33:46] [main/DEBUG]: Skipping Lnet/minecraft/world/level/chunk/storage/ChunkSerializer;
[09:33:46] [main/DEBUG]: Skipping Lnet/minecraft/world/level/chunk/storage/ChunkSerializer$ChunkReadException;
[09:33:46] [main/DEBUG]: Skipping Lnet/minecraft/world/level/chunk/status/package-info;
[09:33:46] [main/DEBUG]: Skipping Lnet/minecraft/world/level/chunk/status/WorldGenContext;
[09:33:46] [main/DEBUG]: Skipping Lnet/minecraft/world/level/chunk/status/ChunkType;
[09:33:46] [main/DEBUG]: Skipping Lnet/minecraft/world/level/chunk/status/ChunkStep;
[09:33:46] [main/DEBUG]: Skipping Lnet/minecraft/world/level/chunk/status/ChunkStep$Builder;
[09:33:46] [main/DEBUG]: Skipping Lnet/minecraft/world/level/chunk/status/ChunkStatusTask;
[09:33:46] [main/DEBUG]: Transforming class Lnet/minecraft/world/level/chunk/status/ChunkStatus;
[09:33:46] [main/DEBUG]: Transforming net/minecraft/world/level/chunk/status/ChunkStatus METHOD <init>(Lnet/minecraft/world/level/chunk/status/ChunkStatus;Ljava/util/EnumSet;Lnet/minecraft/world/level/chunk/status/ChunkType;)V to access PUBLIC and LEAVE
[09:33:46] [main/DEBUG]: Skipping Lnet/minecraft/world/level/chunk/status/ChunkPyramid;
[09:33:46] [main/DEBUG]: Skipping Lnet/minecraft/world/level/chunk/status/ChunkPyramid$Builder;
[09:33:46] [main/DEBUG]: Skipping Lnet/minecraft/world/level/chunk/status/ChunkDependencies;
[09:33:46] [main/DEBUG]: Skipping Lnet/minecraft/world/level/chunk/status/ChunkStatusTasks;
[09:33:46] [main/DEBUG]: Skipping Lnet/minecraft/world/level/chunk/package-info;
[09:33:46] [main/DEBUG]: Skipping Lnet/minecraft/world/level/chunk/UpgradeData;
[09:33:46] [main/DEBUG]: Skipping Lnet/minecraft/world/level/chunk/UpgradeData$BlockFixers;
[09:33:46] [main/DEBUG]: Skipping Lnet/minecraft/world/level/chunk/UpgradeData$BlockFixers$5;
[09:33:46] [main/DEBUG]: Skipping Lnet/minecraft/world/level/chunk/UpgradeData$BlockFixers$4;
[09:33:46] [main/DEBUG]: Skipping Lnet/minecraft/world/level/chunk/UpgradeData$BlockFixers$3;
[09:33:46] [main/DEBUG]: Skipping Lnet/minecraft/world/level/chunk/UpgradeData$BlockFixers$2;
[09:33:46] [main/DEBUG]: Skipping Lnet/minecraft/world/level/chunk/UpgradeData$BlockFixers$1;
[09:33:46] [main/DEBUG]: Skipping Lnet/minecraft/world/level/chunk/UpgradeData$BlockFixer;
[09:33:46] [main/DEBUG]: Skipping Lnet/minecraft/world/level/chunk/StructureAccess;
[09:33:46] [main/DEBUG]: Skipping Lnet/minecraft/world/level/chunk/SingleValuePalette;
[09:33:46] [main/DEBUG]: Skipping Lnet/minecraft/world/level/chunk/ProtoChunk;
[09:33:46] [main/DEBUG]: Skipping Lnet/minecraft/world/level/chunk/PalettedContainerRO;
[09:33:46] [main/DEBUG]: Skipping Lnet/minecraft/world/level/chunk/PalettedContainerRO$Unpacker;
[09:33:46] [main/DEBUG]: Skipping Lnet/minecraft/world/level/chunk/PalettedContainerRO$PackedData;
[09:33:46] [main/DEBUG]: Skipping Lnet/minecraft/world/level/chunk/PalettedContainer;
[09:33:46] [main/DEBUG]: Skipping Lnet/minecraft/world/level/chunk/PalettedContainer$Strategy;
[09:33:46] [main/DEBUG]: Skipping Lnet/minecraft/world/level/chunk/PalettedContainer$Strategy$2;
[09:33:46] [main/DEBUG]: Skipping Lnet/minecraft/world/level/chunk/PalettedContainer$Strategy$1;
[09:33:46] [main/DEBUG]: Skipping Lnet/minecraft/world/level/chunk/PalettedContainer$Data;
[09:33:46] [main/DEBUG]: Skipping Lnet/minecraft/world/level/chunk/PalettedContainer$CountConsumer;
[09:33:46] [main/DEBUG]: Skipping Lnet/minecraft/world/level/chunk/PalettedContainer$Configuration;
[09:33:46] [main/DEBUG]: Skipping Lnet/minecraft/world/level/chunk/PaletteResize;
[09:33:46] [main/DEBUG]: Skipping Lnet/minecraft/world/level/chunk/Palette;
[09:33:46] [main/DEBUG]: Skipping Lnet/minecraft/world/level/chunk/Palette$Factory;
[09:33:46] [main/DEBUG]: Skipping Lnet/minecraft/world/level/chunk/MissingPaletteEntryException;
[09:33:46] [main/DEBUG]: Skipping Lnet/minecraft/world/level/chunk/LinearPalette;
[09:33:46] [main/DEBUG]: Skipping Lnet/minecraft/world/level/chunk/LightChunkGetter;
[09:33:46] [main/DEBUG]: Skipping Lnet/minecraft/world/level/chunk/LightChunk;
[09:33:46] [main/DEBUG]: Skipping Lnet/minecraft/world/level/chunk/LevelChunkSection;
[09:33:46] [main/DEBUG]: Skipping Lnet/minecraft/world/level/chunk/LevelChunkSection$1BlockCounter;
[09:33:46] [main/DEBUG]: Skipping Lnet/minecraft/world/level/chunk/HashMapPalette;
[09:33:46] [main/DEBUG]: Skipping Lnet/minecraft/world/level/chunk/GlobalPalette;
[09:33:46] [main/DEBUG]: Skipping Lnet/minecraft/world/level/chunk/EmptyLevelChunk;
[09:33:46] [main/DEBUG]: Skipping Lnet/minecraft/world/level/chunk/DataLayer;
[09:33:46] [main/DEBUG]: Skipping Lnet/minecraft/world/level/chunk/ChunkSource;
[09:33:46] [main/DEBUG]: Skipping Lnet/minecraft/world/level/chunk/ChunkGenerators;
[09:33:46] [main/DEBUG]: Skipping Lnet/minecraft/world/level/chunk/ChunkGeneratorStructureState;
[09:33:46] [main/DEBUG]: Skipping Lnet/minecraft/world/level/chunk/CarvingMask;
[09:33:46] [main/DEBUG]: Skipping Lnet/minecraft/world/level/chunk/CarvingMask$Mask;
[09:33:46] [main/DEBUG]: Skipping Lnet/minecraft/world/level/chunk/BulkSectionAccess;
[09:33:46] [main/DEBUG]: Skipping Lnet/minecraft/world/level/chunk/BlockColumn;
[09:33:46] [main/DEBUG]: Skipping Lnet/minecraft/world/level/chunk/LevelChunk;
[09:33:46] [main/DEBUG]: Skipping Lnet/minecraft/world/level/chunk/LevelChunk$RebindableTickingBlockEntityWrapper;
[09:33:46] [main/DEBUG]: Skipping Lnet/minecraft/world/level/chunk/LevelChunk$PostLoadProcessor;
[09:33:46] [main/DEBUG]: Skipping Lnet/minecraft/world/level/chunk/LevelChunk$EntityCreationType;
[09:33:46] [main/DEBUG]: Skipping Lnet/minecraft/world/level/chunk/LevelChunk$BoundTickingBlockEntity;
[09:33:46] [main/DEBUG]: Skipping Lnet/minecraft/world/level/chunk/LevelChunk$1;
[09:33:46] [main/DEBUG]: Skipping Lnet/minecraft/world/level/chunk/ImposterProtoChunk;
[09:33:46] [main/DEBUG]: Skipping Lnet/minecraft/world/level/chunk/ChunkGenerator;
[09:33:46] [main/DEBUG]: Skipping Lnet/minecraft/world/level/chunk/ChunkAccess;
[09:33:46] [main/DEBUG]: Skipping Lnet/minecraft/world/level/chunk/ChunkAccess$TicksToSave;
[09:33:46] [main/DEBUG]: Skipping Lnet/minecraft/world/level/border/package-info;
[09:33:46] [main/DEBUG]: Skipping Lnet/minecraft/world/level/border/WorldBorder;
[09:33:46] [main/DEBUG]: Skipping Lnet/minecraft/world/level/border/WorldBorder$StaticBorderExtent;
[09:33:46] [main/DEBUG]: Skipping Lnet/minecraft/world/level/border/WorldBorder$Settings;
[09:33:46] [main/DEBUG]: Skipping Lnet/minecraft/world/level/border/WorldBorder$MovingBorderExtent;
[09:33:46] [main/DEBUG]: Skipping Lnet/minecraft/world/level/border/WorldBorder$BorderExtent;
[09:33:46] [main/DEBUG]: Skipping Lnet/minecraft/world/level/border/BorderStatus;
[09:33:46] [main/DEBUG]: Skipping Lnet/minecraft/world/level/border/BorderChangeListener;
[09:33:46] [main/DEBUG]: Skipping Lnet/minecraft/world/level/border/BorderChangeListener$DelegateBorderChangeListener;
[09:33:46] [main/DEBUG]: Skipping Lnet/minecraft/world/level/block/state/properties/package-info;
[09:33:46] [main/DEBUG]: Transforming class Lnet/minecraft/world/level/block/state/properties/WoodType;
[09:33:46] [main/DEBUG]: Transforming net/minecraft/world/level/block/state/properties/WoodType METHOD m_61844_(Lnet/minecraft/world/level/block/state/properties/WoodType;)Lnet/minecraft/world/level/block/state/properties/WoodType; to access PUBLIC and LEAVE
[09:33:46] [main/DEBUG]: Skipping Lnet/minecraft/world/level/block/state/properties/WallSide;
[09:33:46] [main/DEBUG]: Skipping Lnet/minecraft/world/level/block/state/properties/Tilt;
[09:33:46] [main/DEBUG]: Skipping Lnet/minecraft/world/level/block/state/properties/StructureMode;
[09:33:46] [main/DEBUG]: Skipping Lnet/minecraft/world/level/block/state/properties/StairsShape;
[09:33:46] [main/DEBUG]: Skipping Lnet/minecraft/world/level/block/state/properties/SlabType;
[09:33:46] [main/DEBUG]: Skipping Lnet/minecraft/world/level/block/state/properties/SculkSensorPhase;
[09:33:46] [main/DEBUG]: Skipping Lnet/minecraft/world/level/block/state/properties/RotationSegment;
[09:33:46] [main/DEBUG]: Skipping Lnet/minecraft/world/level/block/state/properties/RedstoneSide;
[09:33:46] [main/DEBUG]: Skipping Lnet/minecraft/world/level/block/state/properties/RailShape;
[09:33:46] [main/DEBUG]: Skipping Lnet/minecraft/world/level/block/state/properties/Property;
[09:33:46] [main/DEBUG]: Skipping Lnet/minecraft/world/level/block/state/properties/Property$Value;
[09:33:46] [main/DEBUG]: Skipping Lnet/minecraft/world/level/block/state/properties/PistonType;
[09:33:46] [main/DEBUG]: Skipping Lnet/minecraft/world/level/block/state/properties/NoteBlockInstrument;
[09:33:46] [main/DEBUG]: Skipping Lnet/minecraft/world/level/block/state/properties/NoteBlockInstrument$Type;
[09:33:46] [main/DEBUG]: Skipping Lnet/minecraft/world/level/block/state/properties/IntegerProperty;
[09:33:46] [main/DEBUG]: Skipping Lnet/minecraft/world/level/block/state/properties/Half;
[09:33:46] [main/DEBUG]: Skipping Lnet/minecraft/world/level/block/state/properties/EnumProperty;
[09:33:46] [main/DEBUG]: Skipping Lnet/minecraft/world/level/block/state/properties/DripstoneThickness;
[09:33:46] [main/DEBUG]: Skipping Lnet/minecraft/world/level/block/state/properties/DoubleBlockHalf;
[09:33:46] [main/DEBUG]: Skipping Lnet/minecraft/world/level/block/state/properties/DoorHingeSide;
[09:33:46] [main/DEBUG]: Skipping Lnet/minecraft/world/level/block/state/properties/DirectionProperty;
[09:33:46] [main/DEBUG]: Skipping Lnet/minecraft/world/level/block/state/properties/ComparatorMode;
[09:33:46] [main/DEBUG]: Skipping Lnet/minecraft/world/level/block/state/properties/ChestType;
[09:33:46] [main/DEBUG]: Skipping Lnet/minecraft/world/level/block/state/properties/BooleanProperty;
[09:33:46] [main/DEBUG]: Skipping Lnet/minecraft/world/level/block/state/properties/BlockStateProperties;
[09:33:46] [main/DEBUG]: Transforming class Lnet/minecraft/world/level/block/state/properties/BlockSetType;
[09:33:46] [main/DEBUG]: Transforming net/minecraft/world/level/block/state/properties/BlockSetType METHOD m_272115_(Lnet/minecraft/world/level/block/state/properties/BlockSetType;)Lnet/minecraft/world/level/block/state/properties/BlockSetType; to access PUBLIC and LEAVE
[09:33:46] [main/DEBUG]: Skipping Lnet/minecraft/world/level/block/state/properties/BlockSetType$PressurePlateSensitivity;
[09:33:46] [main/DEBUG]: Skipping Lnet/minecraft/world/level/block/state/properties/BellAttachType;
[09:33:46] [main/DEBUG]: Skipping Lnet/minecraft/world/level/block/state/properties/BedPart;
[09:33:46] [main/DEBUG]: Skipping Lnet/minecraft/world/level/block/state/properties/BambooLeaves;
[09:33:46] [main/DEBUG]: Skipping Lnet/minecraft/world/level/block/state/properties/AttachFace;
[09:33:46] [main/DEBUG]: Skipping Lnet/minecraft/world/level/block/state/predicate/package-info;
[09:33:46] [main/DEBUG]: Skipping Lnet/minecraft/world/level/block/state/predicate/BlockStatePredicate;
[09:33:46] [main/DEBUG]: Skipping Lnet/minecraft/world/level/block/state/predicate/BlockPredicate;
[09:33:46] [main/DEBUG]: Skipping Lnet/minecraft/world/level/block/state/pattern/package-info;
[09:33:46] [main/DEBUG]: Skipping Lnet/minecraft/world/level/block/state/pattern/BlockPatternBuilder;
[09:33:46] [main/DEBUG]: Skipping Lnet/minecraft/world/level/block/state/pattern/BlockPattern;
[09:33:46] [main/DEBUG]: Skipping Lnet/minecraft/world/level/block/state/pattern/BlockPattern$BlockPatternMatch;
[09:33:46] [main/DEBUG]: Skipping Lnet/minecraft/world/level/block/state/pattern/BlockPattern$BlockCacheLoader;
[09:33:46] [main/DEBUG]: Skipping Lnet/minecraft/world/level/block/state/pattern/BlockInWorld;
[09:33:46] [main/DEBUG]: Skipping Lnet/minecraft/world/level/block/state/package-info;
[09:33:46] [main/DEBUG]: Skipping Lnet/minecraft/world/level/block/state/StateHolder;
[09:33:46] [main/DEBUG]: Skipping Lnet/minecraft/world/level/block/state/StateHolder$1;
[09:33:46] [main/DEBUG]: Skipping Lnet/minecraft/world/level/block/state/StateDefinition;
[09:33:46] [main/DEBUG]: Skipping Lnet/minecraft/world/level/block/state/StateDefinition$Factory;
[09:33:46] [main/DEBUG]: Skipping Lnet/minecraft/world/level/block/state/StateDefinition$Builder;
[09:33:46] [main/DEBUG]: Skipping Lnet/minecraft/world/level/block/state/BlockState;
[09:33:46] [main/DEBUG]: Skipping Lnet/minecraft/world/level/block/state/BlockBehaviour;
[09:33:46] [main/DEBUG]: Skipping Lnet/minecraft/world/level/block/state/BlockBehaviour$StatePredicate;
[09:33:46] [main/DEBUG]: Skipping Lnet/minecraft/world/level/block/state/BlockBehaviour$StateArgumentPredicate;
[09:33:46] [main/DEBUG]: Skipping Lnet/minecraft/world/level/block/state/BlockBehaviour$Properties;
[09:33:46] [main/DEBUG]: Skipping Lnet/minecraft/world/level/block/state/BlockBehaviour$OffsetType;
[09:33:46] [main/DEBUG]: Skipping Lnet/minecraft/world/level/block/state/BlockBehaviour$OffsetFunction;
[09:33:46] [main/DEBUG]: Skipping Lnet/minecraft/world/level/block/state/BlockBehaviour$BlockStateBase;
[09:33:46] [main/DEBUG]: Skipping Lnet/minecraft/world/level/block/state/BlockBehaviour$BlockStateBase$Cache;
[09:33:46] [main/DEBUG]: Skipping Lnet/minecraft/world/level/block/state/BlockBehaviour$1;
[09:33:46] [main/DEBUG]: Skipping Lnet/minecraft/world/level/block/piston/package-info;
[09:33:46] [main/DEBUG]: Skipping Lnet/minecraft/world/level/block/piston/PistonMath;
[09:33:46] [main/DEBUG]: Skipping Lnet/minecraft/world/level/block/piston/PistonMath$1;
[09:33:46] [main/DEBUG]: Skipping Lnet/minecraft/world/level/block/piston/PistonHeadBlock;
[09:33:46] [main/DEBUG]: Skipping Lnet/minecraft/world/level/block/piston/PistonHeadBlock$1;
[09:33:46] [main/DEBUG]: Skipping Lnet/minecraft/world/level/block/piston/MovingPistonBlock;
[09:33:46] [main/DEBUG]: Skipping Lnet/minecraft/world/level/block/piston/PistonStructureResolver;
[09:33:46] [main/DEBUG]: Skipping Lnet/minecraft/world/level/block/piston/PistonMovingBlockEntity;
[09:33:46] [main/DEBUG]: Skipping Lnet/minecraft/world/level/block/piston/PistonMovingBlockEntity$1;
[09:33:46] [main/DEBUG]: Skipping Lnet/minecraft/world/level/block/piston/PistonBaseBlock;
[09:33:46] [main/DEBUG]: Skipping Lnet/minecraft/world/level/block/piston/PistonBaseBlock$1;
[09:33:46] [main/DEBUG]: Skipping Lnet/minecraft/world/level/block/package-info;
[09:33:46] [main/DEBUG]: Skipping Lnet/minecraft/world/level/block/grower/package-info;
[09:33:46] [main/DEBUG]: Skipping Lnet/minecraft/world/level/block/grower/TreeGrower;
[09:33:46] [main/DEBUG]: Skipping Lnet/minecraft/world/level/block/entity/vault/package-info;
[09:33:46] [main/DEBUG]: Skipping Lnet/minecraft/world/level/block/entity/vault/VaultState;
[09:33:46] [main/DEBUG]: Skipping Lnet/minecraft/world/level/block/entity/vault/VaultState$LightLevel;
[09:33:46] [main/DEBUG]: Skipping Lnet/minecraft/world/level/block/entity/vault/VaultState$4;
[09:33:46] [main/DEBUG]: Skipping Lnet/minecraft/world/level/block/entity/vault/VaultState$3;
[09:33:46] [main/DEBUG]: Skipping Lnet/minecraft/world/level/block/entity/vault/VaultState$2;
[09:33:46] [main/DEBUG]: Skipping Lnet/minecraft/world/level/block/entity/vault/VaultState$1;
[09:33:46] [main/DEBUG]: Skipping Lnet/minecraft/world/level/block/entity/vault/VaultSharedData;
[09:33:46] [main/DEBUG]: Skipping Lnet/minecraft/world/level/block/entity/vault/VaultServerData;
[09:33:46] [main/DEBUG]: Skipping Lnet/minecraft/world/level/block/entity/vault/VaultConfig;
[09:33:46] [main/DEBUG]: Skipping Lnet/minecraft/world/level/block/entity/vault/VaultClientData;
[09:33:46] [main/DEBUG]: Skipping Lnet/minecraft/world/level/block/entity/vault/VaultBlockEntity;
[09:33:46] [main/DEBUG]: Skipping Lnet/minecraft/world/level/block/entity/vault/VaultBlockEntity$Server;
[09:33:46] [main/DEBUG]: Skipping Lnet/minecraft/world/level/block/entity/vault/VaultBlockEntity$Client;
[09:33:46] [main/DEBUG]: Skipping Lnet/minecraft/world/level/block/entity/trialspawner/package-info;
[09:33:46] [main/DEBUG]: Skipping Lnet/minecraft/world/level/block/entity/trialspawner/TrialSpawnerState;
[09:33:46] [main/DEBUG]: Skipping Lnet/minecraft/world/level/block/entity/trialspawner/TrialSpawnerState$SpinningMob;
[09:33:46] [main/DEBUG]: Skipping Lnet/minecraft/world/level/block/entity/trialspawner/TrialSpawnerState$ParticleEmission;
[09:33:46] [main/DEBUG]: Skipping Lnet/minecraft/world/level/block/entity/trialspawner/TrialSpawnerState$LightLevel;
[09:33:46] [main/DEBUG]: Skipping Lnet/minecraft/world/level/block/entity/trialspawner/TrialSpawnerData;
[09:33:46] [main/DEBUG]: Skipping Lnet/minecraft/world/level/block/entity/trialspawner/TrialSpawnerConfig;
[09:33:46] [main/DEBUG]: Skipping Lnet/minecraft/world/level/block/entity/trialspawner/TrialSpawner;
[09:33:46] [main/DEBUG]: Skipping Lnet/minecraft/world/level/block/entity/trialspawner/TrialSpawner$StateAccessor;
[09:33:46] [main/DEBUG]: Skipping Lnet/minecraft/world/level/block/entity/trialspawner/TrialSpawner$FlameParticle;
[09:33:46] [main/DEBUG]: Skipping Lnet/minecraft/world/level/block/entity/trialspawner/PlayerDetector;
[09:33:46] [main/DEBUG]: Skipping Lnet/minecraft/world/level/block/entity/trialspawner/PlayerDetector$EntitySelector;
[09:33:46] [main/DEBUG]: Skipping Lnet/minecraft/world/level/block/entity/trialspawner/PlayerDetector$EntitySelector$2;
[09:33:46] [main/DEBUG]: Skipping Lnet/minecraft/world/level/block/entity/trialspawner/PlayerDetector$EntitySelector$1;
[09:33:46] [main/DEBUG]: Skipping Lnet/minecraft/world/level/block/entity/package-info;
[09:33:46] [main/DEBUG]: Skipping Lnet/minecraft/world/level/block/entity/TrialSpawnerBlockEntity;
[09:33:46] [main/DEBUG]: Skipping Lnet/minecraft/world/level/block/entity/TrappedChestBlockEntity;
[09:33:46] [main/DEBUG]: Skipping Lnet/minecraft/world/level/block/entity/TickingBlockEntity;
[09:33:46] [main/DEBUG]: Skipping Lnet/minecraft/world/level/block/entity/TheEndPortalBlockEntity;
[09:33:46] [main/DEBUG]: Skipping Lnet/minecraft/world/level/block/entity/TheEndGatewayBlockEntity;
[09:33:46] [main/DEBUG]: Skipping Lnet/minecraft/world/level/block/entity/StructureBlockEntity;
[09:33:46] [main/DEBUG]: Skipping Lnet/minecraft/world/level/block/entity/StructureBlockEntity$UpdateType;
[09:33:46] [main/DEBUG]: Skipping Lnet/minecraft/world/level/block/entity/SmokerBlockEntity;
[09:33:46] [main/DEBUG]: Skipping Lnet/minecraft/world/level/block/entity/SkullBlockEntity;
[09:33:46] [main/DEBUG]: Skipping Lnet/minecraft/world/level/block/entity/SkullBlockEntity$2;
[09:33:46] [main/DEBUG]: Skipping Lnet/minecraft/world/level/block/entity/SkullBlockEntity$1;
[09:33:46] [main/DEBUG]: Skipping Lnet/minecraft/world/level/block/entity/SignText;
[09:33:46] [main/DEBUG]: Skipping Lnet/minecraft/world/level/block/entity/SculkShriekerBlockEntity;
[09:33:46] [main/DEBUG]: Skipping Lnet/minecraft/world/level/block/entity/SculkShriekerBlockEntity$VibrationUser;
[09:33:46] [main/DEBUG]: Skipping Lnet/minecraft/world/level/block/entity/SculkSensorBlockEntity;
[09:33:46] [main/DEBUG]: Skipping Lnet/minecraft/world/level/block/entity/SculkSensorBlockEntity$VibrationUser;
[09:33:46] [main/DEBUG]: Skipping Lnet/minecraft/world/level/block/entity/SculkCatalystBlockEntity;
[09:33:46] [main/DEBUG]: Skipping Lnet/minecraft/world/level/block/entity/SculkCatalystBlockEntity$CatalystListener;
[09:33:46] [main/DEBUG]: Skipping Lnet/minecraft/world/level/block/entity/RandomizableContainerBlockEntity;
[09:33:46] [main/DEBUG]: Skipping Lnet/minecraft/world/level/block/entity/PotDecorations;
[09:33:46] [main/DEBUG]: Skipping Lnet/minecraft/world/level/block/entity/LidBlockEntity;
[09:33:46] [main/DEBUG]: Skipping Lnet/minecraft/world/level/block/entity/LecternBlockEntity;
[09:33:46] [main/DEBUG]: Skipping Lnet/minecraft/world/level/block/entity/LecternBlockEntity$2;
[09:33:46] [main/DEBUG]: Skipping Lnet/minecraft/world/level/block/entity/LecternBlockEntity$1;
[09:33:46] [main/DEBUG]: Skipping Lnet/minecraft/world/level/block/entity/JukeboxBlockEntity;
[09:33:46] [main/DEBUG]: Skipping Lnet/minecraft/world/level/block/entity/JigsawBlockEntity;
[09:33:46] [main/DEBUG]: Skipping Lnet/minecraft/world/level/block/entity/JigsawBlockEntity$JointType;
[09:33:46] [main/DEBUG]: Skipping Lnet/minecraft/world/level/block/entity/Hopper;
[09:33:46] [main/DEBUG]: Skipping Lnet/minecraft/world/level/block/entity/FurnaceBlockEntity;
[09:33:46] [main/DEBUG]: Skipping Lnet/minecraft/world/level/block/entity/EnderChestBlockEntity;
[09:33:46] [main/DEBUG]: Skipping Lnet/minecraft/world/level/block/entity/EnderChestBlockEntity$1;
[09:33:46] [main/DEBUG]: Skipping Lnet/minecraft/world/level/block/entity/EnchantingTableBlockEntity;
[09:33:46] [main/DEBUG]: Skipping Lnet/minecraft/world/level/block/entity/DropperBlockEntity;
[09:33:46] [main/DEBUG]: Skipping Lnet/minecraft/world/level/block/entity/DispenserBlockEntity;
[09:33:46] [main/DEBUG]: Skipping Lnet/minecraft/world/level/block/entity/DecoratedPotPatterns;
[09:33:46] [main/DEBUG]: Skipping Lnet/minecraft/world/level/block/entity/DecoratedPotPattern;
[09:33:46] [main/DEBUG]: Skipping Lnet/minecraft/world/level/block/entity/DecoratedPotBlockEntity;
[09:33:46] [main/DEBUG]: Skipping Lnet/minecraft/world/level/block/entity/DecoratedPotBlockEntity$WobbleStyle;
[09:33:46] [main/DEBUG]: Skipping Lnet/minecraft/world/level/block/entity/DaylightDetectorBlockEntity;
[09:33:46] [main/DEBUG]: Skipping Lnet/minecraft/world/level/block/entity/CrafterBlockEntity;
[09:33:46] [main/DEBUG]: Skipping Lnet/minecraft/world/level/block/entity/CrafterBlockEntity$1;
[09:33:46] [main/DEBUG]: Skipping Lnet/minecraft/world/level/block/entity/ContainerOpenersCounter;
[09:33:46] [main/DEBUG]: Skipping Lnet/minecraft/world/level/block/entity/ComparatorBlockEntity;
[09:33:46] [main/DEBUG]: Skipping Lnet/minecraft/world/level/block/entity/CommandBlockEntity;
[09:33:46] [main/DEBUG]: Skipping Lnet/minecraft/world/level/block/entity/CommandBlockEntity$Mode;
[09:33:46] [main/DEBUG]: Skipping Lnet/minecraft/world/level/block/entity/CommandBlockEntity$1;
[09:33:46] [main/DEBUG]: Skipping Lnet/minecraft/world/level/block/entity/ChestLidController;
[09:33:46] [main/DEBUG]: Skipping Lnet/minecraft/world/level/block/entity/CampfireBlockEntity;
[09:33:46] [main/DEBUG]: Skipping Lnet/minecraft/world/level/block/entity/CalibratedSculkSensorBlockEntity;
[09:33:46] [main/DEBUG]: Skipping Lnet/minecraft/world/level/block/entity/CalibratedSculkSensorBlockEntity$VibrationUser;
[09:33:46] [main/DEBUG]: Skipping Lnet/minecraft/world/level/block/entity/BrushableBlockEntity;
[09:33:46] [main/DEBUG]: Transforming class Lnet/minecraft/world/level/block/entity/BlockEntityType;
[09:33:46] [main/DEBUG]: Transforming net/minecraft/world/level/block/entity/BlockEntityType INNERCLASS BlockEntitySupplier to access PUBLIC and LEAVE
[09:33:46] [main/DEBUG]: Skipping Lnet/minecraft/world/level/block/entity/BlockEntityType$Builder;
[09:33:46] [main/DEBUG]: Transforming class Lnet/minecraft/world/level/block/entity/BlockEntityType$BlockEntitySupplier;
[09:33:46] [main/DEBUG]: Transforming net/minecraft/world/level/block/entity/BlockEntityType$BlockEntitySupplier CLASS to access PUBLIC and LEAVE
[09:33:46] [main/DEBUG]: Skipping Lnet/minecraft/world/level/block/entity/BlockEntityTicker;
[09:33:46] [main/DEBUG]: Skipping Lnet/minecraft/world/level/block/entity/BlastFurnaceBlockEntity;
[09:33:46] [main/DEBUG]: Skipping Lnet/minecraft/world/level/block/entity/BellBlockEntity;
[09:33:46] [main/DEBUG]: Skipping Lnet/minecraft/world/level/block/entity/BellBlockEntity$ResonationEndAction;
[09:33:46] [main/DEBUG]: Skipping Lnet/minecraft/world/level/block/entity/BeehiveBlockEntity;
[09:33:46] [main/DEBUG]: Skipping Lnet/minecraft/world/level/block/entity/BeehiveBlockEntity$Occupant;
[09:33:46] [main/DEBUG]: Skipping Lnet/minecraft/world/level/block/entity/BeehiveBlockEntity$BeeReleaseStatus;
[09:33:46] [main/DEBUG]: Skipping Lnet/minecraft/world/level/block/entity/BeehiveBlockEntity$BeeData;
[09:33:46] [main/DEBUG]: Skipping Lnet/minecraft/world/level/block/entity/BedBlockEntity;
[09:33:46] [main/DEBUG]: Skipping Lnet/minecraft/world/level/block/entity/BarrelBlockEntity;
[09:33:46] [main/DEBUG]: Skipping Lnet/minecraft/world/level/block/entity/BarrelBlockEntity$1;
[09:33:46] [main/DEBUG]: Skipping Lnet/minecraft/world/level/block/entity/BannerPatterns;
[09:33:46] [main/DEBUG]: Skipping Lnet/minecraft/world/level/block/entity/BannerPatternLayers;
[09:33:46] [main/DEBUG]: Skipping Lnet/minecraft/world/level/block/entity/BannerPatternLayers$Layer;
[09:33:46] [main/DEBUG]: Skipping Lnet/minecraft/world/level/block/entity/BannerPatternLayers$Builder;
[09:33:46] [main/DEBUG]: Skipping Lnet/minecraft/world/level/block/entity/BannerPattern;
[09:33:46] [main/DEBUG]: Skipping Lnet/minecraft/world/level/block/entity/BannerBlockEntity;
[09:33:46] [main/DEBUG]: Skipping Lnet/minecraft/world/level/block/entity/BrewingStandBlockEntity$2;
[09:33:46] [main/DEBUG]: Skipping Lnet/minecraft/world/level/block/entity/AbstractFurnaceBlockEntity$2;
[09:33:46] [main/DEBUG]: Skipping Lnet/minecraft/world/level/block/entity/SpawnerBlockEntity;
[09:33:46] [main/DEBUG]: Skipping Lnet/minecraft/world/level/block/entity/SpawnerBlockEntity$1;
[09:33:46] [main/DEBUG]: Skipping Lnet/minecraft/world/level/block/entity/SignBlockEntity;
[09:33:46] [main/DEBUG]: Skipping Lnet/minecraft/world/level/block/entity/ShulkerBoxBlockEntity;
[09:33:46] [main/DEBUG]: Skipping Lnet/minecraft/world/level/block/entity/ShulkerBoxBlockEntity$AnimationStatus;
[09:33:46] [main/DEBUG]: Transforming class Lnet/minecraft/world/level/block/entity/HopperBlockEntity;
[09:33:46] [main/DEBUG]: Transforming net/minecraft/world/level/block/entity/HopperBlockEntity METHOD m_59395_(I)V to access PUBLIC and LEAVE
[09:33:46] [main/DEBUG]: Transforming net/minecraft/world/level/block/entity/HopperBlockEntity METHOD m_59409_()Z to access PUBLIC and LEAVE
[09:33:46] [main/DEBUG]: Skipping Lnet/minecraft/world/level/block/entity/HangingSignBlockEntity;
[09:33:46] [main/DEBUG]: Skipping Lnet/minecraft/world/level/block/entity/ConduitBlockEntity;
[09:33:46] [main/DEBUG]: Skipping Lnet/minecraft/world/level/block/entity/ChiseledBookShelfBlockEntity;
[09:33:46] [main/DEBUG]: Skipping Lnet/minecraft/world/level/block/entity/ChestBlockEntity;
[09:33:46] [main/DEBUG]: Skipping Lnet/minecraft/world/level/block/entity/ChestBlockEntity$1;
[09:33:46] [main/DEBUG]: Skipping Lnet/minecraft/world/level/block/entity/BrewingStandBlockEntity;
[09:33:46] [main/DEBUG]: Skipping Lnet/minecraft/world/level/block/entity/BrewingStandBlockEntity$1;
[09:33:46] [main/DEBUG]: Skipping Lnet/minecraft/world/level/block/entity/BlockEntity;
[09:33:46] [main/DEBUG]: Skipping Lnet/minecraft/world/level/block/entity/BlockEntity$DataComponentInput;
[09:33:46] [main/DEBUG]: Skipping Lnet/minecraft/world/level/block/entity/BlockEntity$ComponentHelper;
[09:33:46] [main/DEBUG]: Skipping Lnet/minecraft/world/level/block/entity/BlockEntity$1;
[09:33:46] [main/DEBUG]: Skipping Lnet/minecraft/world/level/block/entity/BeaconBlockEntity;
[09:33:46] [main/DEBUG]: Skipping Lnet/minecraft/world/level/block/entity/BeaconBlockEntity$BeaconBeamSection;
[09:33:46] [main/DEBUG]: Skipping Lnet/minecraft/world/level/block/entity/BeaconBlockEntity$1;
[09:33:46] [main/DEBUG]: Skipping Lnet/minecraft/world/level/block/entity/BaseContainerBlockEntity;
[09:33:46] [main/DEBUG]: Skipping Lnet/minecraft/world/level/block/entity/AbstractFurnaceBlockEntity;
[09:33:46] [main/DEBUG]: Skipping Lnet/minecraft/world/level/block/entity/AbstractFurnaceBlockEntity$1;
[09:33:46] [main/DEBUG]: Transforming class Lnet/minecraft/world/level/block/WoolCarpetBlock;
[09:33:46] [main/DEBUG]: Transforming net/minecraft/world/level/block/WoolCarpetBlock METHOD <init>(Lnet/minecraft/world/item/DyeColor;Lnet/minecraft/world/level/block/state/BlockBehaviour$Properties;)V to access PUBLIC and LEAVE
[09:33:46] [main/DEBUG]: Transforming class Lnet/minecraft/world/level/block/WitherWallSkullBlock;
[09:33:46] [main/DEBUG]: Transforming net/minecraft/world/level/block/WitherWallSkullBlock METHOD <init>(Lnet/minecraft/world/level/block/state/BlockBehaviour$Properties;)V to access PUBLIC and LEAVE
[09:33:46] [main/DEBUG]: Transforming class Lnet/minecraft/world/level/block/WitherSkullBlock;
[09:33:46] [main/DEBUG]: Transforming net/minecraft/world/level/block/WitherSkullBlock METHOD <init>(Lnet/minecraft/world/level/block/state/BlockBehaviour$Properties;)V to access PUBLIC and LEAVE
[09:33:46] [main/DEBUG]: Skipping Lnet/minecraft/world/level/block/WitherRoseBlock;
[09:33:46] [main/DEBUG]: Transforming class Lnet/minecraft/world/level/block/WetSpongeBlock;
[09:33:46] [main/DEBUG]: Transforming net/minecraft/world/level/block/WetSpongeBlock METHOD <init>(Lnet/minecraft/world/level/block/state/BlockBehaviour$Properties;)V to access PUBLIC and LEAVE
[09:33:46] [main/DEBUG]: Transforming class Lnet/minecraft/world/level/block/WeightedPressurePlateBlock;
[09:33:46] [main/DEBUG]: Transforming net/minecraft/world/level/block/WeightedPressurePlateBlock METHOD <init>(ILnet/minecraft/world/level/block/state/properties/BlockSetType;Lnet/minecraft/world/level/block/state/BlockBehaviour$Properties;)V to access PUBLIC and LEAVE
[09:33:46] [main/DEBUG]: Skipping Lnet/minecraft/world/level/block/WeepingVinesPlantBlock;
[09:33:46] [main/DEBUG]: Skipping Lnet/minecraft/world/level/block/WeepingVinesBlock;
[09:33:46] [main/DEBUG]: Transforming class Lnet/minecraft/world/level/block/WeatheringCopperTrapDoorBlock;
[09:33:46] [main/DEBUG]: Transforming net/minecraft/world/level/block/WeatheringCopperTrapDoorBlock METHOD <init>(Lnet/minecraft/world/level/block/state/properties/BlockSetType;Lnet/minecraft/world/level/block/WeatheringCopper$WeatherState;Lnet/minecraft/world/level/block/state/BlockBehaviour$Properties;)V to access PUBLIC and LEAVE
[09:33:46] [main/DEBUG]: Skipping Lnet/minecraft/world/level/block/WeatheringCopperStairBlock;
[09:33:46] [main/DEBUG]: Skipping Lnet/minecraft/world/level/block/WeatheringCopperSlabBlock;
[09:33:46] [main/DEBUG]: Transforming class Lnet/minecraft/world/level/block/WeatheringCopperGrateBlock;
[09:33:46] [main/DEBUG]: Transforming net/minecraft/world/level/block/WeatheringCopperGrateBlock METHOD <init>(Lnet/minecraft/world/level/block/WeatheringCopper$WeatherState;Lnet/minecraft/world/level/block/state/BlockBehaviour$Properties;)V to access PUBLIC and LEAVE
[09:33:46] [main/DEBUG]: Skipping Lnet/minecraft/world/level/block/WeatheringCopperFullBlock;
[09:33:46] [main/DEBUG]: Transforming class Lnet/minecraft/world/level/block/WeatheringCopperDoorBlock;
[09:33:46] [main/DEBUG]: Transforming net/minecraft/world/level/block/WeatheringCopperDoorBlock METHOD <init>(Lnet/minecraft/world/level/block/state/properties/BlockSetType;Lnet/minecraft/world/level/block/WeatheringCopper$WeatherState;Lnet/minecraft/world/level/block/state/BlockBehaviour$Properties;)V to access PUBLIC and LEAVE
[09:33:46] [main/DEBUG]: Skipping Lnet/minecraft/world/level/block/WeatheringCopperBulbBlock;
[09:33:46] [main/DEBUG]: Skipping Lnet/minecraft/world/level/block/WeatheringCopper;
[09:33:46] [main/DEBUG]: Skipping Lnet/minecraft/world/level/block/WeatheringCopper$WeatherState;
[09:33:46] [main/DEBUG]: Transforming class Lnet/minecraft/world/level/block/WaterloggedTransparentBlock;
[09:33:46] [main/DEBUG]: Transforming net/minecraft/world/level/block/WaterloggedTransparentBlock METHOD <init>(Lnet/minecraft/world/level/block/state/BlockBehaviour$Properties;)V to access PUBLIC and LEAVE
[09:33:46] [main/DEBUG]: Transforming class Lnet/minecraft/world/level/block/WaterlilyBlock;
[09:33:46] [main/DEBUG]: Transforming net/minecraft/world/level/block/WaterlilyBlock METHOD <init>(Lnet/minecraft/world/level/block/state/BlockBehaviour$Properties;)V to access PUBLIC and LEAVE
[09:33:46] [main/DEBUG]: Transforming class Lnet/minecraft/world/level/block/WallTorchBlock;
[09:33:46] [main/DEBUG]: Transforming net/minecraft/world/level/block/WallTorchBlock METHOD <init>(Lnet/minecraft/core/particles/SimpleParticleType;Lnet/minecraft/world/level/block/state/BlockBehaviour$Properties;)V to access PUBLIC and LEAVE
[09:33:46] [main/DEBUG]: Transforming class Lnet/minecraft/world/level/block/WallSkullBlock;
[09:33:46] [main/DEBUG]: Transforming net/minecraft/world/level/block/WallSkullBlock METHOD <init>(Lnet/minecraft/world/level/block/SkullBlock$Type;Lnet/minecraft/world/level/block/state/BlockBehaviour$Properties;)V to access PUBLIC and LEAVE
[09:33:46] [main/DEBUG]: Skipping Lnet/minecraft/world/level/block/WallSignBlock;
[09:33:46] [main/DEBUG]: Skipping Lnet/minecraft/world/level/block/WallHangingSignBlock;
[09:33:46] [main/DEBUG]: Skipping Lnet/minecraft/world/level/block/WallHangingSignBlock$1;
[09:33:46] [main/DEBUG]: Skipping Lnet/minecraft/world/level/block/WallBlock;
[09:33:46] [main/DEBUG]: Skipping Lnet/minecraft/world/level/block/WallBlock$1;
[09:33:46] [main/DEBUG]: Skipping Lnet/minecraft/world/level/block/WallBannerBlock;
[09:33:46] [main/DEBUG]: Skipping Lnet/minecraft/world/level/block/VaultBlock;
[09:33:46] [main/DEBUG]: Skipping Lnet/minecraft/world/level/block/TwistingVinesPlantBlock;
[09:33:46] [main/DEBUG]: Skipping Lnet/minecraft/world/level/block/TwistingVinesBlock;
[09:33:46] [main/DEBUG]: Skipping Lnet/minecraft/world/level/block/TrialSpawnerBlock;
[09:33:46] [main/DEBUG]: Skipping Lnet/minecraft/world/level/block/TrappedChestBlock;
[09:33:46] [main/DEBUG]: Transforming class Lnet/minecraft/world/level/block/TransparentBlock;
[09:33:46] [main/DEBUG]: Transforming net/minecraft/world/level/block/TransparentBlock METHOD <init>(Lnet/minecraft/world/level/block/state/BlockBehaviour$Properties;)V to access PUBLIC and LEAVE
[09:33:46] [main/DEBUG]: Skipping Lnet/minecraft/world/level/block/TorchflowerCropBlock;
[09:33:46] [main/DEBUG]: Transforming class Lnet/minecraft/world/level/block/TorchBlock;
[09:33:46] [main/DEBUG]: Transforming net/minecraft/world/level/block/TorchBlock METHOD <init>(Lnet/minecraft/core/particles/SimpleParticleType;Lnet/minecraft/world/level/block/state/BlockBehaviour$Properties;)V to access PUBLIC and LEAVE
[09:33:46] [main/DEBUG]: Skipping Lnet/minecraft/world/level/block/TintedGlassBlock;
[09:33:46] [main/DEBUG]: Skipping Lnet/minecraft/world/level/block/TargetBlock;
[09:33:46] [main/DEBUG]: Skipping Lnet/minecraft/world/level/block/TallSeagrassBlock;
[09:33:46] [main/DEBUG]: Skipping Lnet/minecraft/world/level/block/TallFlowerBlock;
[09:33:46] [main/DEBUG]: Skipping Lnet/minecraft/world/level/block/SuspiciousEffectHolder;
[09:33:46] [main/DEBUG]: Skipping Lnet/minecraft/world/level/block/SupportType;
[09:33:46] [main/DEBUG]: Skipping Lnet/minecraft/world/level/block/SupportType$3;
[09:33:46] [main/DEBUG]: Skipping Lnet/minecraft/world/level/block/SupportType$2;
[09:33:46] [main/DEBUG]: Skipping Lnet/minecraft/world/level/block/SupportType$1;
[09:33:46] [main/DEBUG]: Transforming class Lnet/minecraft/world/level/block/StructureVoidBlock;
[09:33:46] [main/DEBUG]: Transforming net/minecraft/world/level/block/StructureVoidBlock METHOD <init>(Lnet/minecraft/world/level/block/state/BlockBehaviour$Properties;)V to access PUBLIC and LEAVE
[09:33:46] [main/DEBUG]: Transforming class Lnet/minecraft/world/level/block/StructureBlock;
[09:33:46] [main/DEBUG]: Transforming net/minecraft/world/level/block/StructureBlock METHOD <init>(Lnet/minecraft/world/level/block/state/BlockBehaviour$Properties;)V to access PUBLIC and LEAVE
[09:33:46] [main/DEBUG]: Skipping Lnet/minecraft/world/level/block/StructureBlock$1;
[09:33:46] [main/DEBUG]: Skipping Lnet/minecraft/world/level/block/StonecutterBlock;
[09:33:46] [main/DEBUG]: Skipping Lnet/minecraft/world/level/block/StandingSignBlock;
[09:33:46] [main/DEBUG]: Transforming class Lnet/minecraft/world/level/block/StairBlock;
[09:33:46] [main/DEBUG]: Transforming net/minecraft/world/level/block/StairBlock METHOD <init>(Lnet/minecraft/world/level/block/state/BlockState;Lnet/minecraft/world/level/block/state/BlockBehaviour$Properties;)V to access PUBLIC and LEAVE
[09:33:46] [main/DEBUG]: Skipping Lnet/minecraft/world/level/block/StairBlock$1;
[09:33:46] [main/DEBUG]: Skipping Lnet/minecraft/world/level/block/StainedGlassPaneBlock;
[09:33:46] [main/DEBUG]: Skipping Lnet/minecraft/world/level/block/StainedGlassBlock;
[09:33:46] [main/DEBUG]: Skipping Lnet/minecraft/world/level/block/SporeBlossomBlock;
[09:33:46] [main/DEBUG]: Skipping Lnet/minecraft/world/level/block/SoulSandBlock;
[09:33:46] [main/DEBUG]: Skipping Lnet/minecraft/world/level/block/SoulFireBlock;
[09:33:46] [main/DEBUG]: Transforming class Lnet/minecraft/world/level/block/SnowyDirtBlock;
[09:33:46] [main/DEBUG]: Transforming net/minecraft/world/level/block/SnowyDirtBlock METHOD <init>(Lnet/minecraft/world/level/block/state/BlockBehaviour$Properties;)V to access PUBLIC and LEAVE
[09:33:46] [main/DEBUG]: Transforming class Lnet/minecraft/world/level/block/SnowLayerBlock;
[09:33:46] [main/DEBUG]: Transforming net/minecraft/world/level/block/SnowLayerBlock METHOD <init>(Lnet/minecraft/world/level/block/state/BlockBehaviour$Properties;)V to access PUBLIC and LEAVE
[09:33:46] [main/DEBUG]: Skipping Lnet/minecraft/world/level/block/SnowLayerBlock$1;
[09:33:46] [main/DEBUG]: Skipping Lnet/minecraft/world/level/block/SnifferEggBlock;
[09:33:46] [main/DEBUG]: Transforming class Lnet/minecraft/world/level/block/SmokerBlock;
[09:33:46] [main/DEBUG]: Transforming net/minecraft/world/level/block/SmokerBlock METHOD <init>(Lnet/minecraft/world/level/block/state/BlockBehaviour$Properties;)V to access PUBLIC and LEAVE
[09:33:46] [main/DEBUG]: Transforming class Lnet/minecraft/world/level/block/SmithingTableBlock;
[09:33:46] [main/DEBUG]: Transforming net/minecraft/world/level/block/SmithingTableBlock METHOD <init>(Lnet/minecraft/world/level/block/state/BlockBehaviour$Properties;)V to access PUBLIC and LEAVE
[09:33:46] [main/DEBUG]: Skipping Lnet/minecraft/world/level/block/SmallDripleafBlock;
[09:33:46] [main/DEBUG]: Skipping Lnet/minecraft/world/level/block/SlimeBlock;
[09:33:46] [main/DEBUG]: Skipping Lnet/minecraft/world/level/block/SlabBlock;
[09:33:46] [main/DEBUG]: Skipping Lnet/minecraft/world/level/block/SlabBlock$1;
[09:33:46] [main/DEBUG]: Transforming class Lnet/minecraft/world/level/block/SkullBlock;
[09:33:46] [main/DEBUG]: Transforming net/minecraft/world/level/block/SkullBlock METHOD <init>(Lnet/minecraft/world/level/block/SkullBlock$Type;Lnet/minecraft/world/level/block/state/BlockBehaviour$Properties;)V to access PUBLIC and LEAVE
[09:33:46] [main/DEBUG]: Skipping Lnet/minecraft/world/level/block/SkullBlock$Types;
[09:33:46] [main/DEBUG]: Skipping Lnet/minecraft/world/level/block/SkullBlock$Type;
[09:33:46] [main/DEBUG]: Skipping Lnet/minecraft/world/level/block/SimpleWaterloggedBlock;
[09:33:46] [main/DEBUG]: Skipping Lnet/minecraft/world/level/block/SignBlock;
[09:33:46] [main/DEBUG]: Skipping Lnet/minecraft/world/level/block/ShulkerBoxBlock;
[09:33:46] [main/DEBUG]: Skipping Lnet/minecraft/world/level/block/ShulkerBoxBlock$1;
[09:33:46] [main/DEBUG]: Transforming class Lnet/minecraft/world/level/block/SeaPickleBlock;
[09:33:46] [main/DEBUG]: Transforming net/minecraft/world/level/block/SeaPickleBlock METHOD <init>(Lnet/minecraft/world/level/block/state/BlockBehaviour$Properties;)V to access PUBLIC and LEAVE
[09:33:46] [main/DEBUG]: Skipping Lnet/minecraft/world/level/block/SculkVeinBlock;
[09:33:46] [main/DEBUG]: Skipping Lnet/minecraft/world/level/block/SculkVeinBlock$SculkVeinSpreaderConfig;
[09:33:46] [main/DEBUG]: Skipping Lnet/minecraft/world/level/block/SculkSpreader;
[09:33:46] [main/DEBUG]: Skipping Lnet/minecraft/world/level/block/SculkSpreader$ChargeCursor;
[09:33:46] [main/DEBUG]: Skipping Lnet/minecraft/world/level/block/SculkBlock;
[09:33:46] [main/DEBUG]: Skipping Lnet/minecraft/world/level/block/SculkBehaviour;
[09:33:46] [main/DEBUG]: Skipping Lnet/minecraft/world/level/block/SculkBehaviour$1;
[09:33:46] [main/DEBUG]: Transforming class Lnet/minecraft/world/level/block/ScaffoldingBlock;
[09:33:46] [main/DEBUG]: Transforming net/minecraft/world/level/block/ScaffoldingBlock METHOD <init>(Lnet/minecraft/world/level/block/state/BlockBehaviour$Properties;)V to access PUBLIC and LEAVE
[09:33:46] [main/DEBUG]: Skipping Lnet/minecraft/world/level/block/Rotation;
[09:33:46] [main/DEBUG]: Skipping Lnet/minecraft/world/level/block/RotatedPillarBlock;
[09:33:46] [main/DEBUG]: Skipping Lnet/minecraft/world/level/block/RotatedPillarBlock$1;
[09:33:46] [main/DEBUG]: Transforming class Lnet/minecraft/world/level/block/RootsBlock;
[09:33:46] [main/DEBUG]: Transforming net/minecraft/world/level/block/RootsBlock METHOD <init>(Lnet/minecraft/world/level/block/state/BlockBehaviour$Properties;)V to access PUBLIC and LEAVE
[09:33:46] [main/DEBUG]: Skipping Lnet/minecraft/world/level/block/RootedDirtBlock;
[09:33:46] [main/DEBUG]: Skipping Lnet/minecraft/world/level/block/RodBlock;
[09:33:46] [main/DEBUG]: Skipping Lnet/minecraft/world/level/block/RodBlock$1;
[09:33:46] [main/DEBUG]: Skipping Lnet/minecraft/world/level/block/RespawnAnchorBlock;
[09:33:46] [main/DEBUG]: Skipping Lnet/minecraft/world/level/block/RespawnAnchorBlock$1;
[09:33:46] [main/DEBUG]: Transforming class Lnet/minecraft/world/level/block/RepeaterBlock;
[09:33:46] [main/DEBUG]: Transforming net/minecraft/world/level/block/RepeaterBlock METHOD <init>(Lnet/minecraft/world/level/block/state/BlockBehaviour$Properties;)V to access PUBLIC and LEAVE
[09:33:46] [main/DEBUG]: Skipping Lnet/minecraft/world/level/block/RenderShape;
[09:33:46] [main/DEBUG]: Transforming class Lnet/minecraft/world/level/block/RedstoneWallTorchBlock;
[09:33:46] [main/DEBUG]: Transforming net/minecraft/world/level/block/RedstoneWallTorchBlock METHOD <init>(Lnet/minecraft/world/level/block/state/BlockBehaviour$Properties;)V to access PUBLIC and LEAVE
[09:33:46] [main/DEBUG]: Transforming class Lnet/minecraft/world/level/block/RedstoneTorchBlock;
[09:33:46] [main/DEBUG]: Transforming net/minecraft/world/level/block/RedstoneTorchBlock METHOD <init>(Lnet/minecraft/world/level/block/state/BlockBehaviour$Properties;)V to access PUBLIC and LEAVE
[09:33:46] [main/DEBUG]: Skipping Lnet/minecraft/world/level/block/RedstoneTorchBlock$Toggle;
[09:33:46] [main/DEBUG]: Skipping Lnet/minecraft/world/level/block/RedstoneLampBlock;
[09:33:46] [main/DEBUG]: Transforming class Lnet/minecraft/world/level/block/RailBlock;
[09:33:46] [main/DEBUG]: Transforming net/minecraft/world/level/block/RailBlock METHOD <init>(Lnet/minecraft/world/level/block/state/BlockBehaviour$Properties;)V to access PUBLIC and LEAVE
[09:33:46] [main/DEBUG]: Skipping Lnet/minecraft/world/level/block/RailBlock$1;
[09:33:46] [main/DEBUG]: Transforming class Lnet/minecraft/world/level/block/PressurePlateBlock;
[09:33:46] [main/DEBUG]: Transforming net/minecraft/world/level/block/PressurePlateBlock METHOD <init>(Lnet/minecraft/world/level/block/state/properties/BlockSetType;Lnet/minecraft/world/level/block/state/BlockBehaviour$Properties;)V to access PUBLIC and LEAVE
[09:33:46] [main/DEBUG]: Skipping Lnet/minecraft/world/level/block/PressurePlateBlock$1;
[09:33:46] [main/DEBUG]: Skipping Lnet/minecraft/world/level/block/PoweredBlock;
[09:33:46] [main/DEBUG]: Skipping Lnet/minecraft/world/level/block/PotatoBlock;
[09:33:46] [main/DEBUG]: Skipping Lnet/minecraft/world/level/block/Portal;
[09:33:46] [main/DEBUG]: Skipping Lnet/minecraft/world/level/block/Portal$Transition;
[09:33:46] [main/DEBUG]: Skipping Lnet/minecraft/world/level/block/PointedDripstoneBlock;
[09:33:46] [main/DEBUG]: Skipping Lnet/minecraft/world/level/block/PointedDripstoneBlock$FluidInfo;
[09:33:46] [main/DEBUG]: Transforming class Lnet/minecraft/world/level/block/PlayerWallHeadBlock;
[09:33:46] [main/DEBUG]: Transforming net/minecraft/world/level/block/PlayerWallHeadBlock METHOD <init>(Lnet/minecraft/world/level/block/state/BlockBehaviour$Properties;)V to access PUBLIC and LEAVE
[09:33:46] [main/DEBUG]: Transforming class Lnet/minecraft/world/level/block/PlayerHeadBlock;
[09:33:46] [main/DEBUG]: Transforming net/minecraft/world/level/block/PlayerHeadBlock METHOD <init>(Lnet/minecraft/world/level/block/state/BlockBehaviour$Properties;)V to access PUBLIC and LEAVE
[09:33:46] [main/DEBUG]: Skipping Lnet/minecraft/world/level/block/PitcherCropBlock;
[09:33:46] [main/DEBUG]: Skipping Lnet/minecraft/world/level/block/PitcherCropBlock$PosAndState;
[09:33:46] [main/DEBUG]: Skipping Lnet/minecraft/world/level/block/PipeBlock;
[09:33:46] [main/DEBUG]: Transforming class Lnet/minecraft/world/level/block/PinkPetalsBlock;
[09:33:46] [main/DEBUG]: Transforming net/minecraft/world/level/block/PinkPetalsBlock METHOD <init>(Lnet/minecraft/world/level/block/state/BlockBehaviour$Properties;)V to access PUBLIC and LEAVE
[09:33:46] [main/DEBUG]: Skipping Lnet/minecraft/world/level/block/PiglinWallSkullBlock;
[09:33:46] [main/DEBUG]: Skipping Lnet/minecraft/world/level/block/ObserverBlock;
[09:33:46] [main/DEBUG]: Transforming class Lnet/minecraft/world/level/block/NyliumBlock;
[09:33:46] [main/DEBUG]: Transforming net/minecraft/world/level/block/NyliumBlock METHOD <init>(Lnet/minecraft/world/level/block/state/BlockBehaviour$Properties;)V to access PUBLIC and LEAVE
[09:33:46] [main/DEBUG]: Skipping Lnet/minecraft/world/level/block/NetherrackBlock;
[09:33:46] [main/DEBUG]: Skipping Lnet/minecraft/world/level/block/NetherVines;
[09:33:46] [main/DEBUG]: Skipping Lnet/minecraft/world/level/block/NetherSproutsBlock;
[09:33:46] [main/DEBUG]: Skipping Lnet/minecraft/world/level/block/NetherPortalBlock;
[09:33:46] [main/DEBUG]: Skipping Lnet/minecraft/world/level/block/NetherPortalBlock$1;
[09:33:46] [main/DEBUG]: Skipping Lnet/minecraft/world/level/block/MyceliumBlock;
[09:33:46] [main/DEBUG]: Skipping Lnet/minecraft/world/level/block/MultifaceSpreader;
[09:33:46] [main/DEBUG]: Skipping Lnet/minecraft/world/level/block/MultifaceSpreader$SpreadType;
[09:33:46] [main/DEBUG]: Skipping Lnet/minecraft/world/level/block/MultifaceSpreader$SpreadType$3;
[09:33:46] [main/DEBUG]: Skipping Lnet/minecraft/world/level/block/MultifaceSpreader$SpreadType$2;
[09:33:46] [main/DEBUG]: Skipping Lnet/minecraft/world/level/block/MultifaceSpreader$SpreadType$1;
[09:33:46] [main/DEBUG]: Skipping Lnet/minecraft/world/level/block/MultifaceSpreader$SpreadPredicate;
[09:33:46] [main/DEBUG]: Skipping Lnet/minecraft/world/level/block/MultifaceSpreader$SpreadPos;
[09:33:46] [main/DEBUG]: Skipping Lnet/minecraft/world/level/block/MultifaceSpreader$SpreadConfig;
[09:33:46] [main/DEBUG]: Skipping Lnet/minecraft/world/level/block/MultifaceSpreader$DefaultSpreaderConfig;
[09:33:46] [main/DEBUG]: Skipping Lnet/minecraft/world/level/block/MultifaceBlock;
[09:33:46] [main/DEBUG]: Skipping Lnet/minecraft/world/level/block/MudBlock;
[09:33:46] [main/DEBUG]: Skipping Lnet/minecraft/world/level/block/MossBlock;
[09:33:46] [main/DEBUG]: Skipping Lnet/minecraft/world/level/block/Mirror;
[09:33:46] [main/DEBUG]: Transforming class Lnet/minecraft/world/level/block/MangroveRootsBlock;
[09:33:46] [main/DEBUG]: Transforming net/minecraft/world/level/block/MangroveRootsBlock METHOD <init>(Lnet/minecraft/world/level/block/state/BlockBehaviour$Properties;)V to access PUBLIC and LEAVE
[09:33:46] [main/DEBUG]: Skipping Lnet/minecraft/world/level/block/MangrovePropaguleBlock;
[09:33:46] [main/DEBUG]: Skipping Lnet/minecraft/world/level/block/MangroveLeavesBlock;
[09:33:46] [main/DEBUG]: Skipping Lnet/minecraft/world/level/block/MagmaBlock;
[09:33:46] [main/DEBUG]: Transforming class Lnet/minecraft/world/level/block/LoomBlock;
[09:33:46] [main/DEBUG]: Transforming net/minecraft/world/level/block/LoomBlock METHOD <init>(Lnet/minecraft/world/level/block/state/BlockBehaviour$Properties;)V to access PUBLIC and LEAVE
[09:33:46] [main/DEBUG]: Skipping Lnet/minecraft/world/level/block/LiquidBlockContainer;
[09:33:46] [main/DEBUG]: Skipping Lnet/minecraft/world/level/block/LightningRodBlock;
[09:33:46] [main/DEBUG]: Skipping Lnet/minecraft/world/level/block/LightBlock;
[09:33:46] [main/DEBUG]: Transforming class Lnet/minecraft/world/level/block/LeverBlock;
[09:33:46] [main/DEBUG]: Transforming net/minecraft/world/level/block/LeverBlock METHOD <init>(Lnet/minecraft/world/level/block/state/BlockBehaviour$Properties;)V to access PUBLIC and LEAVE
[09:33:46] [main/DEBUG]: Skipping Lnet/minecraft/world/level/block/LeverBlock$1;
[09:33:46] [main/DEBUG]: Skipping Lnet/minecraft/world/level/block/LevelEvent;
[09:33:46] [main/DEBUG]: Transforming class Lnet/minecraft/world/level/block/LecternBlock;
[09:33:46] [main/DEBUG]: Transforming net/minecraft/world/level/block/LecternBlock METHOD <init>(Lnet/minecraft/world/level/block/state/BlockBehaviour$Properties;)V to access PUBLIC and LEAVE
[09:33:46] [main/DEBUG]: Skipping Lnet/minecraft/world/level/block/LecternBlock$1;
[09:33:46] [main/DEBUG]: Skipping Lnet/minecraft/world/level/block/LayeredCauldronBlock;
[09:33:46] [main/DEBUG]: Skipping Lnet/minecraft/world/level/block/LavaCauldronBlock;
[09:33:46] [main/DEBUG]: Skipping Lnet/minecraft/world/level/block/LanternBlock;
[09:33:46] [main/DEBUG]: Transforming class Lnet/minecraft/world/level/block/LadderBlock;
[09:33:46] [main/DEBUG]: Transforming net/minecraft/world/level/block/LadderBlock METHOD <init>(Lnet/minecraft/world/level/block/state/BlockBehaviour$Properties;)V to access PUBLIC and LEAVE
[09:33:46] [main/DEBUG]: Skipping Lnet/minecraft/world/level/block/LadderBlock$1;
[09:33:46] [main/DEBUG]: Transforming class Lnet/minecraft/world/level/block/KelpPlantBlock;
[09:33:46] [main/DEBUG]: Transforming net/minecraft/world/level/block/KelpPlantBlock METHOD <init>(Lnet/minecraft/world/level/block/state/BlockBehaviour$Properties;)V to access PUBLIC and LEAVE
[09:33:46] [main/DEBUG]: Transforming class Lnet/minecraft/world/level/block/KelpBlock;
[09:33:46] [main/DEBUG]: Transforming net/minecraft/world/level/block/KelpBlock METHOD <init>(Lnet/minecraft/world/level/block/state/BlockBehaviour$Properties;)V to access PUBLIC and LEAVE
[09:33:46] [main/DEBUG]: Transforming class Lnet/minecraft/world/level/block/JukeboxBlock;
[09:33:46] [main/DEBUG]: Transforming net/minecraft/world/level/block/JukeboxBlock METHOD <init>(Lnet/minecraft/world/level/block/state/BlockBehaviour$Properties;)V to access PUBLIC and LEAVE
[09:33:46] [main/DEBUG]: Transforming class Lnet/minecraft/world/level/block/JigsawBlock;
[09:33:46] [main/DEBUG]: Transforming net/minecraft/world/level/block/JigsawBlock METHOD <init>(Lnet/minecraft/world/level/block/state/BlockBehaviour$Properties;)V to access PUBLIC and LEAVE
[09:33:46] [main/DEBUG]: Transforming class Lnet/minecraft/world/level/block/IronBarsBlock;
[09:33:46] [main/DEBUG]: Transforming net/minecraft/world/level/block/IronBarsBlock METHOD <init>(Lnet/minecraft/world/level/block/state/BlockBehaviour$Properties;)V to access PUBLIC and LEAVE
[09:33:46] [main/DEBUG]: Skipping Lnet/minecraft/world/level/block/InfestedRotatedPillarBlock;
[09:33:46] [main/DEBUG]: Skipping Lnet/minecraft/world/level/block/InfestedBlock;
[09:33:46] [main/DEBUG]: Skipping Lnet/minecraft/world/level/block/IceBlock;
[09:33:46] [main/DEBUG]: Skipping Lnet/minecraft/world/level/block/HugeMushroomBlock;
[09:33:46] [main/DEBUG]: Skipping Lnet/minecraft/world/level/block/HorizontalDirectionalBlock;
[09:33:46] [main/DEBUG]: Skipping Lnet/minecraft/world/level/block/HopperBlock;
[09:33:46] [main/DEBUG]: Skipping Lnet/minecraft/world/level/block/HopperBlock$1;
[09:33:46] [main/DEBUG]: Skipping Lnet/minecraft/world/level/block/HoneyBlock;
[09:33:46] [main/DEBUG]: Skipping Lnet/minecraft/world/level/block/HeavyCoreBlock;
[09:33:46] [main/DEBUG]: Skipping Lnet/minecraft/world/level/block/HayBlock;
[09:33:46] [main/DEBUG]: Transforming class Lnet/minecraft/world/level/block/HangingRootsBlock;
[09:33:46] [main/DEBUG]: Transforming net/minecraft/world/level/block/HangingRootsBlock METHOD <init>(Lnet/minecraft/world/level/block/state/BlockBehaviour$Properties;)V to access PUBLIC and LEAVE
[09:33:46] [main/DEBUG]: Transforming class Lnet/minecraft/world/level/block/HalfTransparentBlock;
[09:33:46] [main/DEBUG]: Transforming net/minecraft/world/level/block/HalfTransparentBlock METHOD <init>(Lnet/minecraft/world/level/block/state/BlockBehaviour$Properties;)V to access PUBLIC and LEAVE
[09:33:46] [main/DEBUG]: Skipping Lnet/minecraft/world/level/block/GrowingPlantBodyBlock;
[09:33:46] [main/DEBUG]: Skipping Lnet/minecraft/world/level/block/GrowingPlantBlock;
[09:33:46] [main/DEBUG]: Transforming class Lnet/minecraft/world/level/block/GrindstoneBlock;
[09:33:46] [main/DEBUG]: Transforming net/minecraft/world/level/block/GrindstoneBlock METHOD <init>(Lnet/minecraft/world/level/block/state/BlockBehaviour$Properties;)V to access PUBLIC and LEAVE
[09:33:46] [main/DEBUG]: Skipping Lnet/minecraft/world/level/block/GrindstoneBlock$1;
[09:33:46] [main/DEBUG]: Skipping Lnet/minecraft/world/level/block/GrassBlock;
[09:33:46] [main/DEBUG]: Skipping Lnet/minecraft/world/level/block/GlowLichenBlock;
[09:33:46] [main/DEBUG]: Skipping Lnet/minecraft/world/level/block/GlazedTerracottaBlock;
[09:33:46] [main/DEBUG]: Skipping Lnet/minecraft/world/level/block/GameMasterBlock;
[09:33:46] [main/DEBUG]: Transforming class Lnet/minecraft/world/level/block/FurnaceBlock;
[09:33:46] [main/DEBUG]: Transforming net/minecraft/world/level/block/FurnaceBlock METHOD <init>(Lnet/minecraft/world/level/block/state/BlockBehaviour$Properties;)V to access PUBLIC and LEAVE
[09:33:46] [main/DEBUG]: Skipping Lnet/minecraft/world/level/block/FrostedIceBlock;
[09:33:46] [main/DEBUG]: Skipping Lnet/minecraft/world/level/block/FrogspawnBlock;
[09:33:46] [main/DEBUG]: Skipping Lnet/minecraft/world/level/block/FlowerBlock;
[09:33:46] [main/DEBUG]: Transforming class Lnet/minecraft/world/level/block/FletchingTableBlock;
[09:33:46] [main/DEBUG]: Transforming net/minecraft/world/level/block/FletchingTableBlock METHOD <init>(Lnet/minecraft/world/level/block/state/BlockBehaviour$Properties;)V to access PUBLIC and LEAVE
[09:33:46] [main/DEBUG]: Skipping Lnet/minecraft/world/level/block/FenceBlock;
[09:33:46] [main/DEBUG]: Skipping Lnet/minecraft/world/level/block/FallingBlock;
[09:33:46] [main/DEBUG]: Skipping Lnet/minecraft/world/level/block/Fallable;
[09:33:46] [main/DEBUG]: Skipping Lnet/minecraft/world/level/block/FaceAttachedHorizontalDirectionalBlock;
[09:33:46] [main/DEBUG]: Skipping Lnet/minecraft/world/level/block/FaceAttachedHorizontalDirectionalBlock$1;
[09:33:46] [main/DEBUG]: Transforming class Lnet/minecraft/world/level/block/EquipableCarvedPumpkinBlock;
[09:33:46] [main/DEBUG]: Transforming net/minecraft/world/level/block/EquipableCarvedPumpkinBlock METHOD <init>(Lnet/minecraft/world/level/block/state/BlockBehaviour$Properties;)V to access PUBLIC and LEAVE
[09:33:46] [main/DEBUG]: Skipping Lnet/minecraft/world/level/block/EntityBlock;
[09:33:46] [main/DEBUG]: Transforming class Lnet/minecraft/world/level/block/EnderChestBlock;
[09:33:46] [main/DEBUG]: Transforming net/minecraft/world/level/block/EnderChestBlock METHOD <init>(Lnet/minecraft/world/level/block/state/BlockBehaviour$Properties;)V to access PUBLIC and LEAVE
[09:33:46] [main/DEBUG]: Transforming class Lnet/minecraft/world/level/block/EndRodBlock;
[09:33:46] [main/DEBUG]: Transforming net/minecraft/world/level/block/EndRodBlock METHOD <init>(Lnet/minecraft/world/level/block/state/BlockBehaviour$Properties;)V to access PUBLIC and LEAVE
[09:33:46] [main/DEBUG]: Skipping Lnet/minecraft/world/level/block/EndPortalFrameBlock;
[09:33:46] [main/DEBUG]: Transforming class Lnet/minecraft/world/level/block/EndPortalBlock;
[09:33:46] [main/DEBUG]: Transforming net/minecraft/world/level/block/EndPortalBlock METHOD <init>(Lnet/minecraft/world/level/block/state/BlockBehaviour$Properties;)V to access PUBLIC and LEAVE
[09:33:46] [main/DEBUG]: Transforming class Lnet/minecraft/world/level/block/EndGatewayBlock;
[09:33:46] [main/DEBUG]: Transforming net/minecraft/world/level/block/EndGatewayBlock METHOD <init>(Lnet/minecraft/world/level/block/state/BlockBehaviour$Properties;)V to access PUBLIC and LEAVE
[09:33:46] [main/DEBUG]: Skipping Lnet/minecraft/world/level/block/DragonEggBlock;
[09:33:46] [main/DEBUG]: Skipping Lnet/minecraft/world/level/block/DoubleBlockCombiner;
[09:33:46] [main/DEBUG]: Skipping Lnet/minecraft/world/level/block/DoubleBlockCombiner$NeighborCombineResult;
[09:33:46] [main/DEBUG]: Skipping Lnet/minecraft/world/level/block/DoubleBlockCombiner$NeighborCombineResult$Single;
[09:33:46] [main/DEBUG]: Skipping Lnet/minecraft/world/level/block/DoubleBlockCombiner$NeighborCombineResult$Double;
[09:33:46] [main/DEBUG]: Skipping Lnet/minecraft/world/level/block/DoubleBlockCombiner$Combiner;
[09:33:46] [main/DEBUG]: Skipping Lnet/minecraft/world/level/block/DoubleBlockCombiner$BlockType;
[09:33:46] [main/DEBUG]: Transforming class Lnet/minecraft/world/level/block/DoorBlock;
[09:33:46] [main/DEBUG]: Transforming net/minecraft/world/level/block/DoorBlock METHOD <init>(Lnet/minecraft/world/level/block/state/properties/BlockSetType;Lnet/minecraft/world/level/block/state/BlockBehaviour$Properties;)V to access PUBLIC and LEAVE
[09:33:46] [main/DEBUG]: Skipping Lnet/minecraft/world/level/block/DoorBlock$1;
[09:33:46] [main/DEBUG]: Transforming class Lnet/minecraft/world/level/block/DispenserBlock;
[09:33:46] [main/DEBUG]: Transforming net/minecraft/world/level/block/DispenserBlock METHOD <init>(Lnet/minecraft/world/level/block/state/BlockBehaviour$Properties;)V to access PUBLIC and LEAVE
[09:33:46] [main/DEBUG]: Transforming class Lnet/minecraft/world/level/block/DirtPathBlock;
[09:33:46] [main/DEBUG]: Transforming net/minecraft/world/level/block/DirtPathBlock METHOD <init>(Lnet/minecraft/world/level/block/state/BlockBehaviour$Properties;)V to access PUBLIC and LEAVE
[09:33:46] [main/DEBUG]: Skipping Lnet/minecraft/world/level/block/DirectionalBlock;
[09:33:46] [main/DEBUG]: Transforming class Lnet/minecraft/world/level/block/DecoratedPotBlock;
[09:33:46] [main/DEBUG]: Transforming net/minecraft/world/level/block/DecoratedPotBlock METHOD <init>(Lnet/minecraft/world/level/block/state/BlockBehaviour$Properties;)V to access PUBLIC and LEAVE
[09:33:46] [main/DEBUG]: Skipping Lnet/minecraft/world/level/block/DaylightDetectorBlock;
[09:33:46] [main/DEBUG]: Skipping Lnet/minecraft/world/level/block/CryingObsidianBlock;
[09:33:46] [main/DEBUG]: Skipping Lnet/minecraft/world/level/block/CrossCollisionBlock;
[09:33:46] [main/DEBUG]: Skipping Lnet/minecraft/world/level/block/CrossCollisionBlock$1;
[09:33:46] [main/DEBUG]: Transforming class Lnet/minecraft/world/level/block/CraftingTableBlock;
[09:33:46] [main/DEBUG]: Transforming net/minecraft/world/level/block/CraftingTableBlock METHOD <init>(Lnet/minecraft/world/level/block/state/BlockBehaviour$Properties;)V to access PUBLIC and LEAVE
[09:33:46] [main/DEBUG]: Skipping Lnet/minecraft/world/level/block/CrafterBlock;
[09:33:46] [main/DEBUG]: Skipping Lnet/minecraft/world/level/block/CrafterBlock$1;
[09:33:46] [main/DEBUG]: Transforming class Lnet/minecraft/world/level/block/CoralWallFanBlock;
[09:33:46] [main/DEBUG]: Transforming net/minecraft/world/level/block/CoralWallFanBlock METHOD <init>(Lnet/minecraft/world/level/block/Block;Lnet/minecraft/world/level/block/state/BlockBehaviour$Properties;)V to access PUBLIC and LEAVE
[09:33:46] [main/DEBUG]: Transforming class Lnet/minecraft/world/level/block/CoralPlantBlock;
[09:33:46] [main/DEBUG]: Transforming net/minecraft/world/level/block/CoralPlantBlock METHOD <init>(Lnet/minecraft/world/level/block/Block;Lnet/minecraft/world/level/block/state/BlockBehaviour$Properties;)V to access PUBLIC and LEAVE
[09:33:46] [main/DEBUG]: Transforming class Lnet/minecraft/world/level/block/CoralFanBlock;
[09:33:46] [main/DEBUG]: Transforming net/minecraft/world/level/block/CoralFanBlock METHOD <init>(Lnet/minecraft/world/level/block/Block;Lnet/minecraft/world/level/block/state/BlockBehaviour$Properties;)V to access PUBLIC and LEAVE
[09:33:46] [main/DEBUG]: Skipping Lnet/minecraft/world/level/block/CopperBulbBlock;
[09:33:46] [main/DEBUG]: Skipping Lnet/minecraft/world/level/block/ConduitBlock;
[09:33:46] [main/DEBUG]: Skipping Lnet/minecraft/world/level/block/ComposterBlock;
[09:33:46] [main/DEBUG]: Skipping Lnet/minecraft/world/level/block/ComposterBlock$OutputContainer;
[09:33:46] [main/DEBUG]: Skipping Lnet/minecraft/world/level/block/ComposterBlock$InputContainer;
[09:33:46] [main/DEBUG]: Skipping Lnet/minecraft/world/level/block/ComposterBlock$EmptyContainer;
[09:33:46] [main/DEBUG]: Skipping Lnet/minecraft/world/level/block/CommandBlock;
[09:33:46] [main/DEBUG]: Skipping Lnet/minecraft/world/level/block/ColoredFallingBlock;
[09:33:46] [main/DEBUG]: Transforming class Lnet/minecraft/world/level/block/ChorusPlantBlock;
[09:33:46] [main/DEBUG]: Transforming net/minecraft/world/level/block/ChorusPlantBlock METHOD <init>(Lnet/minecraft/world/level/block/state/BlockBehaviour$Properties;)V to access PUBLIC and LEAVE
[09:33:46] [main/DEBUG]: Skipping Lnet/minecraft/world/level/block/ChiseledBookShelfBlock;
[09:33:46] [main/DEBUG]: Skipping Lnet/minecraft/world/level/block/ChiseledBookShelfBlock$1;
[09:33:46] [main/DEBUG]: Skipping Lnet/minecraft/world/level/block/CherryLeavesBlock;
[09:33:46] [main/DEBUG]: Skipping Lnet/minecraft/world/level/block/ChangeOverTimeBlock;
[09:33:46] [main/DEBUG]: Skipping Lnet/minecraft/world/level/block/ChainBlock;
[09:33:46] [main/DEBUG]: Skipping Lnet/minecraft/world/level/block/ChainBlock$1;
[09:33:46] [main/DEBUG]: Skipping Lnet/minecraft/world/level/block/CeilingHangingSignBlock;
[09:33:46] [main/DEBUG]: Skipping Lnet/minecraft/world/level/block/CaveVinesPlantBlock;
[09:33:46] [main/DEBUG]: Skipping Lnet/minecraft/world/level/block/CaveVinesBlock;
[09:33:46] [main/DEBUG]: Skipping Lnet/minecraft/world/level/block/CaveVines;
[09:33:46] [main/DEBUG]: Skipping Lnet/minecraft/world/level/block/CauldronBlock;
[09:33:46] [main/DEBUG]: Transforming class Lnet/minecraft/world/level/block/CarvedPumpkinBlock;
[09:33:46] [main/DEBUG]: Transforming net/minecraft/world/level/block/CarvedPumpkinBlock METHOD <init>(Lnet/minecraft/world/level/block/state/BlockBehaviour$Properties;)V to access PUBLIC and LEAVE
[09:33:46] [main/DEBUG]: Transforming class Lnet/minecraft/world/level/block/CartographyTableBlock;
[09:33:46] [main/DEBUG]: Transforming net/minecraft/world/level/block/CartographyTableBlock METHOD <init>(Lnet/minecraft/world/level/block/state/BlockBehaviour$Properties;)V to access PUBLIC and LEAVE
[09:33:46] [main/DEBUG]: Skipping Lnet/minecraft/world/level/block/CarrotBlock;
[09:33:46] [main/DEBUG]: Skipping Lnet/minecraft/world/level/block/CarpetBlock;
[09:33:46] [main/DEBUG]: Transforming class Lnet/minecraft/world/level/block/CandleCakeBlock;
[09:33:46] [main/DEBUG]: Transforming net/minecraft/world/level/block/CandleCakeBlock METHOD <init>(Lnet/minecraft/world/level/block/Block;Lnet/minecraft/world/level/block/state/BlockBehaviour$Properties;)V to access PUBLIC and LEAVE
[09:33:46] [main/DEBUG]: Skipping Lnet/minecraft/world/level/block/CandleBlock;
[09:33:46] [main/DEBUG]: Skipping Lnet/minecraft/world/level/block/CalibratedSculkSensorBlock;
[09:33:46] [main/DEBUG]: Transforming class Lnet/minecraft/world/level/block/CakeBlock;
[09:33:46] [main/DEBUG]: Transforming net/minecraft/world/level/block/CakeBlock METHOD <init>(Lnet/minecraft/world/level/block/state/BlockBehaviour$Properties;)V to access PUBLIC and LEAVE
[09:33:46] [main/DEBUG]: Transforming class Lnet/minecraft/world/level/block/ButtonBlock;
[09:33:46] [main/DEBUG]: Transforming net/minecraft/world/level/block/ButtonBlock METHOD <init>(Lnet/minecraft/world/level/block/state/properties/BlockSetType;ILnet/minecraft/world/level/block/state/BlockBehaviour$Properties;)V to access PUBLIC and LEAVE
[09:33:46] [main/DEBUG]: Skipping Lnet/minecraft/world/level/block/ButtonBlock$1;
[09:33:46] [main/DEBUG]: Skipping Lnet/minecraft/world/level/block/BuddingAmethystBlock;
[09:33:46] [main/DEBUG]: Skipping Lnet/minecraft/world/level/block/BubbleColumnBlock;
[09:33:46] [main/DEBUG]: Skipping Lnet/minecraft/world/level/block/BrushableBlock;
[09:33:46] [main/DEBUG]: Skipping Lnet/minecraft/world/level/block/BrewingStandBlock;
[09:33:46] [main/DEBUG]: Skipping Lnet/minecraft/world/level/block/BonemealableBlock;
[09:33:46] [main/DEBUG]: Skipping Lnet/minecraft/world/level/block/BonemealableBlock$Type;
[09:33:46] [main/DEBUG]: Skipping Lnet/minecraft/world/level/block/BlockTypes;
[09:33:46] [main/DEBUG]: Transforming class Lnet/minecraft/world/level/block/BlastFurnaceBlock;
[09:33:46] [main/DEBUG]: Transforming net/minecraft/world/level/block/BlastFurnaceBlock METHOD <init>(Lnet/minecraft/world/level/block/state/BlockBehaviour$Properties;)V to access PUBLIC and LEAVE
[09:33:46] [main/DEBUG]: Transforming class Lnet/minecraft/world/level/block/BigDripleafStemBlock;
[09:33:46] [main/DEBUG]: Transforming net/minecraft/world/level/block/BigDripleafStemBlock METHOD <init>(Lnet/minecraft/world/level/block/state/BlockBehaviour$Properties;)V to access PUBLIC and LEAVE
[09:33:46] [main/DEBUG]: Skipping Lnet/minecraft/world/level/block/BigDripleafStemBlock$1;
[09:33:46] [main/DEBUG]: Transforming class Lnet/minecraft/world/level/block/BigDripleafBlock;
[09:33:46] [main/DEBUG]: Transforming net/minecraft/world/level/block/BigDripleafBlock METHOD <init>(Lnet/minecraft/world/level/block/state/BlockBehaviour$Properties;)V to access PUBLIC and LEAVE
[09:33:46] [main/DEBUG]: Skipping Lnet/minecraft/world/level/block/BellBlock;
[09:33:46] [main/DEBUG]: Skipping Lnet/minecraft/world/level/block/BellBlock$1;
[09:33:46] [main/DEBUG]: Skipping Lnet/minecraft/world/level/block/BeetrootBlock;
[09:33:46] [main/DEBUG]: Skipping Lnet/minecraft/world/level/block/BedBlock;
[09:33:46] [main/DEBUG]: Skipping Lnet/minecraft/world/level/block/BedBlock$1;
[09:33:46] [main/DEBUG]: Skipping Lnet/minecraft/world/level/block/BeaconBlock;
[09:33:46] [main/DEBUG]: Skipping Lnet/minecraft/world/level/block/BeaconBeamBlock;
[09:33:46] [main/DEBUG]: Skipping Lnet/minecraft/world/level/block/BaseTorchBlock;
[09:33:46] [main/DEBUG]: Skipping Lnet/minecraft/world/level/block/BasePressurePlateBlock;
[09:33:46] [main/DEBUG]: Skipping Lnet/minecraft/world/level/block/BaseEntityBlock;
[09:33:46] [main/DEBUG]: Transforming class Lnet/minecraft/world/level/block/BaseCoralWallFanBlock;
[09:33:46] [main/DEBUG]: Transforming net/minecraft/world/level/block/BaseCoralWallFanBlock METHOD <init>(Lnet/minecraft/world/level/block/state/BlockBehaviour$Properties;)V to access PUBLIC and LEAVE
[09:33:46] [main/DEBUG]: Skipping Lnet/minecraft/world/level/block/BaseCoralPlantTypeBlock;
[09:33:46] [main/DEBUG]: Transforming class Lnet/minecraft/world/level/block/BaseCoralPlantBlock;
[09:33:46] [main/DEBUG]: Transforming net/minecraft/world/level/block/BaseCoralPlantBlock METHOD <init>(Lnet/minecraft/world/level/block/state/BlockBehaviour$Properties;)V to access PUBLIC and LEAVE
[09:33:46] [main/DEBUG]: Transforming class Lnet/minecraft/world/level/block/BaseCoralFanBlock;
[09:33:46] [main/DEBUG]: Transforming net/minecraft/world/level/block/BaseCoralFanBlock METHOD <init>(Lnet/minecraft/world/level/block/state/BlockBehaviour$Properties;)V to access PUBLIC and LEAVE
[09:33:46] [main/DEBUG]: Transforming class Lnet/minecraft/world/level/block/BarrierBlock;
[09:33:46] [main/DEBUG]: Transforming net/minecraft/world/level/block/BarrierBlock METHOD <init>(Lnet/minecraft/world/level/block/state/BlockBehaviour$Properties;)V to access PUBLIC and LEAVE
[09:33:46] [main/DEBUG]: Skipping Lnet/minecraft/world/level/block/BarrelBlock;
[09:33:46] [main/DEBUG]: Skipping Lnet/minecraft/world/level/block/BannerBlock;
[09:33:46] [main/DEBUG]: Transforming class Lnet/minecraft/world/level/block/AzaleaBlock;
[09:33:46] [main/DEBUG]: Transforming net/minecraft/world/level/block/AzaleaBlock METHOD <init>(Lnet/minecraft/world/level/block/state/BlockBehaviour$Properties;)V to access PUBLIC and LEAVE
[09:33:46] [main/DEBUG]: Transforming class Lnet/minecraft/world/level/block/AttachedStemBlock;
[09:33:46] [main/DEBUG]: Transforming net/minecraft/world/level/block/AttachedStemBlock METHOD <init>(Lnet/minecraft/resources/ResourceKey;Lnet/minecraft/resources/ResourceKey;Lnet/minecraft/resources/ResourceKey;Lnet/minecraft/world/level/block/state/BlockBehaviour$Properties;)V to access PUBLIC and LEAVE
[09:33:46] [main/DEBUG]: Skipping Lnet/minecraft/world/level/block/AnvilBlock;
[09:33:46] [main/DEBUG]: Skipping Lnet/minecraft/world/level/block/AmethystClusterBlock;
[09:33:46] [main/DEBUG]: Skipping Lnet/minecraft/world/level/block/AmethystClusterBlock$1;
[09:33:46] [main/DEBUG]: Skipping Lnet/minecraft/world/level/block/AmethystBlock;
[09:33:46] [main/DEBUG]: Skipping Lnet/minecraft/world/level/block/AirBlock;
[09:33:46] [main/DEBUG]: Skipping Lnet/minecraft/world/level/block/AbstractSkullBlock;
[09:33:46] [main/DEBUG]: Skipping Lnet/minecraft/world/level/block/AbstractFurnaceBlock;
[09:33:46] [main/DEBUG]: Skipping Lnet/minecraft/world/level/block/AbstractChestBlock;
[09:33:46] [main/DEBUG]: Skipping Lnet/minecraft/world/level/block/AbstractCauldronBlock;
[09:33:46] [main/DEBUG]: Skipping Lnet/minecraft/world/level/block/AbstractCandleBlock;
[09:33:46] [main/DEBUG]: Skipping Lnet/minecraft/world/level/block/AbstractBannerBlock;
[09:33:46] [main/DEBUG]: Skipping Lnet/minecraft/world/level/block/WebBlock;
[09:33:46] [main/DEBUG]: Skipping Lnet/minecraft/world/level/block/VineBlock;
[09:33:46] [main/DEBUG]: Skipping Lnet/minecraft/world/level/block/VineBlock$1;
[09:33:46] [main/DEBUG]: Skipping Lnet/minecraft/world/level/block/TurtleEggBlock;
[09:33:46] [main/DEBUG]: Skipping Lnet/minecraft/world/level/block/TripWireHookBlock;
[09:33:46] [main/DEBUG]: Skipping Lnet/minecraft/world/level/block/TripWireHookBlock$1;
[09:33:46] [main/DEBUG]: Skipping Lnet/minecraft/world/level/block/TripWireBlock;
[09:33:46] [main/DEBUG]: Skipping Lnet/minecraft/world/level/block/TripWireBlock$1;
[09:33:46] [main/DEBUG]: Transforming class Lnet/minecraft/world/level/block/TrapDoorBlock;
[09:33:46] [main/DEBUG]: Transforming net/minecraft/world/level/block/TrapDoorBlock METHOD <init>(Lnet/minecraft/world/level/block/state/properties/BlockSetType;Lnet/minecraft/world/level/block/state/BlockBehaviour$Properties;)V to access PUBLIC and LEAVE
[09:33:46] [main/DEBUG]: Skipping Lnet/minecraft/world/level/block/TrapDoorBlock$1;
[09:33:46] [main/DEBUG]: Skipping Lnet/minecraft/world/level/block/TntBlock;
[09:33:46] [main/DEBUG]: Transforming class Lnet/minecraft/world/level/block/TallGrassBlock;
[09:33:46] [main/DEBUG]: Transforming net/minecraft/world/level/block/TallGrassBlock METHOD <init>(Lnet/minecraft/world/level/block/state/BlockBehaviour$Properties;)V to access PUBLIC and LEAVE
[09:33:46] [main/DEBUG]: Skipping Lnet/minecraft/world/level/block/SweetBerryBushBlock;
[09:33:46] [main/DEBUG]: Transforming class Lnet/minecraft/world/level/block/SugarCaneBlock;
[09:33:46] [main/DEBUG]: Transforming net/minecraft/world/level/block/SugarCaneBlock METHOD <init>(Lnet/minecraft/world/level/block/state/BlockBehaviour$Properties;)V to access PUBLIC and LEAVE
[09:33:46] [main/DEBUG]: Transforming class Lnet/minecraft/world/level/block/StemBlock;
[09:33:46] [main/DEBUG]: Transforming net/minecraft/world/level/block/StemBlock METHOD <init>(Lnet/minecraft/resources/ResourceKey;Lnet/minecraft/resources/ResourceKey;Lnet/minecraft/resources/ResourceKey;Lnet/minecraft/world/level/block/state/BlockBehaviour$Properties;)V to access PUBLIC and LEAVE
[09:33:46] [main/DEBUG]: Skipping Lnet/minecraft/world/level/block/SpreadingSnowyDirtBlock;
[09:33:46] [main/DEBUG]: Transforming class Lnet/minecraft/world/level/block/SpongeBlock;
[09:33:46] [main/DEBUG]: Transforming net/minecraft/world/level/block/SpongeBlock METHOD <init>(Lnet/minecraft/world/level/block/state/BlockBehaviour$Properties;)V to access PUBLIC and LEAVE
[09:33:46] [main/DEBUG]: Transforming class Lnet/minecraft/world/level/block/SpawnerBlock;
[09:33:46] [main/DEBUG]: Transforming net/minecraft/world/level/block/SpawnerBlock METHOD <init>(Lnet/minecraft/world/level/block/state/BlockBehaviour$Properties;)V to access PUBLIC and LEAVE
[09:33:46] [main/DEBUG]: Skipping Lnet/minecraft/world/level/block/SoundType;
[09:33:46] [main/DEBUG]: Transforming class Lnet/minecraft/world/level/block/SeagrassBlock;
[09:33:46] [main/DEBUG]: Transforming net/minecraft/world/level/block/SeagrassBlock METHOD <init>(Lnet/minecraft/world/level/block/state/BlockBehaviour$Properties;)V to access PUBLIC and LEAVE
[09:33:46] [main/DEBUG]: Skipping Lnet/minecraft/world/level/block/SculkShriekerBlock;
[09:33:46] [main/DEBUG]: Skipping Lnet/minecraft/world/level/block/SculkSensorBlock;
[09:33:46] [main/DEBUG]: Skipping Lnet/minecraft/world/level/block/SculkCatalystBlock;
[09:33:46] [main/DEBUG]: Transforming class Lnet/minecraft/world/level/block/SaplingBlock;
[09:33:46] [main/DEBUG]: Transforming net/minecraft/world/level/block/SaplingBlock METHOD <init>(Lnet/minecraft/world/level/block/grower/TreeGrower;Lnet/minecraft/world/level/block/state/BlockBehaviour$Properties;)V to access PUBLIC and LEAVE
[09:33:46] [main/DEBUG]: Skipping Lnet/minecraft/world/level/block/RedStoneWireBlock;
[09:33:46] [main/DEBUG]: Skipping Lnet/minecraft/world/level/block/RedStoneWireBlock$1;
[09:33:46] [main/DEBUG]: Skipping Lnet/minecraft/world/level/block/RedStoneOreBlock;
[09:33:46] [main/DEBUG]: Skipping Lnet/minecraft/world/level/block/RailState;
[09:33:46] [main/DEBUG]: Skipping Lnet/minecraft/world/level/block/RailState$1;
[09:33:46] [main/DEBUG]: Transforming class Lnet/minecraft/world/level/block/PumpkinBlock;
[09:33:46] [main/DEBUG]: Transforming net/minecraft/world/level/block/PumpkinBlock METHOD <init>(Lnet/minecraft/world/level/block/state/BlockBehaviour$Properties;)V to access PUBLIC and LEAVE
[09:33:46] [main/DEBUG]: Transforming class Lnet/minecraft/world/level/block/PoweredRailBlock;
[09:33:46] [main/DEBUG]: Transforming net/minecraft/world/level/block/PoweredRailBlock METHOD <init>(Lnet/minecraft/world/level/block/state/BlockBehaviour$Properties;)V to access PUBLIC and LEAVE
[09:33:46] [main/DEBUG]: Skipping Lnet/minecraft/world/level/block/PoweredRailBlock$1;
[09:33:46] [main/DEBUG]: Skipping Lnet/minecraft/world/level/block/PowderSnowBlock;
[09:33:46] [main/DEBUG]: Skipping Lnet/minecraft/world/level/block/NoteBlock;
[09:33:46] [main/DEBUG]: Transforming class Lnet/minecraft/world/level/block/NetherWartBlock;
[09:33:46] [main/DEBUG]: Transforming net/minecraft/world/level/block/NetherWartBlock METHOD <init>(Lnet/minecraft/world/level/block/state/BlockBehaviour$Properties;)V to access PUBLIC and LEAVE
[09:33:46] [main/DEBUG]: Skipping Lnet/minecraft/world/level/block/MushroomBlock;
[09:33:46] [main/DEBUG]: Transforming class Lnet/minecraft/world/level/block/LiquidBlock;
[09:33:46] [main/DEBUG]: Transforming net/minecraft/world/level/block/LiquidBlock METHOD <init>(Lnet/minecraft/world/level/material/FlowingFluid;Lnet/minecraft/world/level/block/state/BlockBehaviour$Properties;)V to access PUBLIC and LEAVE
[09:33:46] [main/DEBUG]: Skipping Lnet/minecraft/world/level/block/LeavesBlock;
[09:33:46] [main/DEBUG]: Skipping Lnet/minecraft/world/level/block/GrowingPlantHeadBlock;
[09:33:46] [main/DEBUG]: Transforming class Lnet/minecraft/world/level/block/FungusBlock;
[09:33:46] [main/DEBUG]: Transforming net/minecraft/world/level/block/FungusBlock METHOD <init>(Lnet/minecraft/resources/ResourceKey;Lnet/minecraft/world/level/block/Block;Lnet/minecraft/world/level/block/state/BlockBehaviour$Properties;)V to access PUBLIC and LEAVE
[09:33:46] [main/DEBUG]: Skipping Lnet/minecraft/world/level/block/FlowerPotBlock;
[09:33:46] [main/DEBUG]: Transforming class Lnet/minecraft/world/level/block/FireBlock;
[09:33:46] [main/DEBUG]: Transforming net/minecraft/world/level/block/FireBlock METHOD m_221164_(Lnet/minecraft/world/level/block/state/BlockState;)I to access PUBLIC and LEAVE
[09:33:46] [main/DEBUG]: Transforming net/minecraft/world/level/block/FireBlock METHOD m_221166_(Lnet/minecraft/world/level/block/state/BlockState;)I to access PUBLIC and LEAVE
[09:33:46] [main/DEBUG]: Skipping Lnet/minecraft/world/level/block/FenceGateBlock;
[09:33:46] [main/DEBUG]: Skipping Lnet/minecraft/world/level/block/FenceGateBlock$1;
[09:33:46] [main/DEBUG]: Transforming class Lnet/minecraft/world/level/block/FarmBlock;
[09:33:46] [main/DEBUG]: Transforming net/minecraft/world/level/block/FarmBlock METHOD <init>(Lnet/minecraft/world/level/block/state/BlockBehaviour$Properties;)V to access PUBLIC and LEAVE
[09:33:46] [main/DEBUG]: Transforming class Lnet/minecraft/world/level/block/EnchantingTableBlock;
[09:33:46] [main/DEBUG]: Transforming net/minecraft/world/level/block/EnchantingTableBlock METHOD <init>(Lnet/minecraft/world/level/block/state/BlockBehaviour$Properties;)V to access PUBLIC and LEAVE
[09:33:46] [main/DEBUG]: Skipping Lnet/minecraft/world/level/block/DropperBlock;
[09:33:46] [main/DEBUG]: Skipping Lnet/minecraft/world/level/block/DropExperienceBlock;
[09:33:46] [main/DEBUG]: Skipping Lnet/minecraft/world/level/block/DoublePlantBlock;
[09:33:46] [main/DEBUG]: Skipping Lnet/minecraft/world/level/block/DiodeBlock;
[09:33:46] [main/DEBUG]: Skipping Lnet/minecraft/world/level/block/DetectorRailBlock;
[09:33:46] [main/DEBUG]: Skipping Lnet/minecraft/world/level/block/DetectorRailBlock$1;
[09:33:46] [main/DEBUG]: Transforming class Lnet/minecraft/world/level/block/DeadBushBlock;
[09:33:46] [main/DEBUG]: Transforming net/minecraft/world/level/block/DeadBushBlock METHOD <init>(Lnet/minecraft/world/level/block/state/BlockBehaviour$Properties;)V to access PUBLIC and LEAVE
[09:33:46] [main/DEBUG]: Transforming class Lnet/minecraft/world/level/block/CropBlock;
[09:33:46] [main/DEBUG]: Transforming net/minecraft/world/level/block/CropBlock METHOD <init>(Lnet/minecraft/world/level/block/state/BlockBehaviour$Properties;)V to access PUBLIC and LEAVE
[09:33:46] [main/DEBUG]: Skipping Lnet/minecraft/world/level/block/CoralBlock;
[09:33:46] [main/DEBUG]: Skipping Lnet/minecraft/world/level/block/ConcretePowderBlock;
[09:33:46] [main/DEBUG]: Skipping Lnet/minecraft/world/level/block/ComparatorBlock;
[09:33:46] [main/DEBUG]: Skipping Lnet/minecraft/world/level/block/CocoaBlock;
[09:33:46] [main/DEBUG]: Skipping Lnet/minecraft/world/level/block/CocoaBlock$1;
[09:33:46] [main/DEBUG]: Transforming class Lnet/minecraft/world/level/block/ChorusFlowerBlock;
[09:33:46] [main/DEBUG]: Transforming net/minecraft/world/level/block/ChorusFlowerBlock METHOD <init>(Lnet/minecraft/world/level/block/Block;Lnet/minecraft/world/level/block/state/BlockBehaviour$Properties;)V to access PUBLIC and LEAVE
[09:33:46] [main/DEBUG]: Transforming class Lnet/minecraft/world/level/block/ChestBlock;
[09:33:46] [main/DEBUG]: Transforming net/minecraft/world/level/block/ChestBlock METHOD <init>(Lnet/minecraft/world/level/block/state/BlockBehaviour$Properties;Ljava/util/function/Supplier;)V to access PUBLIC and LEAVE
[09:33:46] [main/DEBUG]: Skipping Lnet/minecraft/world/level/block/ChestBlock$4;
[09:33:46] [main/DEBUG]: Skipping Lnet/minecraft/world/level/block/ChestBlock$3;
[09:33:46] [main/DEBUG]: Skipping Lnet/minecraft/world/level/block/ChestBlock$2;
[09:33:46] [main/DEBUG]: Skipping Lnet/minecraft/world/level/block/ChestBlock$2$1;
[09:33:46] [main/DEBUG]: Skipping Lnet/minecraft/world/level/block/ChestBlock$1;
[09:33:46] [main/DEBUG]: Skipping Lnet/minecraft/world/level/block/CampfireBlock;
[09:33:46] [main/DEBUG]: Transforming class Lnet/minecraft/world/level/block/CactusBlock;
[09:33:46] [main/DEBUG]: Transforming net/minecraft/world/level/block/CactusBlock METHOD <init>(Lnet/minecraft/world/level/block/state/BlockBehaviour$Properties;)V to access PUBLIC and LEAVE
[09:33:46] [main/DEBUG]: Skipping Lnet/minecraft/world/level/block/BushBlock;
[09:33:46] [main/DEBUG]: Skipping Lnet/minecraft/world/level/block/BucketPickup;
[09:33:46] [main/DEBUG]: Skipping Lnet/minecraft/world/level/block/Blocks;
[09:33:46] [main/DEBUG]: Transforming class Lnet/minecraft/world/level/block/Block;
[09:33:46] [main/DEBUG]: Transforming net/minecraft/world/level/block/Block METHOD m_49805_(Lnet/minecraft/server/level/ServerLevel;Lnet/minecraft/core/BlockPos;I)V to access PUBLIC and LEAVE
[09:33:46] [main/DEBUG]: Skipping Lnet/minecraft/world/level/block/Block$BlockStatePairKey;
[09:33:46] [main/DEBUG]: Skipping Lnet/minecraft/world/level/block/Block$2;
[09:33:46] [main/DEBUG]: Skipping Lnet/minecraft/world/level/block/Block$1;
[09:33:46] [main/DEBUG]: Skipping Lnet/minecraft/world/level/block/BeehiveBlock;
[09:33:46] [main/DEBUG]: Skipping Lnet/minecraft/world/level/block/BaseRailBlock;
[09:33:46] [main/DEBUG]: Skipping Lnet/minecraft/world/level/block/BaseRailBlock$1;
[09:33:46] [main/DEBUG]: Skipping Lnet/minecraft/world/level/block/BaseFireBlock;
[09:33:46] [main/DEBUG]: Skipping Lnet/minecraft/world/level/block/BambooStalkBlock;
[09:33:46] [main/DEBUG]: Skipping Lnet/minecraft/world/level/block/BambooSaplingBlock;
[09:33:46] [main/DEBUG]: Skipping Lnet/minecraft/world/level/biome/package-info;
[09:33:46] [main/DEBUG]: Skipping Lnet/minecraft/world/level/biome/TheEndBiomeSource;
[09:33:46] [main/DEBUG]: Skipping Lnet/minecraft/world/level/biome/OverworldBiomeBuilder;
[09:33:46] [main/DEBUG]: Skipping Lnet/minecraft/world/level/biome/MultiNoiseBiomeSourceParameterLists;
[09:33:46] [main/DEBUG]: Skipping Lnet/minecraft/world/level/biome/MultiNoiseBiomeSourceParameterList;
[09:33:46] [main/DEBUG]: Skipping Lnet/minecraft/world/level/biome/MultiNoiseBiomeSourceParameterList$Preset;
[09:33:46] [main/DEBUG]: Skipping Lnet/minecraft/world/level/biome/MultiNoiseBiomeSourceParameterList$Preset$SourceProvider;
[09:33:46] [main/DEBUG]: Skipping Lnet/minecraft/world/level/biome/MultiNoiseBiomeSourceParameterList$Preset$2;
[09:33:46] [main/DEBUG]: Skipping Lnet/minecraft/world/level/biome/MultiNoiseBiomeSourceParameterList$Preset$1;
[09:33:46] [main/DEBUG]: Skipping Lnet/minecraft/world/level/biome/MultiNoiseBiomeSource;
[09:33:46] [main/DEBUG]: Skipping Lnet/minecraft/world/level/biome/FixedBiomeSource;
[09:33:46] [main/DEBUG]: Skipping Lnet/minecraft/world/level/biome/FeatureSorter;
[09:33:46] [main/DEBUG]: Skipping Lnet/minecraft/world/level/biome/FeatureSorter$StepFeatureData;
[09:33:46] [main/DEBUG]: Skipping Lnet/minecraft/world/level/biome/FeatureSorter$1FeatureData;
[09:33:46] [main/DEBUG]: Skipping Lnet/minecraft/world/level/biome/Climate;
[09:33:46] [main/DEBUG]: Skipping Lnet/minecraft/world/level/biome/Climate$TargetPoint;
[09:33:46] [main/DEBUG]: Skipping Lnet/minecraft/world/level/biome/Climate$SpawnFinder;
[09:33:46] [main/DEBUG]: Skipping Lnet/minecraft/world/level/biome/Climate$SpawnFinder$Result;
[09:33:46] [main/DEBUG]: Skipping Lnet/minecraft/world/level/biome/Climate$Sampler;
[09:33:46] [main/DEBUG]: Skipping Lnet/minecraft/world/level/biome/Climate$RTree;
[09:33:46] [main/DEBUG]: Skipping Lnet/minecraft/world/level/biome/Climate$RTree$SubTree;
[09:33:46] [main/DEBUG]: Skipping Lnet/minecraft/world/level/biome/Climate$RTree$Node;
[09:33:46] [main/DEBUG]: Skipping Lnet/minecraft/world/level/biome/Climate$RTree$Leaf;
[09:33:46] [main/DEBUG]: Skipping Lnet/minecraft/world/level/biome/Climate$ParameterPoint;
[09:33:46] [main/DEBUG]: Skipping Lnet/minecraft/world/level/biome/Climate$ParameterList;
[09:33:46] [main/DEBUG]: Skipping Lnet/minecraft/world/level/biome/Climate$Parameter;
[09:33:46] [main/DEBUG]: Skipping Lnet/minecraft/world/level/biome/Climate$DistanceMetric;
[09:33:46] [main/DEBUG]: Skipping Lnet/minecraft/world/level/biome/CheckerboardColumnBiomeSource;
[09:33:46] [main/DEBUG]: Skipping Lnet/minecraft/world/level/biome/Biomes;
[09:33:46] [main/DEBUG]: Skipping Lnet/minecraft/world/level/biome/BiomeSources;
[09:33:46] [main/DEBUG]: Skipping Lnet/minecraft/world/level/biome/BiomeSource;
[09:33:46] [main/DEBUG]: Skipping Lnet/minecraft/world/level/biome/BiomeResolver;
[09:33:46] [main/DEBUG]: Skipping Lnet/minecraft/world/level/biome/BiomeManager;
[09:33:46] [main/DEBUG]: Skipping Lnet/minecraft/world/level/biome/BiomeManager$NoiseBiomeSource;
[09:33:46] [main/DEBUG]: Skipping Lnet/minecraft/world/level/biome/AmbientParticleSettings;
[09:33:46] [main/DEBUG]: Skipping Lnet/minecraft/world/level/biome/AmbientMoodSettings;
[09:33:46] [main/DEBUG]: Skipping Lnet/minecraft/world/level/biome/AmbientAdditionsSettings;
[09:33:46] [main/DEBUG]: Skipping Lnet/minecraft/world/level/biome/BiomeSpecialEffects$GrassColorModifier$ColorModifier;
[09:33:46] [main/DEBUG]: Skipping Lnet/minecraft/world/level/biome/MobSpawnSettings;
[09:33:46] [main/DEBUG]: Skipping Lnet/minecraft/world/level/biome/MobSpawnSettings$SpawnerData;
[09:33:46] [main/DEBUG]: Skipping Lnet/minecraft/world/level/biome/MobSpawnSettings$MobSpawnCost;
[09:33:46] [main/DEBUG]: Transforming class Lnet/minecraft/world/level/biome/MobSpawnSettings$Builder;
[09:33:46] [main/DEBUG]: Transforming net/minecraft/world/level/biome/MobSpawnSettings$Builder FIELD f_48362_ to access PROTECTED and LEAVE
[09:33:46] [main/DEBUG]: Transforming net/minecraft/world/level/biome/MobSpawnSettings$Builder FIELD f_48363_ to access PROTECTED and LEAVE
[09:33:46] [main/DEBUG]: Transforming net/minecraft/world/level/biome/MobSpawnSettings$Builder FIELD f_48364_ to access PROTECTED and LEAVE
[09:33:46] [main/DEBUG]: Skipping Lnet/minecraft/world/level/biome/BiomeSpecialEffects;
[09:33:46] [main/DEBUG]: Skipping Lnet/minecraft/world/level/biome/BiomeSpecialEffects$GrassColorModifier;
[09:33:46] [main/DEBUG]: Skipping Lnet/minecraft/world/level/biome/BiomeSpecialEffects$GrassColorModifier$3;
[09:33:46] [main/DEBUG]: Skipping Lnet/minecraft/world/level/biome/BiomeSpecialEffects$GrassColorModifier$2;
[09:33:46] [main/DEBUG]: Skipping Lnet/minecraft/world/level/biome/BiomeSpecialEffects$GrassColorModifier$1;
[09:33:46] [main/DEBUG]: Transforming class Lnet/minecraft/world/level/biome/BiomeSpecialEffects$Builder;
[09:33:46] [main/DEBUG]: Transforming net/minecraft/world/level/biome/BiomeSpecialEffects$Builder FIELD f_48005_ to access PROTECTED and LEAVE
[09:33:46] [main/DEBUG]: Transforming net/minecraft/world/level/biome/BiomeSpecialEffects$Builder FIELD f_48006_ to access PROTECTED and LEAVE
[09:33:46] [main/DEBUG]: Transforming net/minecraft/world/level/biome/BiomeSpecialEffects$Builder FIELD f_48007_ to access PROTECTED and LEAVE
[09:33:46] [main/DEBUG]: Transforming net/minecraft/world/level/biome/BiomeSpecialEffects$Builder FIELD f_48008_ to access PROTECTED and LEAVE
[09:33:46] [main/DEBUG]: Transforming net/minecraft/world/level/biome/BiomeSpecialEffects$Builder FIELD f_48009_ to access PROTECTED and LEAVE
[09:33:46] [main/DEBUG]: Transforming net/minecraft/world/level/biome/BiomeSpecialEffects$Builder FIELD f_48010_ to access PROTECTED and LEAVE
[09:33:46] [main/DEBUG]: Transforming net/minecraft/world/level/biome/BiomeSpecialEffects$Builder FIELD f_48011_ to access PROTECTED and LEAVE
[09:33:46] [main/DEBUG]: Transforming net/minecraft/world/level/biome/BiomeSpecialEffects$Builder FIELD f_48012_ to access PROTECTED and LEAVE
[09:33:46] [main/DEBUG]: Transforming net/minecraft/world/level/biome/BiomeSpecialEffects$Builder FIELD f_48013_ to access PROTECTED and LEAVE
[09:33:46] [main/DEBUG]: Transforming net/minecraft/world/level/biome/BiomeSpecialEffects$Builder FIELD f_48014_ to access PROTECTED and LEAVE
[09:33:46] [main/DEBUG]: Transforming net/minecraft/world/level/biome/BiomeSpecialEffects$Builder FIELD f_48015_ to access PROTECTED and LEAVE
[09:33:46] [main/DEBUG]: Transforming net/minecraft/world/level/biome/BiomeSpecialEffects$Builder FIELD f_48016_ to access PROTECTED and LEAVE
[09:33:46] [main/DEBUG]: Skipping Lnet/minecraft/world/level/biome/BiomeGenerationSettings;
[09:33:46] [main/DEBUG]: Transforming class Lnet/minecraft/world/level/biome/BiomeGenerationSettings$PlainBuilder;
[09:33:46] [main/DEBUG]: Transforming net/minecraft/world/level/biome/BiomeGenerationSettings$PlainBuilder FIELD f_254678_ to access PROTECTED and LEAVE
[09:33:46] [main/DEBUG]: Transforming net/minecraft/world/level/biome/BiomeGenerationSettings$PlainBuilder FIELD f_254648_ to access PROTECTED and LEAVE
[09:33:46] [main/DEBUG]: Transforming net/minecraft/world/level/biome/BiomeGenerationSettings$PlainBuilder METHOD m_255276_(I)V to access PROTECTED and LEAVE
[09:33:46] [main/DEBUG]: Skipping Lnet/minecraft/world/level/biome/BiomeGenerationSettings$Builder;
[09:33:46] [main/DEBUG]: Transforming class Lnet/minecraft/world/level/biome/Biome;
[09:33:46] [main/DEBUG]: Transforming net/minecraft/world/level/biome/Biome INNERCLASS ClimateSettings to access PUBLIC and LEAVE
[09:33:46] [main/DEBUG]: Skipping Lnet/minecraft/world/level/biome/Biome$TemperatureModifier;
[09:33:46] [main/DEBUG]: Skipping Lnet/minecraft/world/level/biome/Biome$TemperatureModifier$2;
[09:33:46] [main/DEBUG]: Skipping Lnet/minecraft/world/level/biome/Biome$TemperatureModifier$1;
[09:33:46] [main/DEBUG]: Skipping Lnet/minecraft/world/level/biome/Biome$Precipitation;
[09:33:46] [main/DEBUG]: Transforming class Lnet/minecraft/world/level/biome/Biome$ClimateSettings;
[09:33:46] [main/DEBUG]: Transforming net/minecraft/world/level/biome/Biome$ClimateSettings CLASS to access PUBLIC and LEAVE
[09:33:46] [main/DEBUG]: Skipping Lnet/minecraft/world/level/biome/Biome$BiomeBuilder;
[09:33:46] [main/DEBUG]: Skipping Lnet/minecraft/world/level/biome/Biome$1;
[09:33:46] [main/DEBUG]: Skipping Lnet/minecraft/world/level/WorldGenLevel;
[09:33:46] [main/DEBUG]: Skipping Lnet/minecraft/world/level/WorldDataConfiguration;
[09:33:46] [main/DEBUG]: Skipping Lnet/minecraft/world/level/StructureManager;
[09:33:46] [main/DEBUG]: Skipping Lnet/minecraft/world/level/Spawner;
[09:33:46] [main/DEBUG]: Skipping Lnet/minecraft/world/level/SpawnData;
[09:33:46] [main/DEBUG]: Skipping Lnet/minecraft/world/level/SpawnData$CustomSpawnRules;
[09:33:46] [main/DEBUG]: Skipping Lnet/minecraft/world/level/SimpleExplosionDamageCalculator;
[09:33:46] [main/DEBUG]: Skipping Lnet/minecraft/world/level/ServerLevelAccessor;
[09:33:46] [main/DEBUG]: Skipping Lnet/minecraft/world/level/PotentialCalculator;
[09:33:46] [main/DEBUG]: Skipping Lnet/minecraft/world/level/PotentialCalculator$PointCharge;
[09:33:46] [main/DEBUG]: Skipping Lnet/minecraft/world/level/PathNavigationRegion;
[09:33:46] [main/DEBUG]: Skipping Lnet/minecraft/world/level/NoiseColumn;
[09:33:46] [main/DEBUG]: Skipping Lnet/minecraft/world/level/LocalMobCapCalculator;
[09:33:46] [main/DEBUG]: Skipping Lnet/minecraft/world/level/LocalMobCapCalculator$MobCounts;
[09:33:46] [main/DEBUG]: Skipping Lnet/minecraft/world/level/LightLayer;
[09:33:46] [main/DEBUG]: Skipping Lnet/minecraft/world/level/LevelWriter;
[09:33:46] [main/DEBUG]: Skipping Lnet/minecraft/world/level/LevelTimeAccess;
[09:33:46] [main/DEBUG]: Skipping Lnet/minecraft/world/level/LevelSimulatedReader;
[09:33:46] [main/DEBUG]: Skipping Lnet/minecraft/world/level/LevelSimulatedRW;
[09:33:46] [main/DEBUG]: Skipping Lnet/minecraft/world/level/LevelHeightAccessor;
[09:33:46] [main/DEBUG]: Skipping Lnet/minecraft/world/level/LevelHeightAccessor$1;
[09:33:46] [main/DEBUG]: Skipping Lnet/minecraft/world/level/LevelAccessor;
[09:33:46] [main/DEBUG]: Skipping Lnet/minecraft/world/level/ItemLike;
[09:33:46] [main/DEBUG]: Skipping Lnet/minecraft/world/level/GrassColor;
[09:33:46] [main/DEBUG]: Skipping Lnet/minecraft/world/level/GameType;
[09:33:46] [main/DEBUG]: Transforming class Lnet/minecraft/world/level/GameRules;
[09:33:46] [main/DEBUG]: Transforming net/minecraft/world/level/GameRules METHOD m_46189_(Ljava/lang/String;Lnet/minecraft/world/level/GameRules$Category;Lnet/minecraft/world/level/GameRules$Type;)Lnet/minecraft/world/level/GameRules$Key; to access PUBLIC and LEAVE
[09:33:46] [main/DEBUG]: Skipping Lnet/minecraft/world/level/GameRules$VisitorCaller;
[09:33:46] [main/DEBUG]: Skipping Lnet/minecraft/world/level/GameRules$Value;
[09:33:46] [main/DEBUG]: Skipping Lnet/minecraft/world/level/GameRules$Type;
[09:33:46] [main/DEBUG]: Skipping Lnet/minecraft/world/level/GameRules$Key;
[09:33:46] [main/DEBUG]: Transforming class Lnet/minecraft/world/level/GameRules$IntegerValue;
[09:33:46] [main/DEBUG]: Transforming net/minecraft/world/level/GameRules$IntegerValue METHOD m_46294_(ILjava/util/function/BiConsumer;)Lnet/minecraft/world/level/GameRules$Type; to access PUBLIC and LEAVE
[09:33:46] [main/DEBUG]: Transforming net/minecraft/world/level/GameRules$IntegerValue METHOD m_46312_(I)Lnet/minecraft/world/level/GameRules$Type; to access PUBLIC and LEAVE
[09:33:46] [main/DEBUG]: Skipping Lnet/minecraft/world/level/GameRules$GameRuleTypeVisitor;
[09:33:46] [main/DEBUG]: Skipping Lnet/minecraft/world/level/GameRules$Category;
[09:33:46] [main/DEBUG]: Transforming class Lnet/minecraft/world/level/GameRules$BooleanValue;
[09:33:46] [main/DEBUG]: Transforming net/minecraft/world/level/GameRules$BooleanValue METHOD m_46252_(ZLjava/util/function/BiConsumer;)Lnet/minecraft/world/level/GameRules$Type; to access PUBLIC and LEAVE
[09:33:46] [main/DEBUG]: Transforming net/minecraft/world/level/GameRules$BooleanValue METHOD m_46250_(Z)Lnet/minecraft/world/level/GameRules$Type; to access PUBLIC and LEAVE
[09:33:46] [main/DEBUG]: Skipping Lnet/minecraft/world/level/FoliageColor;
[09:33:46] [main/DEBUG]: Skipping Lnet/minecraft/world/level/EntityGetter;
[09:33:46] [main/DEBUG]: Skipping Lnet/minecraft/world/level/EntityBasedExplosionDamageCalculator;
[09:33:46] [main/DEBUG]: Skipping Lnet/minecraft/world/level/EmptyBlockGetter;
[09:33:46] [main/DEBUG]: Skipping Lnet/minecraft/world/level/CustomSpawner;
[09:33:46] [main/DEBUG]: Skipping Lnet/minecraft/world/level/CommonLevelAccessor;
[09:33:46] [main/DEBUG]: Skipping Lnet/minecraft/world/level/ColorResolver;
[09:33:46] [main/DEBUG]: Skipping Lnet/minecraft/world/level/CollisionGetter;
[09:33:46] [main/DEBUG]: Skipping Lnet/minecraft/world/level/ClipContext;
[09:33:46] [main/DEBUG]: Skipping Lnet/minecraft/world/level/ClipContext$ShapeGetter;
[09:33:46] [main/DEBUG]: Skipping Lnet/minecraft/world/level/ClipContext$Fluid;
[09:33:46] [main/DEBUG]: Skipping Lnet/minecraft/world/level/ClipContext$Block;
[09:33:46] [main/DEBUG]: Skipping Lnet/minecraft/world/level/ClipBlockStateContext;
[09:33:46] [main/DEBUG]: Skipping Lnet/minecraft/world/level/ChunkPos;
[09:33:46] [main/DEBUG]: Skipping Lnet/minecraft/world/level/ChunkPos$1;
[09:33:46] [main/DEBUG]: Skipping Lnet/minecraft/world/level/BlockEventData;
[09:33:46] [main/DEBUG]: Skipping Lnet/minecraft/world/level/BlockCollisions;
[09:33:46] [main/DEBUG]: Skipping Lnet/minecraft/world/level/BaseCommandBlock;
[09:33:46] [main/DEBUG]: Skipping Lnet/minecraft/world/level/SignalGetter;
[09:33:46] [main/DEBUG]: Skipping Lnet/minecraft/world/level/NaturalSpawner;
[09:33:46] [main/DEBUG]: Skipping Lnet/minecraft/world/level/NaturalSpawner$SpawnState;
[09:33:46] [main/DEBUG]: Skipping Lnet/minecraft/world/level/NaturalSpawner$SpawnPredicate;
[09:33:46] [main/DEBUG]: Skipping Lnet/minecraft/world/level/NaturalSpawner$ChunkGetter;
[09:33:46] [main/DEBUG]: Skipping Lnet/minecraft/world/level/NaturalSpawner$AfterSpawnCallback;
[09:33:46] [main/DEBUG]: Skipping Lnet/minecraft/world/level/LevelSettings;
[09:33:46] [main/DEBUG]: Skipping Lnet/minecraft/world/level/LevelReader;
[09:33:46] [main/DEBUG]: Transforming class Lnet/minecraft/world/level/Level;
[09:33:46] [main/DEBUG]: Transforming net/minecraft/world/level/Level FIELD f_46437_ to access PUBLIC and LEAVE
[09:33:46] [main/DEBUG]: Transforming net/minecraft/world/level/Level FIELD f_46438_ to access PUBLIC and LEAVE
[09:33:46] [main/DEBUG]: Transforming net/minecraft/world/level/Level FIELD f_46439_ to access PUBLIC and LEAVE
[09:33:46] [main/DEBUG]: Transforming net/minecraft/world/level/Level FIELD f_46440_ to access PUBLIC and LEAVE
[09:33:46] [main/DEBUG]: Skipping Lnet/minecraft/world/level/Level$ExplosionInteraction;
[09:33:46] [main/DEBUG]: Skipping Lnet/minecraft/world/level/Level$1;
[09:33:46] [main/DEBUG]: Skipping Lnet/minecraft/world/level/ForcedChunksSavedData;
[09:33:46] [main/DEBUG]: Skipping Lnet/minecraft/world/level/ExplosionDamageCalculator;
[09:33:46] [main/DEBUG]: Skipping Lnet/minecraft/world/level/Explosion;
[09:33:46] [main/DEBUG]: Skipping Lnet/minecraft/world/level/Explosion$BlockInteraction;
[09:33:46] [main/DEBUG]: Skipping Lnet/minecraft/world/level/DataPackConfig;
[09:33:46] [main/DEBUG]: Skipping Lnet/minecraft/world/level/BlockGetter;
[09:33:46] [main/DEBUG]: Skipping Lnet/minecraft/world/level/BlockAndTintGetter;
[09:33:46] [main/DEBUG]: Skipping Lnet/minecraft/world/level/BaseSpawner;
[09:33:46] [main/DEBUG]: Skipping Lnet/minecraft/world/item/trading/package-info;
[09:33:46] [main/DEBUG]: Skipping Lnet/minecraft/world/item/trading/MerchantOffers;
[09:33:46] [main/DEBUG]: Skipping Lnet/minecraft/world/item/trading/MerchantOffer;
[09:33:46] [main/DEBUG]: Skipping Lnet/minecraft/world/item/trading/Merchant;
[09:33:46] [main/DEBUG]: Skipping Lnet/minecraft/world/item/trading/ItemCost;
[09:33:46] [main/DEBUG]: Skipping Lnet/minecraft/world/item/package-info;
[09:33:46] [main/DEBUG]: Skipping Lnet/minecraft/world/item/enchantment/providers/package-info;
[09:33:46] [main/DEBUG]: Skipping Lnet/minecraft/world/item/enchantment/providers/VanillaEnchantmentProviders;
[09:33:46] [main/DEBUG]: Skipping Lnet/minecraft/world/item/enchantment/providers/TradeRebalanceEnchantmentProviders;
[09:33:46] [main/DEBUG]: Skipping Lnet/minecraft/world/item/enchantment/providers/SingleEnchantment;
[09:33:46] [main/DEBUG]: Skipping Lnet/minecraft/world/item/enchantment/providers/EnchantmentsByCostWithDifficulty;
[09:33:46] [main/DEBUG]: Skipping Lnet/minecraft/world/item/enchantment/providers/EnchantmentsByCost;
[09:33:46] [main/DEBUG]: Skipping Lnet/minecraft/world/item/enchantment/providers/EnchantmentProviderTypes;
[09:33:46] [main/DEBUG]: Skipping Lnet/minecraft/world/item/enchantment/providers/EnchantmentProvider;
[09:33:46] [main/DEBUG]: Skipping Lnet/minecraft/world/item/enchantment/package-info;
[09:33:46] [main/DEBUG]: Skipping Lnet/minecraft/world/item/enchantment/effects/package-info;
[09:33:46] [main/DEBUG]: Skipping Lnet/minecraft/world/item/enchantment/effects/SummonEntityEffect;
[09:33:46] [main/DEBUG]: Skipping Lnet/minecraft/world/item/enchantment/effects/SpawnParticlesEffect;
[09:33:46] [main/DEBUG]: Skipping Lnet/minecraft/world/item/enchantment/effects/SpawnParticlesEffect$VelocitySource;
[09:33:46] [main/DEBUG]: Skipping Lnet/minecraft/world/item/enchantment/effects/SpawnParticlesEffect$PositionSourceType;
[09:33:46] [main/DEBUG]: Skipping Lnet/minecraft/world/item/enchantment/effects/SpawnParticlesEffect$PositionSourceType$CoordinateSource;
[09:33:46] [main/DEBUG]: Skipping Lnet/minecraft/world/item/enchantment/effects/SpawnParticlesEffect$PositionSource;
[09:33:46] [main/DEBUG]: Skipping Lnet/minecraft/world/item/enchantment/effects/SetValue;
[09:33:46] [main/DEBUG]: Skipping Lnet/minecraft/world/item/enchantment/effects/SetBlockProperties;
[09:33:46] [main/DEBUG]: Skipping Lnet/minecraft/world/item/enchantment/effects/RunFunction;
[09:33:46] [main/DEBUG]: Skipping Lnet/minecraft/world/item/enchantment/effects/ReplaceBlock;
[09:33:46] [main/DEBUG]: Skipping Lnet/minecraft/world/item/enchantment/effects/RemoveBinomial;
[09:33:46] [main/DEBUG]: Skipping Lnet/minecraft/world/item/enchantment/effects/PlaySoundEffect;
[09:33:46] [main/DEBUG]: Skipping Lnet/minecraft/world/item/enchantment/effects/MultiplyValue;
[09:33:46] [main/DEBUG]: Skipping Lnet/minecraft/world/item/enchantment/effects/Ignite;
[09:33:46] [main/DEBUG]: Skipping Lnet/minecraft/world/item/enchantment/effects/ExplodeEffect;
[09:33:46] [main/DEBUG]: Skipping Lnet/minecraft/world/item/enchantment/effects/EnchantmentValueEffect;
[09:33:46] [main/DEBUG]: Skipping Lnet/minecraft/world/item/enchantment/effects/EnchantmentLocationBasedEffect;
[09:33:46] [main/DEBUG]: Skipping Lnet/minecraft/world/item/enchantment/effects/EnchantmentEntityEffect;
[09:33:46] [main/DEBUG]: Skipping Lnet/minecraft/world/item/enchantment/effects/EnchantmentAttributeEffect;
[09:33:46] [main/DEBUG]: Skipping Lnet/minecraft/world/item/enchantment/effects/DamageItem;
[09:33:46] [main/DEBUG]: Skipping Lnet/minecraft/world/item/enchantment/effects/DamageImmunity;
[09:33:46] [main/DEBUG]: Skipping Lnet/minecraft/world/item/enchantment/effects/DamageEntity;
[09:33:46] [main/DEBUG]: Skipping Lnet/minecraft/world/item/enchantment/effects/ApplyMobEffect;
[09:33:46] [main/DEBUG]: Skipping Lnet/minecraft/world/item/enchantment/effects/AllOf;
[09:33:46] [main/DEBUG]: Skipping Lnet/minecraft/world/item/enchantment/effects/AllOf$ValueEffects;
[09:33:46] [main/DEBUG]: Skipping Lnet/minecraft/world/item/enchantment/effects/AllOf$LocationBasedEffects;
[09:33:46] [main/DEBUG]: Skipping Lnet/minecraft/world/item/enchantment/effects/AllOf$EntityEffects;
[09:33:46] [main/DEBUG]: Skipping Lnet/minecraft/world/item/enchantment/effects/AddValue;
[09:33:46] [main/DEBUG]: Skipping Lnet/minecraft/world/item/enchantment/effects/ReplaceDisk;
[09:33:46] [main/DEBUG]: Skipping Lnet/minecraft/world/item/enchantment/TargetedConditionalEffect;
[09:33:46] [main/DEBUG]: Skipping Lnet/minecraft/world/item/enchantment/LevelBasedValue;
[09:33:46] [main/DEBUG]: Skipping Lnet/minecraft/world/item/enchantment/LevelBasedValue$Lookup;
[09:33:46] [main/DEBUG]: Skipping Lnet/minecraft/world/item/enchantment/LevelBasedValue$Linear;
[09:33:46] [main/DEBUG]: Skipping Lnet/minecraft/world/item/enchantment/LevelBasedValue$LevelsSquared;
[09:33:46] [main/DEBUG]: Skipping Lnet/minecraft/world/item/enchantment/LevelBasedValue$Fraction;
[09:33:46] [main/DEBUG]: Skipping Lnet/minecraft/world/item/enchantment/LevelBasedValue$Constant;
[09:33:46] [main/DEBUG]: Skipping Lnet/minecraft/world/item/enchantment/LevelBasedValue$Clamped;
[09:33:46] [main/DEBUG]: Skipping Lnet/minecraft/world/item/enchantment/ItemEnchantments;
[09:33:46] [main/DEBUG]: Skipping Lnet/minecraft/world/item/enchantment/ItemEnchantments$Mutable;
[09:33:46] [main/DEBUG]: Skipping Lnet/minecraft/world/item/enchantment/Enchantments;
[09:33:46] [main/DEBUG]: Skipping Lnet/minecraft/world/item/enchantment/EnchantmentTarget;
[09:33:46] [main/DEBUG]: Skipping Lnet/minecraft/world/item/enchantment/EnchantmentInstance;
[09:33:46] [main/DEBUG]: Skipping Lnet/minecraft/world/item/enchantment/EnchantmentEffectComponents;
[09:33:46] [main/DEBUG]: Skipping Lnet/minecraft/world/item/enchantment/Enchantment;
[09:33:46] [main/DEBUG]: Skipping Lnet/minecraft/world/item/enchantment/Enchantment$EnchantmentDefinition;
[09:33:46] [main/DEBUG]: Skipping Lnet/minecraft/world/item/enchantment/Enchantment$Cost;
[09:33:46] [main/DEBUG]: Skipping Lnet/minecraft/world/item/enchantment/Enchantment$Builder;
[09:33:46] [main/DEBUG]: Skipping Lnet/minecraft/world/item/enchantment/Enchantment$1;
[09:33:46] [main/DEBUG]: Skipping Lnet/minecraft/world/item/enchantment/EnchantedItemInUse;
[09:33:46] [main/DEBUG]: Skipping Lnet/minecraft/world/item/enchantment/ConditionalEffect;
[09:33:46] [main/DEBUG]: Skipping Lnet/minecraft/world/item/enchantment/EnchantmentHelper;
[09:33:46] [main/DEBUG]: Skipping Lnet/minecraft/world/item/enchantment/EnchantmentHelper$EnchantmentVisitor;
[09:33:46] [main/DEBUG]: Skipping Lnet/minecraft/world/item/enchantment/EnchantmentHelper$EnchantmentInSlotVisitor;
[09:33:46] [main/DEBUG]: Skipping Lnet/minecraft/world/item/crafting/package-info;
[09:33:46] [main/DEBUG]: Skipping Lnet/minecraft/world/item/crafting/TippedArrowRecipe;
[09:33:46] [main/DEBUG]: Skipping Lnet/minecraft/world/item/crafting/SuspiciousStewRecipe;
[09:33:46] [main/DEBUG]: Skipping Lnet/minecraft/world/item/crafting/StonecutterRecipe;
[09:33:46] [main/DEBUG]: Skipping Lnet/minecraft/world/item/crafting/SmokingRecipe;
[09:33:46] [main/DEBUG]: Skipping Lnet/minecraft/world/item/crafting/SmithingRecipeInput;
[09:33:46] [main/DEBUG]: Skipping Lnet/minecraft/world/item/crafting/SmithingRecipe;
[09:33:46] [main/DEBUG]: Skipping Lnet/minecraft/world/item/crafting/SmeltingRecipe;
[09:33:46] [main/DEBUG]: Skipping Lnet/minecraft/world/item/crafting/SingleRecipeInput;
[09:33:46] [main/DEBUG]: Skipping Lnet/minecraft/world/item/crafting/SingleItemRecipe;
[09:33:46] [main/DEBUG]: Skipping Lnet/minecraft/world/item/crafting/SingleItemRecipe$Serializer;
[09:33:46] [main/DEBUG]: Skipping Lnet/minecraft/world/item/crafting/SingleItemRecipe$Factory;
[09:33:46] [main/DEBUG]: Skipping Lnet/minecraft/world/item/crafting/SimpleCraftingRecipeSerializer;
[09:33:46] [main/DEBUG]: Skipping Lnet/minecraft/world/item/crafting/SimpleCraftingRecipeSerializer$Factory;
[09:33:46] [main/DEBUG]: Skipping Lnet/minecraft/world/item/crafting/SimpleCookingSerializer;
[09:33:46] [main/DEBUG]: Skipping Lnet/minecraft/world/item/crafting/ShieldDecorationRecipe;
[09:33:46] [main/DEBUG]: Skipping Lnet/minecraft/world/item/crafting/RepairItemRecipe;
[09:33:46] [main/DEBUG]: Skipping Lnet/minecraft/world/item/crafting/RecipeSerializer;
[09:33:46] [main/DEBUG]: Skipping Lnet/minecraft/world/item/crafting/RecipeInput;
[09:33:46] [main/DEBUG]: Skipping Lnet/minecraft/world/item/crafting/RecipeHolder;
[09:33:46] [main/DEBUG]: Skipping Lnet/minecraft/world/item/crafting/RecipeCache;
[09:33:46] [main/DEBUG]: Skipping Lnet/minecraft/world/item/crafting/RecipeCache$Entry;
[09:33:46] [main/DEBUG]: Skipping Lnet/minecraft/world/item/crafting/MapExtendingRecipe;
[09:33:46] [main/DEBUG]: Skipping Lnet/minecraft/world/item/crafting/MapCloningRecipe;
[09:33:46] [main/DEBUG]: Skipping Lnet/minecraft/world/item/crafting/FireworkStarRecipe;
[09:33:46] [main/DEBUG]: Skipping Lnet/minecraft/world/item/crafting/FireworkStarFadeRecipe;
[09:33:46] [main/DEBUG]: Skipping Lnet/minecraft/world/item/crafting/FireworkRocketRecipe;
[09:33:46] [main/DEBUG]: Skipping Lnet/minecraft/world/item/crafting/DecoratedPotRecipe;
[09:33:46] [main/DEBUG]: Skipping Lnet/minecraft/world/item/crafting/CustomRecipe;
[09:33:46] [main/DEBUG]: Skipping Lnet/minecraft/world/item/crafting/CraftingRecipe;
[09:33:46] [main/DEBUG]: Skipping Lnet/minecraft/world/item/crafting/CraftingInput;
[09:33:46] [main/DEBUG]: Skipping Lnet/minecraft/world/item/crafting/CraftingInput$Positioned;
[09:33:46] [main/DEBUG]: Skipping Lnet/minecraft/world/item/crafting/CraftingBookCategory;
[09:33:46] [main/DEBUG]: Skipping Lnet/minecraft/world/item/crafting/CookingBookCategory;
[09:33:46] [main/DEBUG]: Skipping Lnet/minecraft/world/item/crafting/CampfireCookingRecipe;
[09:33:46] [main/DEBUG]: Skipping Lnet/minecraft/world/item/crafting/BlastingRecipe;
[09:33:46] [main/DEBUG]: Skipping Lnet/minecraft/world/item/crafting/ArmorDyeRecipe;
[09:33:46] [main/DEBUG]: Skipping Lnet/minecraft/world/item/crafting/AbstractCookingRecipe;
[09:33:46] [main/DEBUG]: Skipping Lnet/minecraft/world/item/crafting/AbstractCookingRecipe$Factory;
[09:33:46] [main/DEBUG]: Skipping Lnet/minecraft/world/item/crafting/RecipeType$2;
[09:33:46] [main/DEBUG]: Skipping Lnet/minecraft/world/item/crafting/SmithingTrimRecipe;
[09:33:46] [main/DEBUG]: Skipping Lnet/minecraft/world/item/crafting/SmithingTrimRecipe$Serializer;
[09:33:46] [main/DEBUG]: Skipping Lnet/minecraft/world/item/crafting/SmithingTransformRecipe;
[09:33:46] [main/DEBUG]: Skipping Lnet/minecraft/world/item/crafting/SmithingTransformRecipe$Serializer;
[09:33:46] [main/DEBUG]: Skipping Lnet/minecraft/world/item/crafting/ShulkerBoxColoring;
[09:33:46] [main/DEBUG]: Skipping Lnet/minecraft/world/item/crafting/ShapelessRecipe;
[09:33:46] [main/DEBUG]: Skipping Lnet/minecraft/world/item/crafting/ShapelessRecipe$Serializer;
[09:33:46] [main/DEBUG]: Skipping Lnet/minecraft/world/item/crafting/ShapedRecipePattern;
[09:33:46] [main/DEBUG]: Skipping Lnet/minecraft/world/item/crafting/ShapedRecipePattern$Data;
[09:33:46] [main/DEBUG]: Skipping Lnet/minecraft/world/item/crafting/ShapedRecipe;
[09:33:46] [main/DEBUG]: Skipping Lnet/minecraft/world/item/crafting/ShapedRecipe$Serializer;
[09:33:46] [main/DEBUG]: Skipping Lnet/minecraft/world/item/crafting/RecipeType;
[09:33:46] [main/DEBUG]: Skipping Lnet/minecraft/world/item/crafting/RecipeType$1;
[09:33:46] [main/DEBUG]: Skipping Lnet/minecraft/world/item/crafting/RecipeManager;
[09:33:46] [main/DEBUG]: Skipping Lnet/minecraft/world/item/crafting/RecipeManager$CachedCheck;
[09:33:46] [main/DEBUG]: Skipping Lnet/minecraft/world/item/crafting/RecipeManager$1;
[09:33:46] [main/DEBUG]: Skipping Lnet/minecraft/world/item/crafting/Recipe;
[09:33:46] [main/DEBUG]: Transforming class Lnet/minecraft/world/item/crafting/Ingredient;
[09:33:46] [main/DEBUG]: Transforming net/minecraft/world/item/crafting/Ingredient INNERCLASS Value to access PUBLIC and LEAVE
[09:33:46] [main/DEBUG]: Transforming net/minecraft/world/item/crafting/Ingredient INNERCLASS TagValue to access PUBLIC and LEAVE
[09:33:46] [main/DEBUG]: Transforming net/minecraft/world/item/crafting/Ingredient INNERCLASS ItemValue to access PUBLIC and LEAVE
[09:33:46] [main/DEBUG]: Transforming net/minecraft/world/item/crafting/Ingredient CLASS to access PUBLIC and REMOVEFINAL
[09:33:46] [main/DEBUG]: Transforming net/minecraft/world/item/crafting/Ingredient METHOD <init>(Ljava/util/stream/Stream;)V to access PROTECTED and LEAVE
[09:33:46] [main/DEBUG]: Transforming net/minecraft/world/item/crafting/Ingredient METHOD m_43938_(Ljava/util/stream/Stream;)Lnet/minecraft/world/item/crafting/Ingredient; to access PUBLIC and LEAVE
[09:33:46] [main/DEBUG]: Transforming class Lnet/minecraft/world/item/crafting/Ingredient$Value;
[09:33:46] [main/DEBUG]: Transforming net/minecraft/world/item/crafting/Ingredient$Value CLASS to access PUBLIC and LEAVE
[09:33:46] [main/DEBUG]: Transforming class Lnet/minecraft/world/item/crafting/Ingredient$TagValue;
[09:33:46] [main/DEBUG]: Transforming net/minecraft/world/item/crafting/Ingredient$TagValue CLASS to access PUBLIC and LEAVE
[09:33:46] [main/DEBUG]: Transforming net/minecraft/world/item/crafting/Ingredient$TagValue METHOD <init>(Lnet/minecraft/tags/TagKey;)V to access PUBLIC and LEAVE
[09:33:46] [main/DEBUG]: Transforming class Lnet/minecraft/world/item/crafting/Ingredient$ItemValue;
[09:33:46] [main/DEBUG]: Transforming net/minecraft/world/item/crafting/Ingredient$ItemValue CLASS to access PUBLIC and LEAVE
[09:33:46] [main/DEBUG]: Transforming net/minecraft/world/item/crafting/Ingredient$ItemValue METHOD <init>(Lnet/minecraft/world/item/ItemStack;)V to access PUBLIC and LEAVE
[09:33:46] [main/DEBUG]: Skipping Lnet/minecraft/world/item/crafting/BookCloningRecipe;
[09:33:46] [main/DEBUG]: Skipping Lnet/minecraft/world/item/crafting/BannerDuplicateRecipe;
[09:33:46] [main/DEBUG]: Skipping Lnet/minecraft/world/item/context/package-info;
[09:33:46] [main/DEBUG]: Transforming class Lnet/minecraft/world/item/context/UseOnContext;
[09:33:46] [main/DEBUG]: Transforming net/minecraft/world/item/context/UseOnContext METHOD <init>(Lnet/minecraft/world/level/Level;Lnet/minecraft/world/entity/player/Player;Lnet/minecraft/world/InteractionHand;Lnet/minecraft/world/item/ItemStack;Lnet/minecraft/world/phys/BlockHitResult;)V to access PUBLIC and LEAVE
[09:33:46] [main/DEBUG]: Skipping Lnet/minecraft/world/item/context/DirectionalPlaceContext;
[09:33:46] [main/DEBUG]: Skipping Lnet/minecraft/world/item/context/DirectionalPlaceContext$1;
[09:33:46] [main/DEBUG]: Transforming class Lnet/minecraft/world/item/context/BlockPlaceContext;
[09:33:46] [main/DEBUG]: Transforming net/minecraft/world/item/context/BlockPlaceContext METHOD <init>(Lnet/minecraft/world/level/Level;Lnet/minecraft/world/entity/player/Player;Lnet/minecraft/world/InteractionHand;Lnet/minecraft/world/item/ItemStack;Lnet/minecraft/world/phys/BlockHitResult;)V to access PUBLIC and LEAVE
[09:33:46] [main/DEBUG]: Skipping Lnet/minecraft/world/item/component/package-info;
[09:33:46] [main/DEBUG]: Skipping Lnet/minecraft/world/item/component/WrittenBookContent;
[09:33:46] [main/DEBUG]: Skipping Lnet/minecraft/world/item/component/WritableBookContent;
[09:33:46] [main/DEBUG]: Skipping Lnet/minecraft/world/item/component/Unbreakable;
[09:33:46] [main/DEBUG]: Skipping Lnet/minecraft/world/item/component/TooltipProvider;
[09:33:46] [main/DEBUG]: Skipping Lnet/minecraft/world/item/component/Tool;
[09:33:46] [main/DEBUG]: Skipping Lnet/minecraft/world/item/component/Tool$Rule;
[09:33:46] [main/DEBUG]: Skipping Lnet/minecraft/world/item/component/SuspiciousStewEffects;
[09:33:46] [main/DEBUG]: Skipping Lnet/minecraft/world/item/component/SuspiciousStewEffects$Entry;
[09:33:46] [main/DEBUG]: Skipping Lnet/minecraft/world/item/component/SeededContainerLoot;
[09:33:46] [main/DEBUG]: Skipping Lnet/minecraft/world/item/component/ResolvableProfile;
[09:33:46] [main/DEBUG]: Skipping Lnet/minecraft/world/item/component/MapPostProcessing;
[09:33:46] [main/DEBUG]: Skipping Lnet/minecraft/world/item/component/MapItemColor;
[09:33:46] [main/DEBUG]: Skipping Lnet/minecraft/world/item/component/MapDecorations;
[09:33:46] [main/DEBUG]: Skipping Lnet/minecraft/world/item/component/MapDecorations$Entry;
[09:33:46] [main/DEBUG]: Skipping Lnet/minecraft/world/item/component/LodestoneTracker;
[09:33:46] [main/DEBUG]: Skipping Lnet/minecraft/world/item/component/ItemLore;
[09:33:46] [main/DEBUG]: Skipping Lnet/minecraft/world/item/component/ItemContainerContents;
[09:33:46] [main/DEBUG]: Skipping Lnet/minecraft/world/item/component/ItemContainerContents$Slot;
[09:33:46] [main/DEBUG]: Skipping Lnet/minecraft/world/item/component/ItemAttributeModifiers;
[09:33:46] [main/DEBUG]: Skipping Lnet/minecraft/world/item/component/ItemAttributeModifiers$Entry;
[09:33:46] [main/DEBUG]: Skipping Lnet/minecraft/world/item/component/ItemAttributeModifiers$Builder;
[09:33:46] [main/DEBUG]: Skipping Lnet/minecraft/world/item/component/ItemAttributeModifiers$1;
[09:33:46] [main/DEBUG]: Skipping Lnet/minecraft/world/item/component/Fireworks;
[09:33:46] [main/DEBUG]: Skipping Lnet/minecraft/world/item/component/FireworkExplosion;
[09:33:46] [main/DEBUG]: Skipping Lnet/minecraft/world/item/component/FireworkExplosion$Shape;
[09:33:46] [main/DEBUG]: Skipping Lnet/minecraft/world/item/component/DyedItemColor;
[09:33:46] [main/DEBUG]: Skipping Lnet/minecraft/world/item/component/DebugStickState;
[09:33:46] [main/DEBUG]: Skipping Lnet/minecraft/world/item/component/CustomModelData;
[09:33:46] [main/DEBUG]: Skipping Lnet/minecraft/world/item/component/CustomData;
[09:33:46] [main/DEBUG]: Skipping Lnet/minecraft/world/item/component/ChargedProjectiles;
[09:33:46] [main/DEBUG]: Skipping Lnet/minecraft/world/item/component/BundleContents;
[09:33:46] [main/DEBUG]: Skipping Lnet/minecraft/world/item/component/BundleContents$Mutable;
[09:33:46] [main/DEBUG]: Skipping Lnet/minecraft/world/item/component/BookContent;
[09:33:46] [main/DEBUG]: Skipping Lnet/minecraft/world/item/component/BlockItemStateProperties;
[09:33:46] [main/DEBUG]: Skipping Lnet/minecraft/world/item/armortrim/package-info;
[09:33:46] [main/DEBUG]: Skipping Lnet/minecraft/world/item/armortrim/TrimPatterns;
[09:33:46] [main/DEBUG]: Skipping Lnet/minecraft/world/item/armortrim/TrimPattern;
[09:33:46] [main/DEBUG]: Skipping Lnet/minecraft/world/item/armortrim/TrimMaterials;
[09:33:46] [main/DEBUG]: Skipping Lnet/minecraft/world/item/armortrim/TrimMaterial;
[09:33:46] [main/DEBUG]: Skipping Lnet/minecraft/world/item/armortrim/ArmorTrim;
[09:33:46] [main/DEBUG]: Skipping Lnet/minecraft/world/item/alchemy/package-info;
[09:33:46] [main/DEBUG]: Skipping Lnet/minecraft/world/item/alchemy/Potions;
[09:33:46] [main/DEBUG]: Skipping Lnet/minecraft/world/item/alchemy/PotionContents;
[09:33:46] [main/DEBUG]: Skipping Lnet/minecraft/world/item/alchemy/Potion;
[09:33:46] [main/DEBUG]: Transforming class Lnet/minecraft/world/item/alchemy/PotionBrewing;
[09:33:46] [main/DEBUG]: Transforming net/minecraft/world/item/alchemy/PotionBrewing INNERCLASS Mix to access PUBLIC and LEAVE
[09:33:46] [main/DEBUG]: Transforming class Lnet/minecraft/world/item/alchemy/PotionBrewing$Mix;
[09:33:46] [main/DEBUG]: Transforming net/minecraft/world/item/alchemy/PotionBrewing$Mix CLASS to access PUBLIC and LEAVE
[09:33:46] [main/DEBUG]: Transforming net/minecraft/world/item/alchemy/PotionBrewing$Mix FIELD f_43533_ to access PUBLIC and LEAVE
[09:33:46] [main/DEBUG]: Skipping Lnet/minecraft/world/item/alchemy/PotionBrewing$Builder;
[09:33:46] [main/DEBUG]: Skipping Lnet/minecraft/world/item/WrittenBookItem;
[09:33:46] [main/DEBUG]: Skipping Lnet/minecraft/world/item/WritableBookItem;
[09:33:46] [main/DEBUG]: Skipping Lnet/minecraft/world/item/WindChargeItem;
[09:33:46] [main/DEBUG]: Skipping Lnet/minecraft/world/item/TridentItem;
[09:33:46] [main/DEBUG]: Skipping Lnet/minecraft/world/item/TooltipFlag;
[09:33:46] [main/DEBUG]: Skipping Lnet/minecraft/world/item/TooltipFlag$Default;
[09:33:46] [main/DEBUG]: Skipping Lnet/minecraft/world/item/TippedArrowItem;
[09:33:46] [main/DEBUG]: Skipping Lnet/minecraft/world/item/Tiers;
[09:33:46] [main/DEBUG]: Skipping Lnet/minecraft/world/item/TieredItem;
[09:33:46] [main/DEBUG]: Skipping Lnet/minecraft/world/item/Tier;
[09:33:46] [main/DEBUG]: Skipping Lnet/minecraft/world/item/ThrowablePotionItem;
[09:33:46] [main/DEBUG]: Skipping Lnet/minecraft/world/item/SuspiciousStewItem;
[09:33:46] [main/DEBUG]: Skipping Lnet/minecraft/world/item/SpyglassItem;
[09:33:46] [main/DEBUG]: Skipping Lnet/minecraft/world/item/SplashPotionItem;
[09:33:46] [main/DEBUG]: Skipping Lnet/minecraft/world/item/SpectralArrowItem;
[09:33:46] [main/DEBUG]: Skipping Lnet/minecraft/world/item/SolidBucketItem;
[09:33:46] [main/DEBUG]: Skipping Lnet/minecraft/world/item/SnowballItem;
[09:33:46] [main/DEBUG]: Skipping Lnet/minecraft/world/item/SmithingTemplateItem;
[09:33:46] [main/DEBUG]: Skipping Lnet/minecraft/world/item/SignItem;
[09:33:46] [main/DEBUG]: Skipping Lnet/minecraft/world/item/SignApplicator;
[09:33:46] [main/DEBUG]: Skipping Lnet/minecraft/world/item/ServerItemCooldowns;
[09:33:46] [main/DEBUG]: Skipping Lnet/minecraft/world/item/ScaffoldingBlockItem;
[09:33:46] [main/DEBUG]: Skipping Lnet/minecraft/world/item/SaddleItem;
[09:33:46] [main/DEBUG]: Skipping Lnet/minecraft/world/item/Rarity;
[09:33:46] [main/DEBUG]: Skipping Lnet/minecraft/world/item/ProjectileItem;
[09:33:46] [main/DEBUG]: Skipping Lnet/minecraft/world/item/ProjectileItem$PositionFunction;
[09:33:46] [main/DEBUG]: Skipping Lnet/minecraft/world/item/ProjectileItem$DispenseConfig;
[09:33:46] [main/DEBUG]: Skipping Lnet/minecraft/world/item/ProjectileItem$DispenseConfig$Builder;
[09:33:46] [main/DEBUG]: Skipping Lnet/minecraft/world/item/PotionItem;
[09:33:46] [main/DEBUG]: Skipping Lnet/minecraft/world/item/PlayerHeadItem;
[09:33:46] [main/DEBUG]: Skipping Lnet/minecraft/world/item/PlaceOnWaterBlockItem;
[09:33:46] [main/DEBUG]: Skipping Lnet/minecraft/world/item/OminousBottleItem;
[09:33:46] [main/DEBUG]: Skipping Lnet/minecraft/world/item/NameTagItem;
[09:33:46] [main/DEBUG]: Skipping Lnet/minecraft/world/item/MilkBucketItem;
[09:33:46] [main/DEBUG]: Skipping Lnet/minecraft/world/item/MapItem;
[09:33:46] [main/DEBUG]: Skipping Lnet/minecraft/world/item/MapItem$1;
[09:33:46] [main/DEBUG]: Skipping Lnet/minecraft/world/item/MaceItem;
[09:33:46] [main/DEBUG]: Skipping Lnet/minecraft/world/item/LingeringPotionItem;
[09:33:46] [main/DEBUG]: Skipping Lnet/minecraft/world/item/LeadItem;
[09:33:46] [main/DEBUG]: Skipping Lnet/minecraft/world/item/KnowledgeBookItem;
[09:33:46] [main/DEBUG]: Skipping Lnet/minecraft/world/item/JukeboxSongs;
[09:33:46] [main/DEBUG]: Skipping Lnet/minecraft/world/item/JukeboxSongPlayer;
[09:33:46] [main/DEBUG]: Skipping Lnet/minecraft/world/item/JukeboxSongPlayer$OnSongChanged;
[09:33:46] [main/DEBUG]: Skipping Lnet/minecraft/world/item/JukeboxSong;
[09:33:46] [main/DEBUG]: Skipping Lnet/minecraft/world/item/JukeboxPlayable;
[09:33:46] [main/DEBUG]: Skipping Lnet/minecraft/world/item/ItemUtils;
[09:33:46] [main/DEBUG]: Transforming class Lnet/minecraft/world/item/ItemStackLinkedSet;
[09:33:46] [main/DEBUG]: Transforming net/minecraft/world/item/ItemStackLinkedSet FIELD f_260558_ to access PUBLIC and LEAVE
[09:33:46] [main/DEBUG]: Skipping Lnet/minecraft/world/item/ItemStackLinkedSet$1;
[09:33:46] [main/DEBUG]: Skipping Lnet/minecraft/world/item/ItemNameBlockItem;
[09:33:46] [main/DEBUG]: Skipping Lnet/minecraft/world/item/ItemFrameItem;
[09:33:46] [main/DEBUG]: Skipping Lnet/minecraft/world/item/ItemCooldowns;
[09:33:46] [main/DEBUG]: Skipping Lnet/minecraft/world/item/ItemCooldowns$CooldownInstance;
[09:33:46] [main/DEBUG]: Skipping Lnet/minecraft/world/item/Instruments;
[09:33:46] [main/DEBUG]: Skipping Lnet/minecraft/world/item/InstrumentItem;
[09:33:46] [main/DEBUG]: Skipping Lnet/minecraft/world/item/Instrument;
[09:33:46] [main/DEBUG]: Skipping Lnet/minecraft/world/item/InkSacItem;
[09:33:46] [main/DEBUG]: Skipping Lnet/minecraft/world/item/HoneycombItem;
[09:33:46] [main/DEBUG]: Skipping Lnet/minecraft/world/item/HoneyBottleItem;
[09:33:46] [main/DEBUG]: Skipping Lnet/minecraft/world/item/HangingSignItem;
[09:33:46] [main/DEBUG]: Skipping Lnet/minecraft/world/item/HangingEntityItem;
[09:33:46] [main/DEBUG]: Skipping Lnet/minecraft/world/item/GlowInkSacItem;
[09:33:46] [main/DEBUG]: Skipping Lnet/minecraft/world/item/GameMasterBlockItem;
[09:33:46] [main/DEBUG]: Skipping Lnet/minecraft/world/item/FoodOnAStickItem;
[09:33:46] [main/DEBUG]: Skipping Lnet/minecraft/world/item/FlintAndSteelItem;
[09:33:46] [main/DEBUG]: Skipping Lnet/minecraft/world/item/FireworkStarItem;
[09:33:46] [main/DEBUG]: Skipping Lnet/minecraft/world/item/FireworkRocketItem;
[09:33:46] [main/DEBUG]: Skipping Lnet/minecraft/world/item/FireChargeItem;
[09:33:46] [main/DEBUG]: Skipping Lnet/minecraft/world/item/ExperienceBottleItem;
[09:33:46] [main/DEBUG]: Skipping Lnet/minecraft/world/item/Equipable;
[09:33:46] [main/DEBUG]: Skipping Lnet/minecraft/world/item/EnderpearlItem;
[09:33:46] [main/DEBUG]: Skipping Lnet/minecraft/world/item/EnderEyeItem;
[09:33:46] [main/DEBUG]: Skipping Lnet/minecraft/world/item/EndCrystalItem;
[09:33:46] [main/DEBUG]: Skipping Lnet/minecraft/world/item/EnchantedBookItem;
[09:33:46] [main/DEBUG]: Skipping Lnet/minecraft/world/item/EmptyMapItem;
[09:33:46] [main/DEBUG]: Skipping Lnet/minecraft/world/item/EitherHolder;
[09:33:46] [main/DEBUG]: Skipping Lnet/minecraft/world/item/EggItem;
[09:33:46] [main/DEBUG]: Skipping Lnet/minecraft/world/item/DyeItem;
[09:33:46] [main/DEBUG]: Skipping Lnet/minecraft/world/item/DoubleHighBlockItem;
[09:33:46] [main/DEBUG]: Skipping Lnet/minecraft/world/item/DiscFragmentItem;
[09:33:46] [main/DEBUG]: Transforming class Lnet/minecraft/world/item/DiggerItem;
[09:33:46] [main/DEBUG]: Transforming net/minecraft/world/item/DiggerItem METHOD <init>(Lnet/minecraft/world/item/Tier;Lnet/minecraft/tags/TagKey;Lnet/minecraft/world/item/Item$Properties;)V to access PUBLIC and LEAVE
[09:33:46] [main/DEBUG]: Skipping Lnet/minecraft/world/item/DebugStickItem;
[09:33:46] [main/DEBUG]: Transforming class Lnet/minecraft/world/item/CreativeModeTabs;
[09:33:46] [main/DEBUG]: Transforming net/minecraft/world/item/CreativeModeTabs FIELD f_256788_ to access PUBLIC and LEAVE
[09:33:46] [main/DEBUG]: Transforming net/minecraft/world/item/CreativeModeTabs FIELD f_256725_ to access PUBLIC and LEAVE
[09:33:46] [main/DEBUG]: Transforming net/minecraft/world/item/CreativeModeTabs FIELD f_256776_ to access PUBLIC and LEAVE
[09:33:46] [main/DEBUG]: Transforming net/minecraft/world/item/CreativeModeTabs FIELD f_256791_ to access PUBLIC and LEAVE
[09:33:46] [main/DEBUG]: Transforming net/minecraft/world/item/CreativeModeTabs FIELD f_257028_ to access PUBLIC and LEAVE
[09:33:46] [main/DEBUG]: Transforming net/minecraft/world/item/CreativeModeTabs FIELD f_256917_ to access PUBLIC and LEAVE
[09:33:46] [main/DEBUG]: Transforming net/minecraft/world/item/CreativeModeTabs FIELD f_256750_ to access PUBLIC and LEAVE
[09:33:46] [main/DEBUG]: Transforming net/minecraft/world/item/CreativeModeTabs FIELD f_256869_ to access PUBLIC and LEAVE
[09:33:46] [main/DEBUG]: Transforming net/minecraft/world/item/CreativeModeTabs FIELD f_256797_ to access PUBLIC and LEAVE
[09:33:46] [main/DEBUG]: Transforming net/minecraft/world/item/CreativeModeTabs FIELD f_256839_ to access PUBLIC and LEAVE
[09:33:46] [main/DEBUG]: Transforming net/minecraft/world/item/CreativeModeTabs FIELD f_256968_ to access PUBLIC and LEAVE
[09:33:46] [main/DEBUG]: Transforming net/minecraft/world/item/CreativeModeTabs FIELD f_256731_ to access PUBLIC and LEAVE
[09:33:46] [main/DEBUG]: Transforming net/minecraft/world/item/CreativeModeTabs FIELD f_256837_ to access PUBLIC and LEAVE
[09:33:46] [main/DEBUG]: Transforming net/minecraft/world/item/CreativeModeTabs FIELD f_257039_ to access PUBLIC and LEAVE
[09:33:46] [main/DEBUG]: Skipping Lnet/minecraft/world/item/ComplexItem;
[09:33:46] [main/DEBUG]: Skipping Lnet/minecraft/world/item/CompassItem;
[09:33:46] [main/DEBUG]: Skipping Lnet/minecraft/world/item/BrushItem;
[09:33:46] [main/DEBUG]: Skipping Lnet/minecraft/world/item/BrushItem$DustParticlesDelta;
[09:33:46] [main/DEBUG]: Skipping Lnet/minecraft/world/item/BrushItem$1;
[09:33:46] [main/DEBUG]: Skipping Lnet/minecraft/world/item/BottleItem;
[09:33:46] [main/DEBUG]: Skipping Lnet/minecraft/world/item/BookItem;
[09:33:46] [main/DEBUG]: Skipping Lnet/minecraft/world/item/BoatItem;
[09:33:46] [main/DEBUG]: Skipping Lnet/minecraft/world/item/BedItem;
[09:33:46] [main/DEBUG]: Skipping Lnet/minecraft/world/item/BannerPatternItem;
[09:33:46] [main/DEBUG]: Skipping Lnet/minecraft/world/item/BannerItem;
[09:33:46] [main/DEBUG]: Skipping Lnet/minecraft/world/item/ArmorStandItem;
[09:33:46] [main/DEBUG]: Skipping Lnet/minecraft/world/item/ArmorMaterials;
[09:33:46] [main/DEBUG]: Skipping Lnet/minecraft/world/item/ArmorItem;
[09:33:46] [main/DEBUG]: Skipping Lnet/minecraft/world/item/ArmorItem$Type;
[09:33:46] [main/DEBUG]: Skipping Lnet/minecraft/world/item/ArmorItem$1;
[09:33:46] [main/DEBUG]: Skipping Lnet/minecraft/world/item/AirItem;
[09:33:46] [main/DEBUG]: Skipping Lnet/minecraft/world/item/AdventureModePredicate;
[09:33:46] [main/DEBUG]: Skipping Lnet/minecraft/world/item/Items$1;
[09:33:46] [main/DEBUG]: Skipping Lnet/minecraft/world/item/UseAnim;
[09:33:46] [main/DEBUG]: Skipping Lnet/minecraft/world/item/SwordItem;
[09:33:46] [main/DEBUG]: Skipping Lnet/minecraft/world/item/StandingAndWallBlockItem;
[09:33:46] [main/DEBUG]: Skipping Lnet/minecraft/world/item/SpawnEggItem;
[09:33:46] [main/DEBUG]: Skipping Lnet/minecraft/world/item/ShovelItem;
[09:33:46] [main/DEBUG]: Skipping Lnet/minecraft/world/item/ShieldItem;
[09:33:46] [main/DEBUG]: Skipping Lnet/minecraft/world/item/ShearsItem;
[09:33:46] [main/DEBUG]: Skipping Lnet/minecraft/world/item/ProjectileWeaponItem;
[09:33:46] [main/DEBUG]: Skipping Lnet/minecraft/world/item/PickaxeItem;
[09:33:46] [main/DEBUG]: Skipping Lnet/minecraft/world/item/MobBucketItem;
[09:33:46] [main/DEBUG]: Skipping Lnet/minecraft/world/item/MinecartItem;
[09:33:46] [main/DEBUG]: Skipping Lnet/minecraft/world/item/MinecartItem$1;
[09:33:46] [main/DEBUG]: Skipping Lnet/minecraft/world/item/Items;
[09:33:46] [main/DEBUG]: Skipping Lnet/minecraft/world/item/ItemStack;
[09:33:46] [main/DEBUG]: Skipping Lnet/minecraft/world/item/ItemStack$4;
[09:33:46] [main/DEBUG]: Skipping Lnet/minecraft/world/item/ItemStack$3;
[09:33:46] [main/DEBUG]: Skipping Lnet/minecraft/world/item/ItemStack$2;
[09:33:46] [main/DEBUG]: Skipping Lnet/minecraft/world/item/ItemStack$1;
[09:33:46] [main/DEBUG]: Transforming class Lnet/minecraft/world/item/ItemDisplayContext;
[09:33:46] [main/DEBUG]: Transforming net/minecraft/world/item/ItemDisplayContext FIELD f_268735_ to access PRIVATE and REMOVEFINAL
[09:33:46] [main/DEBUG]: Skipping Lnet/minecraft/world/item/Item;
[09:33:46] [main/DEBUG]: Skipping Lnet/minecraft/world/item/Item$TooltipContext;
[09:33:46] [main/DEBUG]: Skipping Lnet/minecraft/world/item/Item$TooltipContext$3;
[09:33:46] [main/DEBUG]: Skipping Lnet/minecraft/world/item/Item$TooltipContext$2;
[09:33:46] [main/DEBUG]: Skipping Lnet/minecraft/world/item/Item$TooltipContext$1;
[09:33:46] [main/DEBUG]: Skipping Lnet/minecraft/world/item/Item$Properties;
[09:33:46] [main/DEBUG]: Skipping Lnet/minecraft/world/item/HoeItem;
[09:33:46] [main/DEBUG]: Skipping Lnet/minecraft/world/item/FishingRodItem;
[09:33:46] [main/DEBUG]: Skipping Lnet/minecraft/world/item/ElytraItem;
[09:33:46] [main/DEBUG]: Skipping Lnet/minecraft/world/item/DyeColor;
[09:33:46] [main/DEBUG]: Skipping Lnet/minecraft/world/item/DispensibleContainerItem;
[09:33:46] [main/DEBUG]: Skipping Lnet/minecraft/world/item/CrossbowItem;
[09:33:46] [main/DEBUG]: Skipping Lnet/minecraft/world/item/CrossbowItem$ChargingSounds;
[09:33:46] [main/DEBUG]: Transforming class Lnet/minecraft/world/item/CreativeModeTab;
[09:33:46] [main/DEBUG]: Transforming net/minecraft/world/item/CreativeModeTab INNERCLASS Output to access PUBLIC and LEAVE
[09:33:46] [main/DEBUG]: Transforming net/minecraft/world/item/CreativeModeTab INNERCLASS TabVisibility to access PUBLIC and LEAVE
[09:33:46] [main/DEBUG]: Skipping Lnet/minecraft/world/item/CreativeModeTab$Type;
[09:33:46] [main/DEBUG]: Transforming class Lnet/minecraft/world/item/CreativeModeTab$TabVisibility;
[09:33:46] [main/DEBUG]: Transforming net/minecraft/world/item/CreativeModeTab$TabVisibility CLASS to access PUBLIC and LEAVE
[09:33:46] [main/DEBUG]: Skipping Lnet/minecraft/world/item/CreativeModeTab$Row;
[09:33:46] [main/DEBUG]: Transforming class Lnet/minecraft/world/item/CreativeModeTab$Output;
[09:33:46] [main/DEBUG]: Transforming net/minecraft/world/item/CreativeModeTab$Output CLASS to access PUBLIC and LEAVE
[09:33:46] [main/DEBUG]: Skipping Lnet/minecraft/world/item/CreativeModeTab$ItemDisplayParameters;
[09:33:46] [main/DEBUG]: Skipping Lnet/minecraft/world/item/CreativeModeTab$ItemDisplayBuilder;
[09:33:46] [main/DEBUG]: Skipping Lnet/minecraft/world/item/CreativeModeTab$DisplayItemsGenerator;
[09:33:46] [main/DEBUG]: Skipping Lnet/minecraft/world/item/CreativeModeTab$Builder;
[09:33:46] [main/DEBUG]: Skipping Lnet/minecraft/world/item/ChorusFruitItem;
[09:33:46] [main/DEBUG]: Skipping Lnet/minecraft/world/item/BundleItem;
[09:33:46] [main/DEBUG]: Skipping Lnet/minecraft/world/item/BucketItem;
[09:33:46] [main/DEBUG]: Skipping Lnet/minecraft/world/item/BowItem;
[09:33:46] [main/DEBUG]: Skipping Lnet/minecraft/world/item/BoneMealItem;
[09:33:46] [main/DEBUG]: Skipping Lnet/minecraft/world/item/BoneMealItem$1;
[09:33:46] [main/DEBUG]: Skipping Lnet/minecraft/world/item/BlockItem;
[09:33:46] [main/DEBUG]: Skipping Lnet/minecraft/world/item/AxeItem;
[09:33:46] [main/DEBUG]: Skipping Lnet/minecraft/world/item/ArrowItem;
[09:33:46] [main/DEBUG]: Skipping Lnet/minecraft/world/item/ArmorMaterial;
[09:33:46] [main/DEBUG]: Skipping Lnet/minecraft/world/item/ArmorMaterial$Layer;
[09:33:46] [main/DEBUG]: Skipping Lnet/minecraft/world/item/AnimalArmorItem;
[09:33:46] [main/DEBUG]: Skipping Lnet/minecraft/world/item/AnimalArmorItem$BodyType;
[09:33:46] [main/DEBUG]: Skipping Lnet/minecraft/world/inventory/tooltip/package-info;
[09:33:46] [main/DEBUG]: Skipping Lnet/minecraft/world/inventory/tooltip/TooltipComponent;
[09:33:46] [main/DEBUG]: Skipping Lnet/minecraft/world/inventory/tooltip/BundleTooltip;
[09:33:46] [main/DEBUG]: Skipping Lnet/minecraft/world/inventory/package-info;
[09:33:46] [main/DEBUG]: Skipping Lnet/minecraft/world/inventory/TransientCraftingContainer;
[09:33:46] [main/DEBUG]: Skipping Lnet/minecraft/world/inventory/StonecutterMenu;
[09:33:46] [main/DEBUG]: Skipping Lnet/minecraft/world/inventory/StonecutterMenu$2;
[09:33:46] [main/DEBUG]: Skipping Lnet/minecraft/world/inventory/StonecutterMenu$1;
[09:33:46] [main/DEBUG]: Skipping Lnet/minecraft/world/inventory/StackedContentsCompatible;
[09:33:46] [main/DEBUG]: Skipping Lnet/minecraft/world/inventory/SmokerMenu;
[09:33:46] [main/DEBUG]: Skipping Lnet/minecraft/world/inventory/SmithingMenu;
[09:33:46] [main/DEBUG]: Skipping Lnet/minecraft/world/inventory/SlotRanges;
[09:33:46] [main/DEBUG]: Skipping Lnet/minecraft/world/inventory/SlotRange;
[09:33:46] [main/DEBUG]: Skipping Lnet/minecraft/world/inventory/SlotRange$1;
[09:33:46] [main/DEBUG]: Skipping Lnet/minecraft/world/inventory/SimpleContainerData;
[09:33:46] [main/DEBUG]: Skipping Lnet/minecraft/world/inventory/ShulkerBoxSlot;
[09:33:46] [main/DEBUG]: Skipping Lnet/minecraft/world/inventory/ShulkerBoxMenu;
[09:33:46] [main/DEBUG]: Skipping Lnet/minecraft/world/inventory/ResultContainer;
[09:33:46] [main/DEBUG]: Skipping Lnet/minecraft/world/inventory/RecipeCraftingHolder;
[09:33:46] [main/DEBUG]: Skipping Lnet/minecraft/world/inventory/PlayerEnderChestContainer;
[09:33:46] [main/DEBUG]: Skipping Lnet/minecraft/world/inventory/NonInteractiveResultSlot;
[09:33:46] [main/DEBUG]: Skipping Lnet/minecraft/world/inventory/MerchantResultSlot;
[09:33:46] [main/DEBUG]: Skipping Lnet/minecraft/world/inventory/MerchantMenu;
[09:33:46] [main/DEBUG]: Skipping Lnet/minecraft/world/inventory/MerchantContainer;
[09:33:46] [main/DEBUG]: Skipping Lnet/minecraft/world/inventory/MenuConstructor;
[09:33:46] [main/DEBUG]: Skipping Lnet/minecraft/world/inventory/LoomMenu;
[09:33:46] [main/DEBUG]: Skipping Lnet/minecraft/world/inventory/LoomMenu$6;
[09:33:46] [main/DEBUG]: Skipping Lnet/minecraft/world/inventory/LoomMenu$5;
[09:33:46] [main/DEBUG]: Skipping Lnet/minecraft/world/inventory/LoomMenu$4;
[09:33:46] [main/DEBUG]: Skipping Lnet/minecraft/world/inventory/LoomMenu$3;
[09:33:46] [main/DEBUG]: Skipping Lnet/minecraft/world/inventory/LoomMenu$2;
[09:33:46] [main/DEBUG]: Skipping Lnet/minecraft/world/inventory/LoomMenu$1;
[09:33:46] [main/DEBUG]: Skipping Lnet/minecraft/world/inventory/LecternMenu;
[09:33:46] [main/DEBUG]: Skipping Lnet/minecraft/world/inventory/LecternMenu$1;
[09:33:46] [main/DEBUG]: Skipping Lnet/minecraft/world/inventory/ItemCombinerMenuSlotDefinition;
[09:33:46] [main/DEBUG]: Skipping Lnet/minecraft/world/inventory/ItemCombinerMenuSlotDefinition$SlotDefinition;
[09:33:46] [main/DEBUG]: Skipping Lnet/minecraft/world/inventory/ItemCombinerMenuSlotDefinition$Builder;
[09:33:46] [main/DEBUG]: Skipping Lnet/minecraft/world/inventory/ItemCombinerMenu;
[09:33:46] [main/DEBUG]: Skipping Lnet/minecraft/world/inventory/ItemCombinerMenu$3;
[09:33:46] [main/DEBUG]: Skipping Lnet/minecraft/world/inventory/ItemCombinerMenu$2;
[09:33:46] [main/DEBUG]: Skipping Lnet/minecraft/world/inventory/ItemCombinerMenu$1;
[09:33:46] [main/DEBUG]: Skipping Lnet/minecraft/world/inventory/InventoryMenu;
[09:33:46] [main/DEBUG]: Skipping Lnet/minecraft/world/inventory/InventoryMenu$1;
[09:33:46] [main/DEBUG]: Skipping Lnet/minecraft/world/inventory/HorseInventoryMenu;
[09:33:46] [main/DEBUG]: Skipping Lnet/minecraft/world/inventory/HorseInventoryMenu$2;
[09:33:46] [main/DEBUG]: Skipping Lnet/minecraft/world/inventory/HorseInventoryMenu$1;
[09:33:46] [main/DEBUG]: Skipping Lnet/minecraft/world/inventory/HopperMenu;
[09:33:46] [main/DEBUG]: Skipping Lnet/minecraft/world/inventory/FurnaceMenu;
[09:33:46] [main/DEBUG]: Skipping Lnet/minecraft/world/inventory/FurnaceFuelSlot;
[09:33:46] [main/DEBUG]: Skipping Lnet/minecraft/world/inventory/DispenserMenu;
[09:33:46] [main/DEBUG]: Skipping Lnet/minecraft/world/inventory/DataSlot;
[09:33:46] [main/DEBUG]: Skipping Lnet/minecraft/world/inventory/DataSlot$3;
[09:33:46] [main/DEBUG]: Skipping Lnet/minecraft/world/inventory/DataSlot$2;
[09:33:46] [main/DEBUG]: Skipping Lnet/minecraft/world/inventory/DataSlot$1;
[09:33:46] [main/DEBUG]: Skipping Lnet/minecraft/world/inventory/CraftingMenu;
[09:33:46] [main/DEBUG]: Skipping Lnet/minecraft/world/inventory/CraftingContainer;
[09:33:46] [main/DEBUG]: Skipping Lnet/minecraft/world/inventory/CrafterSlot;
[09:33:46] [main/DEBUG]: Skipping Lnet/minecraft/world/inventory/CrafterMenu;
[09:33:46] [main/DEBUG]: Skipping Lnet/minecraft/world/inventory/ContainerSynchronizer;
[09:33:46] [main/DEBUG]: Skipping Lnet/minecraft/world/inventory/ContainerListener;
[09:33:46] [main/DEBUG]: Skipping Lnet/minecraft/world/inventory/ContainerLevelAccess;
[09:33:46] [main/DEBUG]: Skipping Lnet/minecraft/world/inventory/ContainerLevelAccess$2;
[09:33:46] [main/DEBUG]: Skipping Lnet/minecraft/world/inventory/ContainerLevelAccess$1;
[09:33:46] [main/DEBUG]: Skipping Lnet/minecraft/world/inventory/ContainerData;
[09:33:46] [main/DEBUG]: Skipping Lnet/minecraft/world/inventory/ClickType;
[09:33:46] [main/DEBUG]: Skipping Lnet/minecraft/world/inventory/ClickAction;
[09:33:46] [main/DEBUG]: Skipping Lnet/minecraft/world/inventory/ChestMenu;
[09:33:46] [main/DEBUG]: Skipping Lnet/minecraft/world/inventory/CartographyTableMenu;
[09:33:46] [main/DEBUG]: Skipping Lnet/minecraft/world/inventory/CartographyTableMenu$5;
[09:33:46] [main/DEBUG]: Skipping Lnet/minecraft/world/inventory/CartographyTableMenu$4;
[09:33:46] [main/DEBUG]: Skipping Lnet/minecraft/world/inventory/CartographyTableMenu$3;
[09:33:46] [main/DEBUG]: Skipping Lnet/minecraft/world/inventory/CartographyTableMenu$2;
[09:33:46] [main/DEBUG]: Skipping Lnet/minecraft/world/inventory/CartographyTableMenu$1;
[09:33:46] [main/DEBUG]: Skipping Lnet/minecraft/world/inventory/BlastFurnaceMenu;
[09:33:46] [main/DEBUG]: Skipping Lnet/minecraft/world/inventory/Slot;
[09:33:46] [main/DEBUG]: Skipping Lnet/minecraft/world/inventory/ResultSlot;
[09:33:46] [main/DEBUG]: Skipping Lnet/minecraft/world/inventory/RecipeBookType;
[09:33:46] [main/DEBUG]: Skipping Lnet/minecraft/world/inventory/RecipeBookMenu;
[09:33:46] [main/DEBUG]: Transforming class Lnet/minecraft/world/inventory/MenuType;
[09:33:46] [main/DEBUG]: Transforming net/minecraft/world/inventory/MenuType INNERCLASS MenuSupplier to access PUBLIC and LEAVE
[09:33:46] [main/DEBUG]: Transforming net/minecraft/world/inventory/MenuType METHOD <init>(Lnet/minecraft/world/inventory/MenuType$MenuSupplier;Lnet/minecraft/world/flag/FeatureFlagSet;)V to access PUBLIC and LEAVE
[09:33:46] [main/DEBUG]: Transforming class Lnet/minecraft/world/inventory/MenuType$MenuSupplier;
[09:33:46] [main/DEBUG]: Transforming net/minecraft/world/inventory/MenuType$MenuSupplier CLASS to access PUBLIC and LEAVE
[09:33:46] [main/DEBUG]: Skipping Lnet/minecraft/world/inventory/GrindstoneMenu;
[09:33:46] [main/DEBUG]: Skipping Lnet/minecraft/world/inventory/GrindstoneMenu$4;
[09:33:46] [main/DEBUG]: Skipping Lnet/minecraft/world/inventory/GrindstoneMenu$3;
[09:33:46] [main/DEBUG]: Skipping Lnet/minecraft/world/inventory/GrindstoneMenu$2;
[09:33:46] [main/DEBUG]: Skipping Lnet/minecraft/world/inventory/GrindstoneMenu$1;
[09:33:46] [main/DEBUG]: Skipping Lnet/minecraft/world/inventory/FurnaceResultSlot;
[09:33:46] [main/DEBUG]: Skipping Lnet/minecraft/world/inventory/EnchantmentMenu;
[09:33:46] [main/DEBUG]: Skipping Lnet/minecraft/world/inventory/EnchantmentMenu$3;
[09:33:46] [main/DEBUG]: Skipping Lnet/minecraft/world/inventory/EnchantmentMenu$2;
[09:33:46] [main/DEBUG]: Skipping Lnet/minecraft/world/inventory/EnchantmentMenu$1;
[09:33:46] [main/DEBUG]: Transforming class Lnet/minecraft/world/inventory/BrewingStandMenu;
[09:33:46] [main/DEBUG]: Transforming net/minecraft/world/inventory/BrewingStandMenu INNERCLASS PotionSlot to access PUBLIC and LEAVE
[09:33:46] [main/DEBUG]: Transforming class Lnet/minecraft/world/inventory/BrewingStandMenu$PotionSlot;
[09:33:46] [main/DEBUG]: Transforming net/minecraft/world/inventory/BrewingStandMenu$PotionSlot CLASS to access PUBLIC and LEAVE
[09:33:46] [main/DEBUG]: Skipping Lnet/minecraft/world/inventory/BrewingStandMenu$IngredientsSlot;
[09:33:46] [main/DEBUG]: Skipping Lnet/minecraft/world/inventory/BrewingStandMenu$FuelSlot;
[09:33:46] [main/DEBUG]: Skipping Lnet/minecraft/world/inventory/BeaconMenu;
[09:33:46] [main/DEBUG]: Skipping Lnet/minecraft/world/inventory/BeaconMenu$PaymentSlot;
[09:33:46] [main/DEBUG]: Skipping Lnet/minecraft/world/inventory/BeaconMenu$1;
[09:33:46] [main/DEBUG]: Skipping Lnet/minecraft/world/inventory/ArmorSlot;
[09:33:46] [main/DEBUG]: Transforming class Lnet/minecraft/world/inventory/AnvilMenu;
[09:33:46] [main/DEBUG]: Transforming net/minecraft/world/inventory/AnvilMenu FIELD f_39000_ to access PUBLIC and LEAVE
[09:33:46] [main/DEBUG]: Skipping Lnet/minecraft/world/inventory/AbstractFurnaceMenu;
[09:33:46] [main/DEBUG]: Skipping Lnet/minecraft/world/inventory/AbstractContainerMenu;
[09:33:46] [main/DEBUG]: Skipping Lnet/minecraft/world/inventory/AbstractContainerMenu$1;
[09:33:46] [main/DEBUG]: Skipping Lnet/minecraft/world/food/package-info;
[09:33:46] [main/DEBUG]: Skipping Lnet/minecraft/world/food/Foods;
[09:33:46] [main/DEBUG]: Skipping Lnet/minecraft/world/food/FoodProperties;
[09:33:46] [main/DEBUG]: Skipping Lnet/minecraft/world/food/FoodProperties$PossibleEffect;
[09:33:46] [main/DEBUG]: Skipping Lnet/minecraft/world/food/FoodProperties$Builder;
[09:33:46] [main/DEBUG]: Skipping Lnet/minecraft/world/food/FoodData;
[09:33:46] [main/DEBUG]: Skipping Lnet/minecraft/world/food/FoodConstants;
[09:33:46] [main/DEBUG]: Skipping Lnet/minecraft/world/flag/package-info;
[09:33:46] [main/DEBUG]: Skipping Lnet/minecraft/world/flag/FeatureFlags;
[09:33:46] [main/DEBUG]: Skipping Lnet/minecraft/world/flag/FeatureFlagUniverse;
[09:33:46] [main/DEBUG]: Skipping Lnet/minecraft/world/flag/FeatureFlagSet;
[09:33:46] [main/DEBUG]: Skipping Lnet/minecraft/world/flag/FeatureFlagRegistry;
[09:33:46] [main/DEBUG]: Skipping Lnet/minecraft/world/flag/FeatureFlagRegistry$Builder;
[09:33:46] [main/DEBUG]: Skipping Lnet/minecraft/world/flag/FeatureFlag;
[09:33:46] [main/DEBUG]: Skipping Lnet/minecraft/world/flag/FeatureElement;
[09:33:46] [main/DEBUG]: Skipping Lnet/minecraft/world/entity/vehicle/package-info;
[09:33:46] [main/DEBUG]: Skipping Lnet/minecraft/world/entity/vehicle/VehicleEntity;
[09:33:46] [main/DEBUG]: Skipping Lnet/minecraft/world/entity/vehicle/MinecartTNT;
[09:33:46] [main/DEBUG]: Skipping Lnet/minecraft/world/entity/vehicle/MinecartHopper;
[09:33:46] [main/DEBUG]: Skipping Lnet/minecraft/world/entity/vehicle/MinecartChest;
[09:33:46] [main/DEBUG]: Skipping Lnet/minecraft/world/entity/vehicle/DismountHelper;
[09:33:46] [main/DEBUG]: Skipping Lnet/minecraft/world/entity/vehicle/MinecartSpawner;
[09:33:46] [main/DEBUG]: Skipping Lnet/minecraft/world/entity/vehicle/MinecartSpawner$1;
[09:33:46] [main/DEBUG]: Skipping Lnet/minecraft/world/entity/vehicle/MinecartFurnace;
[09:33:46] [main/DEBUG]: Skipping Lnet/minecraft/world/entity/vehicle/MinecartCommandBlock;
[09:33:46] [main/DEBUG]: Skipping Lnet/minecraft/world/entity/vehicle/MinecartCommandBlock$MinecartCommandBase;
[09:33:46] [main/DEBUG]: Skipping Lnet/minecraft/world/entity/vehicle/Minecart;
[09:33:46] [main/DEBUG]: Skipping Lnet/minecraft/world/entity/vehicle/ContainerEntity;
[09:33:46] [main/DEBUG]: Skipping Lnet/minecraft/world/entity/vehicle/ContainerEntity$1;
[09:33:46] [main/DEBUG]: Skipping Lnet/minecraft/world/entity/vehicle/ChestBoat;
[09:33:46] [main/DEBUG]: Skipping Lnet/minecraft/world/entity/vehicle/ChestBoat$1;
[09:33:46] [main/DEBUG]: Skipping Lnet/minecraft/world/entity/vehicle/Boat;
[09:33:46] [main/DEBUG]: Skipping Lnet/minecraft/world/entity/vehicle/Boat$Type;
[09:33:46] [main/DEBUG]: Skipping Lnet/minecraft/world/entity/vehicle/Boat$Status;
[09:33:46] [main/DEBUG]: Skipping Lnet/minecraft/world/entity/vehicle/AbstractMinecartContainer;
[09:33:46] [main/DEBUG]: Skipping Lnet/minecraft/world/entity/vehicle/AbstractMinecart;
[09:33:46] [main/DEBUG]: Skipping Lnet/minecraft/world/entity/vehicle/AbstractMinecart$Type;
[09:33:46] [main/DEBUG]: Skipping Lnet/minecraft/world/entity/vehicle/AbstractMinecart$1;
[09:33:46] [main/DEBUG]: Skipping Lnet/minecraft/world/entity/schedule/package-info;
[09:33:46] [main/DEBUG]: Skipping Lnet/minecraft/world/entity/schedule/Timeline;
[09:33:46] [main/DEBUG]: Skipping Lnet/minecraft/world/entity/schedule/ScheduleBuilder;
[09:33:46] [main/DEBUG]: Skipping Lnet/minecraft/world/entity/schedule/ScheduleBuilder$ActivityTransition;
[09:33:46] [main/DEBUG]: Skipping Lnet/minecraft/world/entity/schedule/Schedule;
[09:33:46] [main/DEBUG]: Skipping Lnet/minecraft/world/entity/schedule/Keyframe;
[09:33:46] [main/DEBUG]: Transforming class Lnet/minecraft/world/entity/schedule/Activity;
[09:33:46] [main/DEBUG]: Transforming net/minecraft/world/entity/schedule/Activity METHOD <init>(Ljava/lang/String;)V to access PUBLIC and LEAVE
[09:33:46] [main/DEBUG]: Skipping Lnet/minecraft/world/entity/raid/package-info;
[09:33:46] [main/DEBUG]: Skipping Lnet/minecraft/world/entity/raid/Raids;
[09:33:46] [main/DEBUG]: Skipping Lnet/minecraft/world/entity/raid/Raider;
[09:33:46] [main/DEBUG]: Skipping Lnet/minecraft/world/entity/raid/Raider$RaiderMoveThroughVillageGoal;
[09:33:46] [main/DEBUG]: Skipping Lnet/minecraft/world/entity/raid/Raider$RaiderCelebration;
[09:33:46] [main/DEBUG]: Skipping Lnet/minecraft/world/entity/raid/Raider$ObtainRaidLeaderBannerGoal;
[09:33:46] [main/DEBUG]: Skipping Lnet/minecraft/world/entity/raid/Raider$HoldGroundAttackGoal;
[09:33:46] [main/DEBUG]: Skipping Lnet/minecraft/world/entity/raid/Raid;
[09:33:46] [main/DEBUG]: Transforming class Lnet/minecraft/world/entity/raid/Raid$RaiderType;
[09:33:46] [main/DEBUG]: Transforming net/minecraft/world/entity/raid/Raid$RaiderType FIELD f_37813_ to access PRIVATE and REMOVEFINAL
[09:33:46] [main/DEBUG]: Skipping Lnet/minecraft/world/entity/raid/Raid$RaidStatus;
[09:33:46] [main/DEBUG]: Skipping Lnet/minecraft/world/entity/raid/Raid$1;
[09:33:46] [main/DEBUG]: Skipping Lnet/minecraft/world/entity/projectile/windcharge/WindCharge;
[09:33:46] [main/DEBUG]: Skipping Lnet/minecraft/world/entity/projectile/windcharge/BreezeWindCharge;
[09:33:46] [main/DEBUG]: Skipping Lnet/minecraft/world/entity/projectile/windcharge/AbstractWindCharge;
[09:33:46] [main/DEBUG]: Skipping Lnet/minecraft/world/entity/projectile/package-info;
[09:33:46] [main/DEBUG]: Skipping Lnet/minecraft/world/entity/projectile/ThrownTrident;
[09:33:46] [main/DEBUG]: Skipping Lnet/minecraft/world/entity/projectile/ThrownPotion;
[09:33:46] [main/DEBUG]: Skipping Lnet/minecraft/world/entity/projectile/ThrownExperienceBottle;
[09:33:46] [main/DEBUG]: Skipping Lnet/minecraft/world/entity/projectile/ThrownEgg;
[09:33:46] [main/DEBUG]: Skipping Lnet/minecraft/world/entity/projectile/ThrowableItemProjectile;
[09:33:46] [main/DEBUG]: Skipping Lnet/minecraft/world/entity/projectile/SpectralArrow;
[09:33:46] [main/DEBUG]: Skipping Lnet/minecraft/world/entity/projectile/Snowball;
[09:33:46] [main/DEBUG]: Skipping Lnet/minecraft/world/entity/projectile/ProjectileDeflection;
[09:33:46] [main/DEBUG]: Skipping Lnet/minecraft/world/entity/projectile/ItemSupplier;
[09:33:46] [main/DEBUG]: Skipping Lnet/minecraft/world/entity/projectile/Fireball;
[09:33:46] [main/DEBUG]: Skipping Lnet/minecraft/world/entity/projectile/EyeOfEnder;
[09:33:46] [main/DEBUG]: Skipping Lnet/minecraft/world/entity/projectile/EvokerFangs;
[09:33:46] [main/DEBUG]: Skipping Lnet/minecraft/world/entity/projectile/DragonFireball;
[09:33:46] [main/DEBUG]: Skipping Lnet/minecraft/world/entity/projectile/Arrow;
[09:33:46] [main/DEBUG]: Skipping Lnet/minecraft/world/entity/projectile/AbstractArrow$1;
[09:33:46] [main/DEBUG]: Skipping Lnet/minecraft/world/entity/projectile/WitherSkull;
[09:33:46] [main/DEBUG]: Skipping Lnet/minecraft/world/entity/projectile/ThrownEnderpearl;
[09:33:46] [main/DEBUG]: Skipping Lnet/minecraft/world/entity/projectile/ThrowableProjectile;
[09:33:46] [main/DEBUG]: Skipping Lnet/minecraft/world/entity/projectile/SmallFireball;
[09:33:46] [main/DEBUG]: Skipping Lnet/minecraft/world/entity/projectile/ShulkerBullet;
[09:33:46] [main/DEBUG]: Skipping Lnet/minecraft/world/entity/projectile/ProjectileUtil;
[09:33:46] [main/DEBUG]: Transforming class Lnet/minecraft/world/entity/projectile/Projectile;
[09:33:46] [main/DEBUG]: Transforming net/minecraft/world/entity/projectile/Projectile METHOD <init>(Lnet/minecraft/world/entity/EntityType;Lnet/minecraft/world/level/Level;)V to access PROTECTED and LEAVE
[09:33:46] [main/DEBUG]: Skipping Lnet/minecraft/world/entity/projectile/LlamaSpit;
[09:33:46] [main/DEBUG]: Skipping Lnet/minecraft/world/entity/projectile/LargeFireball;
[09:33:46] [main/DEBUG]: Skipping Lnet/minecraft/world/entity/projectile/FishingHook;
[09:33:46] [main/DEBUG]: Skipping Lnet/minecraft/world/entity/projectile/FishingHook$OpenWaterType;
[09:33:46] [main/DEBUG]: Skipping Lnet/minecraft/world/entity/projectile/FishingHook$FishHookState;
[09:33:46] [main/DEBUG]: Skipping Lnet/minecraft/world/entity/projectile/FireworkRocketEntity;
[09:33:46] [main/DEBUG]: Skipping Lnet/minecraft/world/entity/projectile/AbstractHurtingProjectile;
[09:33:46] [main/DEBUG]: Skipping Lnet/minecraft/world/entity/projectile/AbstractArrow;
[09:33:46] [main/DEBUG]: Skipping Lnet/minecraft/world/entity/projectile/AbstractArrow$Pickup;
[09:33:46] [main/DEBUG]: Skipping Lnet/minecraft/world/entity/player/package-info;
[09:33:46] [main/DEBUG]: Skipping Lnet/minecraft/world/entity/player/StackedContents;
[09:33:46] [main/DEBUG]: Skipping Lnet/minecraft/world/entity/player/StackedContents$RecipePicker;
[09:33:46] [main/DEBUG]: Skipping Lnet/minecraft/world/entity/player/ProfilePublicKey;
[09:33:46] [main/DEBUG]: Skipping Lnet/minecraft/world/entity/player/ProfilePublicKey$ValidationException;
[09:33:46] [main/DEBUG]: Skipping Lnet/minecraft/world/entity/player/ProfilePublicKey$Data;
[09:33:46] [main/DEBUG]: Skipping Lnet/minecraft/world/entity/player/ProfileKeyPair;
[09:33:46] [main/DEBUG]: Skipping Lnet/minecraft/world/entity/player/PlayerModelPart;
[09:33:46] [main/DEBUG]: Skipping Lnet/minecraft/world/entity/player/ChatVisiblity;
[09:33:46] [main/DEBUG]: Skipping Lnet/minecraft/world/entity/player/Abilities;
[09:33:46] [main/DEBUG]: Transforming class Lnet/minecraft/world/entity/player/Player;
[09:33:46] [main/DEBUG]: Transforming net/minecraft/world/entity/player/Player METHOD m_6915_()V to access PUBLIC and LEAVE
[09:33:46] [main/DEBUG]: Skipping Lnet/minecraft/world/entity/player/Player$BedSleepingProblem;
[09:33:46] [main/DEBUG]: Skipping Lnet/minecraft/world/entity/player/Player$2;
[09:33:46] [main/DEBUG]: Skipping Lnet/minecraft/world/entity/player/Player$1;
[09:33:46] [main/DEBUG]: Skipping Lnet/minecraft/world/entity/player/Inventory;
[09:33:46] [main/DEBUG]: Skipping Lnet/minecraft/world/entity/package-info;
[09:33:46] [main/DEBUG]: Skipping Lnet/minecraft/world/entity/npc/package-info;
[09:33:46] [main/DEBUG]: Skipping Lnet/minecraft/world/entity/npc/WanderingTraderSpawner;
[09:33:46] [main/DEBUG]: Skipping Lnet/minecraft/world/entity/npc/WanderingTrader;
[09:33:46] [main/DEBUG]: Skipping Lnet/minecraft/world/entity/npc/WanderingTrader$WanderToPositionGoal;
[09:33:46] [main/DEBUG]: Transforming class Lnet/minecraft/world/entity/npc/VillagerType;
[09:33:46] [main/DEBUG]: Transforming net/minecraft/world/entity/npc/VillagerType METHOD <init>(Ljava/lang/String;)V to access PUBLIC and LEAVE
[09:33:46] [main/DEBUG]: Transforming class Lnet/minecraft/world/entity/npc/VillagerTrades;
[09:33:46] [main/DEBUG]: Transforming net/minecraft/world/entity/npc/VillagerTrades INNERCLASS ItemsForEmeralds to access PUBLIC and LEAVE
[09:33:46] [main/DEBUG]: Transforming net/minecraft/world/entity/npc/VillagerTrades INNERCLASS FailureItemListing to access PUBLIC and LEAVE
[09:33:46] [main/DEBUG]: Transforming net/minecraft/world/entity/npc/VillagerTrades INNERCLASS DyedArmorForEmeralds to access PUBLIC and LEAVE
[09:33:46] [main/DEBUG]: Transforming net/minecraft/world/entity/npc/VillagerTrades INNERCLASS EmeraldForItems to access PUBLIC and LEAVE
[09:33:46] [main/DEBUG]: Transforming net/minecraft/world/entity/npc/VillagerTrades INNERCLASS EnchantBookForEmeralds to access PUBLIC and LEAVE
[09:33:46] [main/DEBUG]: Transforming net/minecraft/world/entity/npc/VillagerTrades INNERCLASS SuspiciousStewForEmerald to access PUBLIC and LEAVE
[09:33:46] [main/DEBUG]: Transforming net/minecraft/world/entity/npc/VillagerTrades INNERCLASS ItemsAndEmeraldsToItems to access PUBLIC and LEAVE
[09:33:46] [main/DEBUG]: Transforming net/minecraft/world/entity/npc/VillagerTrades INNERCLASS EnchantedItemForEmeralds to access PUBLIC and LEAVE
[09:33:46] [main/DEBUG]: Transforming net/minecraft/world/entity/npc/VillagerTrades INNERCLASS EmeraldsForVillagerTypeItem to access PUBLIC and LEAVE
[09:33:46] [main/DEBUG]: Transforming net/minecraft/world/entity/npc/VillagerTrades INNERCLASS TreasureMapForEmeralds to access PUBLIC and LEAVE
[09:33:46] [main/DEBUG]: Transforming net/minecraft/world/entity/npc/VillagerTrades INNERCLASS TippedArrowForItemsAndEmeralds to access PUBLIC and LEAVE
[09:33:46] [main/DEBUG]: Transforming net/minecraft/world/entity/npc/VillagerTrades INNERCLASS TypeSpecificTrade to access PUBLIC and LEAVE
[09:33:46] [main/DEBUG]: Transforming class Lnet/minecraft/world/entity/npc/VillagerTrades$TypeSpecificTrade;
[09:33:46] [main/DEBUG]: Transforming net/minecraft/world/entity/npc/VillagerTrades$TypeSpecificTrade CLASS to access PUBLIC and LEAVE
[09:33:46] [main/DEBUG]: Transforming class Lnet/minecraft/world/entity/npc/VillagerTrades$TreasureMapForEmeralds;
[09:33:46] [main/DEBUG]: Transforming net/minecraft/world/entity/npc/VillagerTrades$TreasureMapForEmeralds CLASS to access PUBLIC and LEAVE
[09:33:46] [main/DEBUG]: Transforming class Lnet/minecraft/world/entity/npc/VillagerTrades$TippedArrowForItemsAndEmeralds;
[09:33:46] [main/DEBUG]: Transforming net/minecraft/world/entity/npc/VillagerTrades$TippedArrowForItemsAndEmeralds CLASS to access PUBLIC and LEAVE
[09:33:46] [main/DEBUG]: Transforming class Lnet/minecraft/world/entity/npc/VillagerTrades$SuspiciousStewForEmerald;
[09:33:46] [main/DEBUG]: Transforming net/minecraft/world/entity/npc/VillagerTrades$SuspiciousStewForEmerald CLASS to access PUBLIC and LEAVE
[09:33:46] [main/DEBUG]: Transforming class Lnet/minecraft/world/entity/npc/VillagerTrades$ItemsForEmeralds;
[09:33:46] [main/DEBUG]: Transforming net/minecraft/world/entity/npc/VillagerTrades$ItemsForEmeralds CLASS to access PUBLIC and LEAVE
[09:33:46] [main/DEBUG]: Transforming class Lnet/minecraft/world/entity/npc/VillagerTrades$ItemsAndEmeraldsToItems;
[09:33:46] [main/DEBUG]: Transforming net/minecraft/world/entity/npc/VillagerTrades$ItemsAndEmeraldsToItems CLASS to access PUBLIC and LEAVE
[09:33:46] [main/DEBUG]: Skipping Lnet/minecraft/world/entity/npc/VillagerTrades$ItemListing;
[09:33:46] [main/DEBUG]: Transforming class Lnet/minecraft/world/entity/npc/VillagerTrades$FailureItemListing;
[09:33:46] [main/DEBUG]: Transforming net/minecraft/world/entity/npc/VillagerTrades$FailureItemListing CLASS to access PUBLIC and LEAVE
[09:33:46] [main/DEBUG]: Transforming class Lnet/minecraft/world/entity/npc/VillagerTrades$EnchantedItemForEmeralds;
[09:33:46] [main/DEBUG]: Transforming net/minecraft/world/entity/npc/VillagerTrades$EnchantedItemForEmeralds CLASS to access PUBLIC and LEAVE
[09:33:46] [main/DEBUG]: Transforming class Lnet/minecraft/world/entity/npc/VillagerTrades$EnchantBookForEmeralds;
[09:33:46] [main/DEBUG]: Transforming net/minecraft/world/entity/npc/VillagerTrades$EnchantBookForEmeralds CLASS to access PUBLIC and LEAVE
[09:33:46] [main/DEBUG]: Transforming class Lnet/minecraft/world/entity/npc/VillagerTrades$EmeraldsForVillagerTypeItem;
[09:33:46] [main/DEBUG]: Transforming net/minecraft/world/entity/npc/VillagerTrades$EmeraldsForVillagerTypeItem CLASS to access PUBLIC and LEAVE
[09:33:46] [main/DEBUG]: Transforming class Lnet/minecraft/world/entity/npc/VillagerTrades$EmeraldForItems;
[09:33:46] [main/DEBUG]: Transforming net/minecraft/world/entity/npc/VillagerTrades$EmeraldForItems CLASS to access PUBLIC and LEAVE
[09:33:46] [main/DEBUG]: Transforming class Lnet/minecraft/world/entity/npc/VillagerTrades$DyedArmorForEmeralds;
[09:33:46] [main/DEBUG]: Transforming net/minecraft/world/entity/npc/VillagerTrades$DyedArmorForEmeralds CLASS to access PUBLIC and LEAVE
[09:33:46] [main/DEBUG]: Skipping Lnet/minecraft/world/entity/npc/VillagerProfession;
[09:33:46] [main/DEBUG]: Skipping Lnet/minecraft/world/entity/npc/VillagerDataHolder;
[09:33:46] [main/DEBUG]: Skipping Lnet/minecraft/world/entity/npc/VillagerData;
[09:33:46] [main/DEBUG]: Skipping Lnet/minecraft/world/entity/npc/Npc;
[09:33:46] [main/DEBUG]: Skipping Lnet/minecraft/world/entity/npc/InventoryCarrier;
[09:33:46] [main/DEBUG]: Skipping Lnet/minecraft/world/entity/npc/ClientSideMerchant;
[09:33:46] [main/DEBUG]: Skipping Lnet/minecraft/world/entity/npc/Villager;
[09:33:46] [main/DEBUG]: Skipping Lnet/minecraft/world/entity/npc/CatSpawner;
[09:33:46] [main/DEBUG]: Skipping Lnet/minecraft/world/entity/npc/AbstractVillager;
[09:33:46] [main/DEBUG]: Skipping Lnet/minecraft/world/entity/monster/warden/package-info;
[09:33:46] [main/DEBUG]: Skipping Lnet/minecraft/world/entity/monster/warden/WardenSpawnTracker;
[09:33:46] [main/DEBUG]: Skipping Lnet/minecraft/world/entity/monster/warden/WardenAi;
[09:33:46] [main/DEBUG]: Skipping Lnet/minecraft/world/entity/monster/warden/Warden;
[09:33:46] [main/DEBUG]: Skipping Lnet/minecraft/world/entity/monster/warden/Warden$VibrationUser;
[09:33:46] [main/DEBUG]: Skipping Lnet/minecraft/world/entity/monster/warden/Warden$2;
[09:33:46] [main/DEBUG]: Skipping Lnet/minecraft/world/entity/monster/warden/Warden$1;
[09:33:46] [main/DEBUG]: Skipping Lnet/minecraft/world/entity/monster/warden/Warden$1$1;
[09:33:46] [main/DEBUG]: Skipping Lnet/minecraft/world/entity/monster/warden/AngerManagement;
[09:33:46] [main/DEBUG]: Skipping Lnet/minecraft/world/entity/monster/warden/AngerManagement$Sorter;
[09:33:46] [main/DEBUG]: Skipping Lnet/minecraft/world/entity/monster/warden/AngerManagement$1;
[09:33:46] [main/DEBUG]: Skipping Lnet/minecraft/world/entity/monster/warden/AngerLevel;
[09:33:46] [main/DEBUG]: Skipping Lnet/minecraft/world/entity/monster/piglin/package-info;
[09:33:46] [main/DEBUG]: Skipping Lnet/minecraft/world/entity/monster/piglin/StopAdmiringIfTiredOfTryingToReachItem;
[09:33:46] [main/DEBUG]: Skipping Lnet/minecraft/world/entity/monster/piglin/StopAdmiringIfItemTooFarAway;
[09:33:46] [main/DEBUG]: Skipping Lnet/minecraft/world/entity/monster/piglin/StartHuntingHoglin;
[09:33:46] [main/DEBUG]: Skipping Lnet/minecraft/world/entity/monster/piglin/StartAdmiringItemIfSeen;
[09:33:46] [main/DEBUG]: Skipping Lnet/minecraft/world/entity/monster/piglin/RememberIfHoglinWasKilled;
[09:33:46] [main/DEBUG]: Skipping Lnet/minecraft/world/entity/monster/piglin/PiglinBruteAi;
[09:33:46] [main/DEBUG]: Skipping Lnet/minecraft/world/entity/monster/piglin/PiglinBrute;
[09:33:46] [main/DEBUG]: Skipping Lnet/minecraft/world/entity/monster/piglin/PiglinArmPose;
[09:33:46] [main/DEBUG]: Skipping Lnet/minecraft/world/entity/monster/piglin/StopHoldingItemIfNoLongerAdmiring;
[09:33:46] [main/DEBUG]: Skipping Lnet/minecraft/world/entity/monster/piglin/PiglinAi;
[09:33:46] [main/DEBUG]: Skipping Lnet/minecraft/world/entity/monster/piglin/Piglin;
[09:33:46] [main/DEBUG]: Skipping Lnet/minecraft/world/entity/monster/piglin/AbstractPiglin;
[09:33:46] [main/DEBUG]: Skipping Lnet/minecraft/world/entity/monster/package-info;
[09:33:46] [main/DEBUG]: Skipping Lnet/minecraft/world/entity/monster/hoglin/package-info;
[09:33:46] [main/DEBUG]: Skipping Lnet/minecraft/world/entity/monster/hoglin/HoglinBase;
[09:33:46] [main/DEBUG]: Skipping Lnet/minecraft/world/entity/monster/hoglin/HoglinAi;
[09:33:46] [main/DEBUG]: Skipping Lnet/minecraft/world/entity/monster/hoglin/Hoglin;
[09:33:46] [main/DEBUG]: Skipping Lnet/minecraft/world/entity/monster/breeze/package-info;
[09:33:46] [main/DEBUG]: Skipping Lnet/minecraft/world/entity/monster/breeze/Slide;
[09:33:46] [main/DEBUG]: Skipping Lnet/minecraft/world/entity/monster/breeze/ShootWhenStuck;
[09:33:46] [main/DEBUG]: Skipping Lnet/minecraft/world/entity/monster/breeze/Shoot;
[09:33:46] [main/DEBUG]: Skipping Lnet/minecraft/world/entity/monster/breeze/LongJump;
[09:33:46] [main/DEBUG]: Skipping Lnet/minecraft/world/entity/monster/breeze/BreezeUtil;
[09:33:46] [main/DEBUG]: Skipping Lnet/minecraft/world/entity/monster/breeze/BreezeAi;
[09:33:46] [main/DEBUG]: Skipping Lnet/minecraft/world/entity/monster/breeze/BreezeAi$SlideToTargetSink;
[09:33:46] [main/DEBUG]: Skipping Lnet/minecraft/world/entity/monster/breeze/Breeze;
[09:33:46] [main/DEBUG]: Skipping Lnet/minecraft/world/entity/monster/breeze/Breeze$1;
[09:33:46] [main/DEBUG]: Skipping Lnet/minecraft/world/entity/monster/ZombifiedPiglin;
[09:33:46] [main/DEBUG]: Skipping Lnet/minecraft/world/entity/monster/Zoglin;
[09:33:46] [main/DEBUG]: Transforming class Lnet/minecraft/world/entity/monster/WitherSkeleton;
[09:33:46] [main/DEBUG]: Transforming net/minecraft/world/entity/monster/WitherSkeleton METHOD m_7878_()Lnet/minecraft/sounds/SoundEvent; to access PROTECTED and LEAVE
[09:33:46] [main/DEBUG]: Skipping Lnet/minecraft/world/entity/monster/Witch;
[09:33:46] [main/DEBUG]: Skipping Lnet/minecraft/world/entity/monster/Vindicator;
[09:33:46] [main/DEBUG]: Skipping Lnet/minecraft/world/entity/monster/Vindicator$VindicatorJohnnyAttackGoal;
[09:33:46] [main/DEBUG]: Skipping Lnet/minecraft/world/entity/monster/Vindicator$VindicatorBreakDoorGoal;
[09:33:46] [main/DEBUG]: Skipping Lnet/minecraft/world/entity/monster/Vex;
[09:33:46] [main/DEBUG]: Skipping Lnet/minecraft/world/entity/monster/Vex$VexRandomMoveGoal;
[09:33:46] [main/DEBUG]: Skipping Lnet/minecraft/world/entity/monster/Vex$VexMoveControl;
[09:33:46] [main/DEBUG]: Skipping Lnet/minecraft/world/entity/monster/Vex$VexCopyOwnerTargetGoal;
[09:33:46] [main/DEBUG]: Skipping Lnet/minecraft/world/entity/monster/Vex$VexChargeAttackGoal;
[09:33:46] [main/DEBUG]: Skipping Lnet/minecraft/world/entity/monster/Strider;
[09:33:46] [main/DEBUG]: Skipping Lnet/minecraft/world/entity/monster/Strider$StriderPathNavigation;
[09:33:46] [main/DEBUG]: Skipping Lnet/minecraft/world/entity/monster/Strider$StriderGoToLavaGoal;
[09:33:46] [main/DEBUG]: Transforming class Lnet/minecraft/world/entity/monster/Stray;
[09:33:46] [main/DEBUG]: Transforming net/minecraft/world/entity/monster/Stray METHOD m_7878_()Lnet/minecraft/sounds/SoundEvent; to access PROTECTED and LEAVE
[09:33:46] [main/DEBUG]: Skipping Lnet/minecraft/world/entity/monster/SpellcasterIllager;
[09:33:46] [main/DEBUG]: Skipping Lnet/minecraft/world/entity/monster/SpellcasterIllager$SpellcasterUseSpellGoal;
[09:33:46] [main/DEBUG]: Skipping Lnet/minecraft/world/entity/monster/SpellcasterIllager$SpellcasterCastingSpellGoal;
[09:33:46] [main/DEBUG]: Skipping Lnet/minecraft/world/entity/monster/SpellcasterIllager$IllagerSpell;
[09:33:46] [main/DEBUG]: Skipping Lnet/minecraft/world/entity/monster/RangedAttackMob;
[09:33:46] [main/DEBUG]: Skipping Lnet/minecraft/world/entity/monster/Phantom;
[09:33:46] [main/DEBUG]: Skipping Lnet/minecraft/world/entity/monster/Phantom$PhantomSweepAttackGoal;
[09:33:46] [main/DEBUG]: Skipping Lnet/minecraft/world/entity/monster/Phantom$PhantomMoveTargetGoal;
[09:33:46] [main/DEBUG]: Skipping Lnet/minecraft/world/entity/monster/Phantom$PhantomMoveControl;
[09:33:46] [main/DEBUG]: Skipping Lnet/minecraft/world/entity/monster/Phantom$PhantomLookControl;
[09:33:46] [main/DEBUG]: Skipping Lnet/minecraft/world/entity/monster/Phantom$PhantomCircleAroundAnchorGoal;
[09:33:46] [main/DEBUG]: Skipping Lnet/minecraft/world/entity/monster/Phantom$PhantomBodyRotationControl;
[09:33:46] [main/DEBUG]: Skipping Lnet/minecraft/world/entity/monster/Phantom$PhantomAttackStrategyGoal;
[09:33:46] [main/DEBUG]: Skipping Lnet/minecraft/world/entity/monster/Phantom$PhantomAttackPlayerTargetGoal;
[09:33:46] [main/DEBUG]: Skipping Lnet/minecraft/world/entity/monster/Phantom$AttackPhase;
[09:33:46] [main/DEBUG]: Skipping Lnet/minecraft/world/entity/monster/PatrollingMonster;
[09:33:46] [main/DEBUG]: Skipping Lnet/minecraft/world/entity/monster/PatrollingMonster$LongDistancePatrolGoal;
[09:33:46] [main/DEBUG]: Skipping Lnet/minecraft/world/entity/monster/Guardian;
[09:33:46] [main/DEBUG]: Skipping Lnet/minecraft/world/entity/monster/Guardian$GuardianMoveControl;
[09:33:46] [main/DEBUG]: Skipping Lnet/minecraft/world/entity/monster/Guardian$GuardianAttackSelector;
[09:33:46] [main/DEBUG]: Skipping Lnet/minecraft/world/entity/monster/Guardian$GuardianAttackGoal;
[09:33:46] [main/DEBUG]: Skipping Lnet/minecraft/world/entity/monster/Giant;
[09:33:46] [main/DEBUG]: Skipping Lnet/minecraft/world/entity/monster/Ghast;
[09:33:46] [main/DEBUG]: Skipping Lnet/minecraft/world/entity/monster/Ghast$RandomFloatAroundGoal;
[09:33:46] [main/DEBUG]: Skipping Lnet/minecraft/world/entity/monster/Ghast$GhastShootFireballGoal;
[09:33:46] [main/DEBUG]: Skipping Lnet/minecraft/world/entity/monster/Ghast$GhastMoveControl;
[09:33:46] [main/DEBUG]: Skipping Lnet/minecraft/world/entity/monster/Ghast$GhastLookGoal;
[09:33:46] [main/DEBUG]: Skipping Lnet/minecraft/world/entity/monster/Enemy;
[09:33:46] [main/DEBUG]: Skipping Lnet/minecraft/world/entity/monster/Endermite;
[09:33:46] [main/DEBUG]: Skipping Lnet/minecraft/world/entity/monster/ElderGuardian;
[09:33:46] [main/DEBUG]: Skipping Lnet/minecraft/world/entity/monster/Drowned;
[09:33:46] [main/DEBUG]: Skipping Lnet/minecraft/world/entity/monster/Drowned$DrownedTridentAttackGoal;
[09:33:46] [main/DEBUG]: Skipping Lnet/minecraft/world/entity/monster/Drowned$DrownedSwimUpGoal;
[09:33:46] [main/DEBUG]: Skipping Lnet/minecraft/world/entity/monster/Drowned$DrownedMoveControl;
[09:33:46] [main/DEBUG]: Skipping Lnet/minecraft/world/entity/monster/Drowned$DrownedGoToWaterGoal;
[09:33:46] [main/DEBUG]: Skipping Lnet/minecraft/world/entity/monster/Drowned$DrownedGoToBeachGoal;
[09:33:46] [main/DEBUG]: Skipping Lnet/minecraft/world/entity/monster/Drowned$DrownedAttackGoal;
[09:33:46] [main/DEBUG]: Skipping Lnet/minecraft/world/entity/monster/Creeper;
[09:33:46] [main/DEBUG]: Skipping Lnet/minecraft/world/entity/monster/CaveSpider;
[09:33:46] [main/DEBUG]: Skipping Lnet/minecraft/world/entity/monster/Blaze;
[09:33:46] [main/DEBUG]: Skipping Lnet/minecraft/world/entity/monster/Blaze$BlazeAttackGoal;
[09:33:46] [main/DEBUG]: Skipping Lnet/minecraft/world/entity/monster/AbstractIllager;
[09:33:46] [main/DEBUG]: Skipping Lnet/minecraft/world/entity/monster/AbstractIllager$RaiderOpenDoorGoal;
[09:33:46] [main/DEBUG]: Skipping Lnet/minecraft/world/entity/monster/AbstractIllager$IllagerArmPose;
[09:33:46] [main/DEBUG]: Skipping Lnet/minecraft/world/entity/monster/ZombieVillager;
[09:33:46] [main/DEBUG]: Transforming class Lnet/minecraft/world/entity/monster/Zombie;
[09:33:46] [main/DEBUG]: Transforming net/minecraft/world/entity/monster/Zombie FIELD f_34266_ to access PROTECTED and LEAVE
[09:33:46] [main/DEBUG]: Skipping Lnet/minecraft/world/entity/monster/Zombie$ZombieGroupData;
[09:33:46] [main/DEBUG]: Skipping Lnet/minecraft/world/entity/monster/Zombie$ZombieAttackTurtleEggGoal;
[09:33:46] [main/DEBUG]: Skipping Lnet/minecraft/world/entity/monster/Spider;
[09:33:46] [main/DEBUG]: Skipping Lnet/minecraft/world/entity/monster/Spider$SpiderTargetGoal;
[09:33:46] [main/DEBUG]: Skipping Lnet/minecraft/world/entity/monster/Spider$SpiderEffectsGroupData;
[09:33:46] [main/DEBUG]: Skipping Lnet/minecraft/world/entity/monster/Spider$SpiderAttackGoal;
[09:33:46] [main/DEBUG]: Skipping Lnet/minecraft/world/entity/monster/Slime;
[09:33:46] [main/DEBUG]: Skipping Lnet/minecraft/world/entity/monster/Slime$SlimeRandomDirectionGoal;
[09:33:46] [main/DEBUG]: Skipping Lnet/minecraft/world/entity/monster/Slime$SlimeMoveControl;
[09:33:46] [main/DEBUG]: Skipping Lnet/minecraft/world/entity/monster/Slime$SlimeKeepOnJumpingGoal;
[09:33:46] [main/DEBUG]: Skipping Lnet/minecraft/world/entity/monster/Slime$SlimeFloatGoal;
[09:33:46] [main/DEBUG]: Skipping Lnet/minecraft/world/entity/monster/Slime$SlimeAttackGoal;
[09:33:46] [main/DEBUG]: Transforming class Lnet/minecraft/world/entity/monster/Skeleton;
[09:33:46] [main/DEBUG]: Transforming net/minecraft/world/entity/monster/Skeleton METHOD m_7878_()Lnet/minecraft/sounds/SoundEvent; to access PROTECTED and LEAVE
[09:33:46] [main/DEBUG]: Skipping Lnet/minecraft/world/entity/monster/Silverfish;
[09:33:46] [main/DEBUG]: Skipping Lnet/minecraft/world/entity/monster/Silverfish$SilverfishWakeUpFriendsGoal;
[09:33:46] [main/DEBUG]: Skipping Lnet/minecraft/world/entity/monster/Silverfish$SilverfishMergeWithStoneGoal;
[09:33:46] [main/DEBUG]: Skipping Lnet/minecraft/world/entity/monster/Shulker;
[09:33:46] [main/DEBUG]: Skipping Lnet/minecraft/world/entity/monster/Shulker$ShulkerPeekGoal;
[09:33:46] [main/DEBUG]: Skipping Lnet/minecraft/world/entity/monster/Shulker$ShulkerNearestAttackGoal;
[09:33:46] [main/DEBUG]: Skipping Lnet/minecraft/world/entity/monster/Shulker$ShulkerLookControl;
[09:33:46] [main/DEBUG]: Skipping Lnet/minecraft/world/entity/monster/Shulker$ShulkerDefenseAttackGoal;
[09:33:46] [main/DEBUG]: Skipping Lnet/minecraft/world/entity/monster/Shulker$ShulkerBodyRotationControl;
[09:33:46] [main/DEBUG]: Skipping Lnet/minecraft/world/entity/monster/Shulker$ShulkerAttackGoal;
[09:33:46] [main/DEBUG]: Skipping Lnet/minecraft/world/entity/monster/Ravager;
[09:33:46] [main/DEBUG]: Skipping Lnet/minecraft/world/entity/monster/Pillager;
[09:33:46] [main/DEBUG]: Skipping Lnet/minecraft/world/entity/monster/Monster;
[09:33:46] [main/DEBUG]: Skipping Lnet/minecraft/world/entity/monster/MagmaCube;
[09:33:46] [main/DEBUG]: Skipping Lnet/minecraft/world/entity/monster/Illusioner;
[09:33:46] [main/DEBUG]: Skipping Lnet/minecraft/world/entity/monster/Illusioner$IllusionerMirrorSpellGoal;
[09:33:46] [main/DEBUG]: Skipping Lnet/minecraft/world/entity/monster/Illusioner$IllusionerBlindnessSpellGoal;
[09:33:46] [main/DEBUG]: Skipping Lnet/minecraft/world/entity/monster/Husk;
[09:33:46] [main/DEBUG]: Skipping Lnet/minecraft/world/entity/monster/Evoker;
[09:33:46] [main/DEBUG]: Skipping Lnet/minecraft/world/entity/monster/Evoker$EvokerWololoSpellGoal;
[09:33:46] [main/DEBUG]: Skipping Lnet/minecraft/world/entity/monster/Evoker$EvokerSummonSpellGoal;
[09:33:46] [main/DEBUG]: Skipping Lnet/minecraft/world/entity/monster/Evoker$EvokerCastingSpellGoal;
[09:33:46] [main/DEBUG]: Skipping Lnet/minecraft/world/entity/monster/Evoker$EvokerAttackSpellGoal;
[09:33:46] [main/DEBUG]: Skipping Lnet/minecraft/world/entity/monster/EnderMan;
[09:33:46] [main/DEBUG]: Skipping Lnet/minecraft/world/entity/monster/EnderMan$EndermanTakeBlockGoal;
[09:33:46] [main/DEBUG]: Skipping Lnet/minecraft/world/entity/monster/EnderMan$EndermanLookForPlayerGoal;
[09:33:46] [main/DEBUG]: Skipping Lnet/minecraft/world/entity/monster/EnderMan$EndermanLeaveBlockGoal;
[09:33:46] [main/DEBUG]: Skipping Lnet/minecraft/world/entity/monster/EnderMan$EndermanFreezeWhenLookedAt;
[09:33:46] [main/DEBUG]: Skipping Lnet/minecraft/world/entity/monster/CrossbowAttackMob;
[09:33:46] [main/DEBUG]: Skipping Lnet/minecraft/world/entity/monster/Bogged;
[09:33:46] [main/DEBUG]: Transforming class Lnet/minecraft/world/entity/monster/AbstractSkeleton;
[09:33:46] [main/DEBUG]: Transforming net/minecraft/world/entity/monster/AbstractSkeleton METHOD m_7878_()Lnet/minecraft/sounds/SoundEvent; to access PROTECTED and LEAVE
[09:33:46] [main/DEBUG]: Skipping Lnet/minecraft/world/entity/monster/AbstractSkeleton$1;
[09:33:46] [main/DEBUG]: Skipping Lnet/minecraft/world/entity/item/package-info;
[09:33:46] [main/DEBUG]: Transforming class Lnet/minecraft/world/entity/item/PrimedTnt;
[09:33:46] [main/DEBUG]: Transforming net/minecraft/world/entity/item/PrimedTnt METHOD m_32103_()V to access PROTECTED and LEAVE
[09:33:46] [main/DEBUG]: Skipping Lnet/minecraft/world/entity/item/PrimedTnt$1;
[09:33:46] [main/DEBUG]: Skipping Lnet/minecraft/world/entity/item/ItemEntity;
[09:33:46] [main/DEBUG]: Skipping Lnet/minecraft/world/entity/item/FallingBlockEntity;
[09:33:46] [main/DEBUG]: Skipping Lnet/minecraft/world/entity/decoration/package-info;
[09:33:46] [main/DEBUG]: Skipping Lnet/minecraft/world/entity/decoration/PaintingVariants;
[09:33:46] [main/DEBUG]: Skipping Lnet/minecraft/world/entity/decoration/PaintingVariant;
[09:33:46] [main/DEBUG]: Skipping Lnet/minecraft/world/entity/decoration/Painting;
[09:33:46] [main/DEBUG]: Skipping Lnet/minecraft/world/entity/decoration/LeashFenceKnotEntity;
[09:33:46] [main/DEBUG]: Skipping Lnet/minecraft/world/entity/decoration/ItemFrame;
[09:33:46] [main/DEBUG]: Skipping Lnet/minecraft/world/entity/decoration/GlowItemFrame;
[09:33:46] [main/DEBUG]: Skipping Lnet/minecraft/world/entity/decoration/BlockAttachedEntity;
[09:33:46] [main/DEBUG]: Skipping Lnet/minecraft/world/entity/decoration/HangingEntity;
[09:33:46] [main/DEBUG]: Skipping Lnet/minecraft/world/entity/decoration/HangingEntity$1;
[09:33:46] [main/DEBUG]: Skipping Lnet/minecraft/world/entity/decoration/ArmorStand;
[09:33:46] [main/DEBUG]: Skipping Lnet/minecraft/world/entity/decoration/ArmorStand$1;
[09:33:46] [main/DEBUG]: Skipping Lnet/minecraft/world/entity/boss/wither/package-info;
[09:33:46] [main/DEBUG]: Skipping Lnet/minecraft/world/entity/boss/wither/WitherBoss;
[09:33:46] [main/DEBUG]: Skipping Lnet/minecraft/world/entity/boss/wither/WitherBoss$WitherDoNothingGoal;
[09:33:46] [main/DEBUG]: Skipping Lnet/minecraft/world/entity/boss/package-info;
[09:33:46] [main/DEBUG]: Skipping Lnet/minecraft/world/entity/boss/enderdragon/phases/package-info;
[09:33:46] [main/DEBUG]: Skipping Lnet/minecraft/world/entity/boss/enderdragon/phases/EnderDragonPhaseManager;
[09:33:46] [main/DEBUG]: Skipping Lnet/minecraft/world/entity/boss/enderdragon/phases/EnderDragonPhase;
[09:33:46] [main/DEBUG]: Skipping Lnet/minecraft/world/entity/boss/enderdragon/phases/DragonTakeoffPhase;
[09:33:46] [main/DEBUG]: Skipping Lnet/minecraft/world/entity/boss/enderdragon/phases/DragonStrafePlayerPhase;
[09:33:46] [main/DEBUG]: Skipping Lnet/minecraft/world/entity/boss/enderdragon/phases/DragonSittingScanningPhase;
[09:33:46] [main/DEBUG]: Skipping Lnet/minecraft/world/entity/boss/enderdragon/phases/DragonSittingFlamingPhase;
[09:33:46] [main/DEBUG]: Skipping Lnet/minecraft/world/entity/boss/enderdragon/phases/DragonSittingAttackingPhase;
[09:33:46] [main/DEBUG]: Skipping Lnet/minecraft/world/entity/boss/enderdragon/phases/DragonPhaseInstance;
[09:33:46] [main/DEBUG]: Skipping Lnet/minecraft/world/entity/boss/enderdragon/phases/DragonLandingPhase;
[09:33:46] [main/DEBUG]: Skipping Lnet/minecraft/world/entity/boss/enderdragon/phases/DragonLandingApproachPhase;
[09:33:46] [main/DEBUG]: Skipping Lnet/minecraft/world/entity/boss/enderdragon/phases/DragonHoverPhase;
[09:33:46] [main/DEBUG]: Skipping Lnet/minecraft/world/entity/boss/enderdragon/phases/DragonHoldingPatternPhase;
[09:33:46] [main/DEBUG]: Skipping Lnet/minecraft/world/entity/boss/enderdragon/phases/DragonDeathPhase;
[09:33:46] [main/DEBUG]: Skipping Lnet/minecraft/world/entity/boss/enderdragon/phases/DragonChargePlayerPhase;
[09:33:46] [main/DEBUG]: Skipping Lnet/minecraft/world/entity/boss/enderdragon/phases/AbstractDragonSittingPhase;
[09:33:46] [main/DEBUG]: Skipping Lnet/minecraft/world/entity/boss/enderdragon/phases/AbstractDragonPhaseInstance;
[09:33:46] [main/DEBUG]: Skipping Lnet/minecraft/world/entity/boss/enderdragon/package-info;
[09:33:46] [main/DEBUG]: Skipping Lnet/minecraft/world/entity/boss/enderdragon/EndCrystal;
[09:33:46] [main/DEBUG]: Skipping Lnet/minecraft/world/entity/boss/enderdragon/EnderDragon;
[09:33:46] [main/DEBUG]: Skipping Lnet/minecraft/world/entity/boss/EnderDragonPart;
[09:33:46] [main/DEBUG]: Skipping Lnet/minecraft/world/entity/animal/sniffer/package-info;
[09:33:46] [main/DEBUG]: Skipping Lnet/minecraft/world/entity/animal/sniffer/SnifferAi;
[09:33:46] [main/DEBUG]: Skipping Lnet/minecraft/world/entity/animal/sniffer/SnifferAi$Sniffing;
[09:33:46] [main/DEBUG]: Skipping Lnet/minecraft/world/entity/animal/sniffer/SnifferAi$Searching;
[09:33:46] [main/DEBUG]: Skipping Lnet/minecraft/world/entity/animal/sniffer/SnifferAi$Scenting;
[09:33:46] [main/DEBUG]: Skipping Lnet/minecraft/world/entity/animal/sniffer/SnifferAi$FinishedDigging;
[09:33:46] [main/DEBUG]: Skipping Lnet/minecraft/world/entity/animal/sniffer/SnifferAi$FeelingHappy;
[09:33:46] [main/DEBUG]: Skipping Lnet/minecraft/world/entity/animal/sniffer/SnifferAi$Digging;
[09:33:46] [main/DEBUG]: Skipping Lnet/minecraft/world/entity/animal/sniffer/SnifferAi$3;
[09:33:46] [main/DEBUG]: Skipping Lnet/minecraft/world/entity/animal/sniffer/SnifferAi$2;
[09:33:46] [main/DEBUG]: Skipping Lnet/minecraft/world/entity/animal/sniffer/SnifferAi$1;
[09:33:46] [main/DEBUG]: Skipping Lnet/minecraft/world/entity/animal/sniffer/Sniffer;
[09:33:46] [main/DEBUG]: Skipping Lnet/minecraft/world/entity/animal/sniffer/Sniffer$State;
[09:33:46] [main/DEBUG]: Skipping Lnet/minecraft/world/entity/animal/package-info;
[09:33:46] [main/DEBUG]: Skipping Lnet/minecraft/world/entity/animal/horse/package-info;
[09:33:46] [main/DEBUG]: Skipping Lnet/minecraft/world/entity/animal/horse/ZombieHorse;
[09:33:46] [main/DEBUG]: Skipping Lnet/minecraft/world/entity/animal/horse/Variant;
[09:33:46] [main/DEBUG]: Skipping Lnet/minecraft/world/entity/animal/horse/TraderLlama;
[09:33:46] [main/DEBUG]: Skipping Lnet/minecraft/world/entity/animal/horse/TraderLlama$TraderLlamaDefendWanderingTraderGoal;
[09:33:46] [main/DEBUG]: Skipping Lnet/minecraft/world/entity/animal/horse/SkeletonHorse;
[09:33:46] [main/DEBUG]: Skipping Lnet/minecraft/world/entity/animal/horse/Mule;
[09:33:46] [main/DEBUG]: Skipping Lnet/minecraft/world/entity/animal/horse/Markings;
[09:33:46] [main/DEBUG]: Skipping Lnet/minecraft/world/entity/animal/horse/Horse;
[09:33:46] [main/DEBUG]: Skipping Lnet/minecraft/world/entity/animal/horse/Horse$HorseGroupData;
[09:33:46] [main/DEBUG]: Skipping Lnet/minecraft/world/entity/animal/horse/Donkey;
[09:33:46] [main/DEBUG]: Skipping Lnet/minecraft/world/entity/animal/horse/AbstractChestedHorse;
[09:33:46] [main/DEBUG]: Skipping Lnet/minecraft/world/entity/animal/horse/AbstractChestedHorse$1;
[09:33:46] [main/DEBUG]: Skipping Lnet/minecraft/world/entity/animal/horse/SkeletonTrapGoal;
[09:33:46] [main/DEBUG]: Skipping Lnet/minecraft/world/entity/animal/horse/Llama;
[09:33:46] [main/DEBUG]: Skipping Lnet/minecraft/world/entity/animal/horse/Llama$Variant;
[09:33:46] [main/DEBUG]: Skipping Lnet/minecraft/world/entity/animal/horse/Llama$LlamaHurtByTargetGoal;
[09:33:46] [main/DEBUG]: Skipping Lnet/minecraft/world/entity/animal/horse/Llama$LlamaGroupData;
[09:33:46] [main/DEBUG]: Skipping Lnet/minecraft/world/entity/animal/horse/Llama$LlamaAttackWolfGoal;
[09:33:46] [main/DEBUG]: Skipping Lnet/minecraft/world/entity/animal/horse/AbstractHorse;
[09:33:46] [main/DEBUG]: Skipping Lnet/minecraft/world/entity/animal/horse/AbstractHorse$2;
[09:33:46] [main/DEBUG]: Skipping Lnet/minecraft/world/entity/animal/horse/AbstractHorse$1;
[09:33:46] [main/DEBUG]: Skipping Lnet/minecraft/world/entity/animal/goat/package-info;
[09:33:46] [main/DEBUG]: Skipping Lnet/minecraft/world/entity/animal/goat/GoatAi;
[09:33:46] [main/DEBUG]: Skipping Lnet/minecraft/world/entity/animal/goat/Goat;
[09:33:46] [main/DEBUG]: Skipping Lnet/minecraft/world/entity/animal/frog/package-info;
[09:33:46] [main/DEBUG]: Skipping Lnet/minecraft/world/entity/animal/frog/TadpoleAi;
[09:33:46] [main/DEBUG]: Skipping Lnet/minecraft/world/entity/animal/frog/ShootTongue;
[09:33:46] [main/DEBUG]: Skipping Lnet/minecraft/world/entity/animal/frog/ShootTongue$State;
[09:33:46] [main/DEBUG]: Skipping Lnet/minecraft/world/entity/animal/frog/FrogAi;
[09:33:46] [main/DEBUG]: Skipping Lnet/minecraft/world/entity/animal/frog/Frog;
[09:33:46] [main/DEBUG]: Skipping Lnet/minecraft/world/entity/animal/frog/Frog$FrogPathNavigation;
[09:33:46] [main/DEBUG]: Skipping Lnet/minecraft/world/entity/animal/frog/Frog$FrogNodeEvaluator;
[09:33:46] [main/DEBUG]: Skipping Lnet/minecraft/world/entity/animal/frog/Frog$FrogLookControl;
[09:33:46] [main/DEBUG]: Skipping Lnet/minecraft/world/entity/animal/frog/Tadpole;
[09:33:46] [main/DEBUG]: Skipping Lnet/minecraft/world/entity/animal/camel/package-info;
[09:33:46] [main/DEBUG]: Skipping Lnet/minecraft/world/entity/animal/camel/CamelAi;
[09:33:46] [main/DEBUG]: Skipping Lnet/minecraft/world/entity/animal/camel/CamelAi$RandomSitting;
[09:33:46] [main/DEBUG]: Skipping Lnet/minecraft/world/entity/animal/camel/CamelAi$CamelPanic;
[09:33:46] [main/DEBUG]: Skipping Lnet/minecraft/world/entity/animal/camel/Camel;
[09:33:46] [main/DEBUG]: Skipping Lnet/minecraft/world/entity/animal/camel/Camel$CamelMoveControl;
[09:33:46] [main/DEBUG]: Skipping Lnet/minecraft/world/entity/animal/camel/Camel$CamelLookControl;
[09:33:46] [main/DEBUG]: Skipping Lnet/minecraft/world/entity/animal/camel/Camel$CamelBodyRotationControl;
[09:33:46] [main/DEBUG]: Skipping Lnet/minecraft/world/entity/animal/axolotl/package-info;
[09:33:46] [main/DEBUG]: Skipping Lnet/minecraft/world/entity/animal/axolotl/ValidatePlayDead;
[09:33:46] [main/DEBUG]: Skipping Lnet/minecraft/world/entity/animal/axolotl/PlayDead;
[09:33:46] [main/DEBUG]: Skipping Lnet/minecraft/world/entity/animal/axolotl/AxolotlAi;
[09:33:46] [main/DEBUG]: Skipping Lnet/minecraft/world/entity/animal/axolotl/Axolotl;
[09:33:46] [main/DEBUG]: Skipping Lnet/minecraft/world/entity/animal/axolotl/Axolotl$Variant;
[09:33:46] [main/DEBUG]: Skipping Lnet/minecraft/world/entity/animal/axolotl/Axolotl$AxolotlMoveControl;
[09:33:46] [main/DEBUG]: Skipping Lnet/minecraft/world/entity/animal/axolotl/Axolotl$AxolotlLookControl;
[09:33:46] [main/DEBUG]: Skipping Lnet/minecraft/world/entity/animal/axolotl/Axolotl$AxolotlGroupData;
[09:33:46] [main/DEBUG]: Skipping Lnet/minecraft/world/entity/animal/armadillo/package-info;
[09:33:46] [main/DEBUG]: Skipping Lnet/minecraft/world/entity/animal/armadillo/ArmadilloAi;
[09:33:46] [main/DEBUG]: Skipping Lnet/minecraft/world/entity/animal/armadillo/ArmadilloAi$ArmadilloPanic;
[09:33:46] [main/DEBUG]: Skipping Lnet/minecraft/world/entity/animal/armadillo/ArmadilloAi$ArmadilloBallUp;
[09:33:46] [main/DEBUG]: Skipping Lnet/minecraft/world/entity/animal/armadillo/ArmadilloAi$1;
[09:33:46] [main/DEBUG]: Skipping Lnet/minecraft/world/entity/animal/armadillo/Armadillo;
[09:33:46] [main/DEBUG]: Skipping Lnet/minecraft/world/entity/animal/armadillo/Armadillo$ArmadilloState;
[09:33:46] [main/DEBUG]: Skipping Lnet/minecraft/world/entity/animal/armadillo/Armadillo$ArmadilloState$4;
[09:33:46] [main/DEBUG]: Skipping Lnet/minecraft/world/entity/animal/armadillo/Armadillo$ArmadilloState$3;
[09:33:46] [main/DEBUG]: Skipping Lnet/minecraft/world/entity/animal/armadillo/Armadillo$ArmadilloState$2;
[09:33:46] [main/DEBUG]: Skipping Lnet/minecraft/world/entity/animal/armadillo/Armadillo$ArmadilloState$1;
[09:33:46] [main/DEBUG]: Skipping Lnet/minecraft/world/entity/animal/armadillo/Armadillo$1;
[09:33:46] [main/DEBUG]: Skipping Lnet/minecraft/world/entity/animal/allay/package-info;
[09:33:46] [main/DEBUG]: Skipping Lnet/minecraft/world/entity/animal/allay/AllayAi;
[09:33:46] [main/DEBUG]: Skipping Lnet/minecraft/world/entity/animal/allay/Allay;
[09:33:46] [main/DEBUG]: Skipping Lnet/minecraft/world/entity/animal/allay/Allay$VibrationUser;
[09:33:46] [main/DEBUG]: Skipping Lnet/minecraft/world/entity/animal/allay/Allay$JukeboxListener;
[09:33:46] [main/DEBUG]: Skipping Lnet/minecraft/world/entity/animal/WolfVariants;
[09:33:46] [main/DEBUG]: Skipping Lnet/minecraft/world/entity/animal/WolfVariant;
[09:33:46] [main/DEBUG]: Skipping Lnet/minecraft/world/entity/animal/WaterAnimal;
[09:33:46] [main/DEBUG]: Skipping Lnet/minecraft/world/entity/animal/Turtle;
[09:33:46] [main/DEBUG]: Skipping Lnet/minecraft/world/entity/animal/Turtle$TurtleTravelGoal;
[09:33:46] [main/DEBUG]: Skipping Lnet/minecraft/world/entity/animal/Turtle$TurtleRandomStrollGoal;
[09:33:46] [main/DEBUG]: Skipping Lnet/minecraft/world/entity/animal/Turtle$TurtlePathNavigation;
[09:33:46] [main/DEBUG]: Skipping Lnet/minecraft/world/entity/animal/Turtle$TurtlePanicGoal;
[09:33:46] [main/DEBUG]: Skipping Lnet/minecraft/world/entity/animal/Turtle$TurtleMoveControl;
[09:33:46] [main/DEBUG]: Skipping Lnet/minecraft/world/entity/animal/Turtle$TurtleLayEggGoal;
[09:33:46] [main/DEBUG]: Skipping Lnet/minecraft/world/entity/animal/Turtle$TurtleGoToWaterGoal;
[09:33:46] [main/DEBUG]: Skipping Lnet/minecraft/world/entity/animal/Turtle$TurtleGoHomeGoal;
[09:33:46] [main/DEBUG]: Skipping Lnet/minecraft/world/entity/animal/Turtle$TurtleBreedGoal;
[09:33:46] [main/DEBUG]: Skipping Lnet/minecraft/world/entity/animal/TropicalFish;
[09:33:46] [main/DEBUG]: Skipping Lnet/minecraft/world/entity/animal/TropicalFish$Variant;
[09:33:46] [main/DEBUG]: Skipping Lnet/minecraft/world/entity/animal/TropicalFish$TropicalFishGroupData;
[09:33:46] [main/DEBUG]: Skipping Lnet/minecraft/world/entity/animal/TropicalFish$Pattern;
[09:33:46] [main/DEBUG]: Skipping Lnet/minecraft/world/entity/animal/TropicalFish$Base;
[09:33:46] [main/DEBUG]: Skipping Lnet/minecraft/world/entity/animal/Squid;
[09:33:46] [main/DEBUG]: Skipping Lnet/minecraft/world/entity/animal/Squid$SquidRandomMovementGoal;
[09:33:46] [main/DEBUG]: Skipping Lnet/minecraft/world/entity/animal/Squid$SquidFleeGoal;
[09:33:46] [main/DEBUG]: Skipping Lnet/minecraft/world/entity/animal/ShoulderRidingEntity;
[09:33:46] [main/DEBUG]: Skipping Lnet/minecraft/world/entity/animal/Salmon;
[09:33:46] [main/DEBUG]: Skipping Lnet/minecraft/world/entity/animal/Pufferfish;
[09:33:46] [main/DEBUG]: Skipping Lnet/minecraft/world/entity/animal/Pufferfish$PufferfishPuffGoal;
[09:33:46] [main/DEBUG]: Skipping Lnet/minecraft/world/entity/animal/PolarBear;
[09:33:46] [main/DEBUG]: Skipping Lnet/minecraft/world/entity/animal/PolarBear$PolarBearMeleeAttackGoal;
[09:33:46] [main/DEBUG]: Skipping Lnet/minecraft/world/entity/animal/PolarBear$PolarBearHurtByTargetGoal;
[09:33:46] [main/DEBUG]: Skipping Lnet/minecraft/world/entity/animal/PolarBear$PolarBearAttackPlayersGoal;
[09:33:46] [main/DEBUG]: Skipping Lnet/minecraft/world/entity/animal/Panda;
[09:33:46] [main/DEBUG]: Skipping Lnet/minecraft/world/entity/animal/Panda$PandaSneezeGoal;
[09:33:46] [main/DEBUG]: Skipping Lnet/minecraft/world/entity/animal/Panda$PandaSitGoal;
[09:33:46] [main/DEBUG]: Skipping Lnet/minecraft/world/entity/animal/Panda$PandaRollGoal;
[09:33:46] [main/DEBUG]: Skipping Lnet/minecraft/world/entity/animal/Panda$PandaPanicGoal;
[09:33:46] [main/DEBUG]: Skipping Lnet/minecraft/world/entity/animal/Panda$PandaMoveControl;
[09:33:46] [main/DEBUG]: Skipping Lnet/minecraft/world/entity/animal/Panda$PandaLookAtPlayerGoal;
[09:33:46] [main/DEBUG]: Skipping Lnet/minecraft/world/entity/animal/Panda$PandaLieOnBackGoal;
[09:33:46] [main/DEBUG]: Skipping Lnet/minecraft/world/entity/animal/Panda$PandaHurtByTargetGoal;
[09:33:46] [main/DEBUG]: Skipping Lnet/minecraft/world/entity/animal/Panda$PandaBreedGoal;
[09:33:46] [main/DEBUG]: Skipping Lnet/minecraft/world/entity/animal/Panda$PandaAvoidGoal;
[09:33:46] [main/DEBUG]: Skipping Lnet/minecraft/world/entity/animal/Panda$PandaAttackGoal;
[09:33:46] [main/DEBUG]: Skipping Lnet/minecraft/world/entity/animal/Panda$Gene;
[09:33:46] [main/DEBUG]: Skipping Lnet/minecraft/world/entity/animal/IronGolem;
[09:33:46] [main/DEBUG]: Skipping Lnet/minecraft/world/entity/animal/FrogVariant;
[09:33:46] [main/DEBUG]: Skipping Lnet/minecraft/world/entity/animal/FlyingAnimal;
[09:33:46] [main/DEBUG]: Skipping Lnet/minecraft/world/entity/animal/Dolphin;
[09:33:46] [main/DEBUG]: Skipping Lnet/minecraft/world/entity/animal/Dolphin$PlayWithItemsGoal;
[09:33:46] [main/DEBUG]: Skipping Lnet/minecraft/world/entity/animal/Dolphin$DolphinSwimWithPlayerGoal;
[09:33:46] [main/DEBUG]: Skipping Lnet/minecraft/world/entity/animal/Dolphin$DolphinSwimToTreasureGoal;
[09:33:46] [main/DEBUG]: Skipping Lnet/minecraft/world/entity/animal/Cow;
[09:33:46] [main/DEBUG]: Skipping Lnet/minecraft/world/entity/animal/Cod;
[09:33:46] [main/DEBUG]: Skipping Lnet/minecraft/world/entity/animal/Chicken;
[09:33:46] [main/DEBUG]: Skipping Lnet/minecraft/world/entity/animal/CatVariant;
[09:33:46] [main/DEBUG]: Skipping Lnet/minecraft/world/entity/animal/Bucketable;
[09:33:46] [main/DEBUG]: Skipping Lnet/minecraft/world/entity/animal/AbstractSchoolingFish;
[09:33:46] [main/DEBUG]: Skipping Lnet/minecraft/world/entity/animal/AbstractSchoolingFish$SchoolSpawnGroupData;
[09:33:46] [main/DEBUG]: Skipping Lnet/minecraft/world/entity/animal/AbstractGolem;
[09:33:46] [main/DEBUG]: Skipping Lnet/minecraft/world/entity/animal/AbstractFish;
[09:33:46] [main/DEBUG]: Skipping Lnet/minecraft/world/entity/animal/AbstractFish$FishSwimGoal;
[09:33:46] [main/DEBUG]: Skipping Lnet/minecraft/world/entity/animal/AbstractFish$FishMoveControl;
[09:33:46] [main/DEBUG]: Skipping Lnet/minecraft/world/entity/animal/Wolf;
[09:33:46] [main/DEBUG]: Skipping Lnet/minecraft/world/entity/animal/Wolf$WolfPackData;
[09:33:46] [main/DEBUG]: Skipping Lnet/minecraft/world/entity/animal/Wolf$WolfAvoidEntityGoal;
[09:33:46] [main/DEBUG]: Skipping Lnet/minecraft/world/entity/animal/SnowGolem;
[09:33:46] [main/DEBUG]: Skipping Lnet/minecraft/world/entity/animal/Sheep;
[09:33:46] [main/DEBUG]: Skipping Lnet/minecraft/world/entity/animal/Sheep$1;
[09:33:46] [main/DEBUG]: Skipping Lnet/minecraft/world/entity/animal/Rabbit;
[09:33:46] [main/DEBUG]: Skipping Lnet/minecraft/world/entity/animal/Rabbit$Variant;
[09:33:46] [main/DEBUG]: Skipping Lnet/minecraft/world/entity/animal/Rabbit$RaidGardenGoal;
[09:33:46] [main/DEBUG]: Skipping Lnet/minecraft/world/entity/animal/Rabbit$RabbitPanicGoal;
[09:33:46] [main/DEBUG]: Skipping Lnet/minecraft/world/entity/animal/Rabbit$RabbitMoveControl;
[09:33:46] [main/DEBUG]: Skipping Lnet/minecraft/world/entity/animal/Rabbit$RabbitJumpControl;
[09:33:46] [main/DEBUG]: Skipping Lnet/minecraft/world/entity/animal/Rabbit$RabbitGroupData;
[09:33:46] [main/DEBUG]: Skipping Lnet/minecraft/world/entity/animal/Rabbit$RabbitAvoidEntityGoal;
[09:33:46] [main/DEBUG]: Skipping Lnet/minecraft/world/entity/animal/Pig;
[09:33:46] [main/DEBUG]: Skipping Lnet/minecraft/world/entity/animal/Parrot;
[09:33:46] [main/DEBUG]: Skipping Lnet/minecraft/world/entity/animal/Parrot$Variant;
[09:33:46] [main/DEBUG]: Skipping Lnet/minecraft/world/entity/animal/Parrot$ParrotWanderGoal;
[09:33:46] [main/DEBUG]: Skipping Lnet/minecraft/world/entity/animal/Parrot$1;
[09:33:46] [main/DEBUG]: Skipping Lnet/minecraft/world/entity/animal/Ocelot;
[09:33:46] [main/DEBUG]: Skipping Lnet/minecraft/world/entity/animal/Ocelot$OcelotTemptGoal;
[09:33:46] [main/DEBUG]: Skipping Lnet/minecraft/world/entity/animal/Ocelot$OcelotAvoidEntityGoal;
[09:33:46] [main/DEBUG]: Skipping Lnet/minecraft/world/entity/animal/MushroomCow;
[09:33:46] [main/DEBUG]: Skipping Lnet/minecraft/world/entity/animal/MushroomCow$MushroomType;
[09:33:46] [main/DEBUG]: Skipping Lnet/minecraft/world/entity/animal/Fox;
[09:33:46] [main/DEBUG]: Skipping Lnet/minecraft/world/entity/animal/Fox$Type;
[09:33:46] [main/DEBUG]: Skipping Lnet/minecraft/world/entity/animal/Fox$StalkPreyGoal;
[09:33:46] [main/DEBUG]: Skipping Lnet/minecraft/world/entity/animal/Fox$SleepGoal;
[09:33:46] [main/DEBUG]: Skipping Lnet/minecraft/world/entity/animal/Fox$SeekShelterGoal;
[09:33:46] [main/DEBUG]: Skipping Lnet/minecraft/world/entity/animal/Fox$PerchAndSearchGoal;
[09:33:46] [main/DEBUG]: Skipping Lnet/minecraft/world/entity/animal/Fox$FoxStrollThroughVillageGoal;
[09:33:46] [main/DEBUG]: Skipping Lnet/minecraft/world/entity/animal/Fox$FoxSearchForItemsGoal;
[09:33:46] [main/DEBUG]: Skipping Lnet/minecraft/world/entity/animal/Fox$FoxPounceGoal;
[09:33:46] [main/DEBUG]: Skipping Lnet/minecraft/world/entity/animal/Fox$FoxPanicGoal;
[09:33:46] [main/DEBUG]: Skipping Lnet/minecraft/world/entity/animal/Fox$FoxMoveControl;
[09:33:46] [main/DEBUG]: Skipping Lnet/minecraft/world/entity/animal/Fox$FoxMeleeAttackGoal;
[09:33:46] [main/DEBUG]: Skipping Lnet/minecraft/world/entity/animal/Fox$FoxLookControl;
[09:33:46] [main/DEBUG]: Skipping Lnet/minecraft/world/entity/animal/Fox$FoxLookAtPlayerGoal;
[09:33:46] [main/DEBUG]: Skipping Lnet/minecraft/world/entity/animal/Fox$FoxGroupData;
[09:33:46] [main/DEBUG]: Skipping Lnet/minecraft/world/entity/animal/Fox$FoxFollowParentGoal;
[09:33:46] [main/DEBUG]: Skipping Lnet/minecraft/world/entity/animal/Fox$FoxFloatGoal;
[09:33:46] [main/DEBUG]: Skipping Lnet/minecraft/world/entity/animal/Fox$FoxEatBerriesGoal;
[09:33:46] [main/DEBUG]: Skipping Lnet/minecraft/world/entity/animal/Fox$FoxBreedGoal;
[09:33:46] [main/DEBUG]: Skipping Lnet/minecraft/world/entity/animal/Fox$FoxBehaviorGoal;
[09:33:46] [main/DEBUG]: Skipping Lnet/minecraft/world/entity/animal/Fox$FoxAlertableEntitiesSelector;
[09:33:46] [main/DEBUG]: Skipping Lnet/minecraft/world/entity/animal/Fox$FaceplantGoal;
[09:33:46] [main/DEBUG]: Skipping Lnet/minecraft/world/entity/animal/Fox$DefendTrustedTargetGoal;
[09:33:46] [main/DEBUG]: Skipping Lnet/minecraft/world/entity/animal/Cat;
[09:33:46] [main/DEBUG]: Skipping Lnet/minecraft/world/entity/animal/Cat$CatTemptGoal;
[09:33:46] [main/DEBUG]: Skipping Lnet/minecraft/world/entity/animal/Cat$CatRelaxOnOwnerGoal;
[09:33:46] [main/DEBUG]: Skipping Lnet/minecraft/world/entity/animal/Cat$CatAvoidEntityGoal;
[09:33:46] [main/DEBUG]: Skipping Lnet/minecraft/world/entity/animal/Bee;
[09:33:46] [main/DEBUG]: Skipping Lnet/minecraft/world/entity/animal/Bee$BeeWanderGoal;
[09:33:46] [main/DEBUG]: Skipping Lnet/minecraft/world/entity/animal/Bee$BeePollinateGoal;
[09:33:46] [main/DEBUG]: Skipping Lnet/minecraft/world/entity/animal/Bee$BeeLookControl;
[09:33:46] [main/DEBUG]: Skipping Lnet/minecraft/world/entity/animal/Bee$BeeLocateHiveGoal;
[09:33:46] [main/DEBUG]: Skipping Lnet/minecraft/world/entity/animal/Bee$BeeHurtByOtherGoal;
[09:33:46] [main/DEBUG]: Skipping Lnet/minecraft/world/entity/animal/Bee$BeeGrowCropGoal;
[09:33:46] [main/DEBUG]: Skipping Lnet/minecraft/world/entity/animal/Bee$BeeGoToKnownFlowerGoal;
[09:33:46] [main/DEBUG]: Skipping Lnet/minecraft/world/entity/animal/Bee$BeeGoToHiveGoal;
[09:33:46] [main/DEBUG]: Skipping Lnet/minecraft/world/entity/animal/Bee$BeeEnterHiveGoal;
[09:33:46] [main/DEBUG]: Skipping Lnet/minecraft/world/entity/animal/Bee$BeeBecomeAngryTargetGoal;
[09:33:46] [main/DEBUG]: Skipping Lnet/minecraft/world/entity/animal/Bee$BeeAttackGoal;
[09:33:46] [main/DEBUG]: Skipping Lnet/minecraft/world/entity/animal/Bee$BaseBeeGoal;
[09:33:46] [main/DEBUG]: Skipping Lnet/minecraft/world/entity/animal/Bee$1;
[09:33:46] [main/DEBUG]: Skipping Lnet/minecraft/world/entity/animal/Animal;
[09:33:46] [main/DEBUG]: Skipping Lnet/minecraft/world/entity/ambient/package-info;
[09:33:46] [main/DEBUG]: Skipping Lnet/minecraft/world/entity/ambient/Bat;
[09:33:46] [main/DEBUG]: Skipping Lnet/minecraft/world/entity/ambient/AmbientCreature;
[09:33:46] [main/DEBUG]: Skipping Lnet/minecraft/world/entity/ai/village/poi/package-info;
[09:33:46] [main/DEBUG]: Skipping Lnet/minecraft/world/entity/ai/village/poi/PoiType;
[09:33:46] [main/DEBUG]: Skipping Lnet/minecraft/world/entity/ai/village/poi/PoiSection;
[09:33:46] [main/DEBUG]: Skipping Lnet/minecraft/world/entity/ai/village/poi/PoiRecord;
[09:33:46] [main/DEBUG]: Skipping Lnet/minecraft/world/entity/ai/village/poi/PoiManager;
[09:33:46] [main/DEBUG]: Skipping Lnet/minecraft/world/entity/ai/village/poi/PoiManager$Occupancy;
[09:33:46] [main/DEBUG]: Skipping Lnet/minecraft/world/entity/ai/village/poi/PoiManager$DistanceTracker;
[09:33:46] [main/DEBUG]: Skipping Lnet/minecraft/world/entity/ai/village/poi/PoiTypes;
[09:33:46] [main/DEBUG]: Skipping Lnet/minecraft/world/entity/ai/village/package-info;
[09:33:46] [main/DEBUG]: Skipping Lnet/minecraft/world/entity/ai/village/ReputationEventType;
[09:33:46] [main/DEBUG]: Skipping Lnet/minecraft/world/entity/ai/village/ReputationEventType$1;
[09:33:46] [main/DEBUG]: Skipping Lnet/minecraft/world/entity/ai/village/VillageSiege;
[09:33:46] [main/DEBUG]: Skipping Lnet/minecraft/world/entity/ai/village/VillageSiege$State;
[09:33:46] [main/DEBUG]: Skipping Lnet/minecraft/world/entity/ai/util/package-info;
[09:33:46] [main/DEBUG]: Skipping Lnet/minecraft/world/entity/ai/util/RandomPos;
[09:33:46] [main/DEBUG]: Skipping Lnet/minecraft/world/entity/ai/util/LandRandomPos;
[09:33:46] [main/DEBUG]: Skipping Lnet/minecraft/world/entity/ai/util/HoverRandomPos;
[09:33:46] [main/DEBUG]: Skipping Lnet/minecraft/world/entity/ai/util/GoalUtils;
[09:33:46] [main/DEBUG]: Skipping Lnet/minecraft/world/entity/ai/util/DefaultRandomPos;
[09:33:46] [main/DEBUG]: Skipping Lnet/minecraft/world/entity/ai/util/AirRandomPos;
[09:33:46] [main/DEBUG]: Skipping Lnet/minecraft/world/entity/ai/util/AirAndWaterRandomPos;
[09:33:46] [main/DEBUG]: Skipping Lnet/minecraft/world/entity/ai/targeting/package-info;
[09:33:46] [main/DEBUG]: Skipping Lnet/minecraft/world/entity/ai/targeting/TargetingConditions;
[09:33:46] [main/DEBUG]: Skipping Lnet/minecraft/world/entity/ai/sensing/package-info;
[09:33:46] [main/DEBUG]: Skipping Lnet/minecraft/world/entity/ai/sensing/WardenEntitySensor;
[09:33:46] [main/DEBUG]: Skipping Lnet/minecraft/world/entity/ai/sensing/VillagerHostilesSensor;
[09:33:46] [main/DEBUG]: Skipping Lnet/minecraft/world/entity/ai/sensing/VillagerBabiesSensor;
[09:33:46] [main/DEBUG]: Skipping Lnet/minecraft/world/entity/ai/sensing/TemptingSensor;
[09:33:46] [main/DEBUG]: Transforming class Lnet/minecraft/world/entity/ai/sensing/SensorType;
[09:33:46] [main/DEBUG]: Transforming net/minecraft/world/entity/ai/sensing/SensorType METHOD <init>(Ljava/util/function/Supplier;)V to access PUBLIC and LEAVE
[09:33:46] [main/DEBUG]: Skipping Lnet/minecraft/world/entity/ai/sensing/Sensor;
[09:33:46] [main/DEBUG]: Skipping Lnet/minecraft/world/entity/ai/sensing/Sensing;
[09:33:46] [main/DEBUG]: Skipping Lnet/minecraft/world/entity/ai/sensing/SecondaryPoiSensor;
[09:33:46] [main/DEBUG]: Skipping Lnet/minecraft/world/entity/ai/sensing/PlayerSensor;
[09:33:46] [main/DEBUG]: Skipping Lnet/minecraft/world/entity/ai/sensing/PiglinSpecificSensor;
[09:33:46] [main/DEBUG]: Skipping Lnet/minecraft/world/entity/ai/sensing/PiglinBruteSpecificSensor;
[09:33:46] [main/DEBUG]: Skipping Lnet/minecraft/world/entity/ai/sensing/NearestVisibleLivingEntitySensor;
[09:33:46] [main/DEBUG]: Skipping Lnet/minecraft/world/entity/ai/sensing/NearestLivingEntitySensor;
[09:33:46] [main/DEBUG]: Skipping Lnet/minecraft/world/entity/ai/sensing/NearestItemSensor;
[09:33:46] [main/DEBUG]: Skipping Lnet/minecraft/world/entity/ai/sensing/NearestBedSensor;
[09:33:46] [main/DEBUG]: Skipping Lnet/minecraft/world/entity/ai/sensing/MobSensor;
[09:33:46] [main/DEBUG]: Skipping Lnet/minecraft/world/entity/ai/sensing/IsInWaterSensor;
[09:33:46] [main/DEBUG]: Skipping Lnet/minecraft/world/entity/ai/sensing/HurtBySensor;
[09:33:46] [main/DEBUG]: Skipping Lnet/minecraft/world/entity/ai/sensing/HoglinSpecificSensor;
[09:33:46] [main/DEBUG]: Skipping Lnet/minecraft/world/entity/ai/sensing/GolemSensor;
[09:33:46] [main/DEBUG]: Skipping Lnet/minecraft/world/entity/ai/sensing/FrogAttackablesSensor;
[09:33:46] [main/DEBUG]: Skipping Lnet/minecraft/world/entity/ai/sensing/DummySensor;
[09:33:46] [main/DEBUG]: Skipping Lnet/minecraft/world/entity/ai/sensing/BreezeAttackEntitySensor;
[09:33:46] [main/DEBUG]: Skipping Lnet/minecraft/world/entity/ai/sensing/AxolotlAttackablesSensor;
[09:33:46] [main/DEBUG]: Skipping Lnet/minecraft/world/entity/ai/sensing/AdultSensor;
[09:33:46] [main/DEBUG]: Skipping Lnet/minecraft/world/entity/ai/package-info;
[09:33:46] [main/DEBUG]: Skipping Lnet/minecraft/world/entity/ai/navigation/package-info;
[09:33:46] [main/DEBUG]: Skipping Lnet/minecraft/world/entity/ai/navigation/WaterBoundPathNavigation;
[09:33:46] [main/DEBUG]: Skipping Lnet/minecraft/world/entity/ai/navigation/GroundPathNavigation;
[09:33:46] [main/DEBUG]: Skipping Lnet/minecraft/world/entity/ai/navigation/FlyingPathNavigation;
[09:33:46] [main/DEBUG]: Skipping Lnet/minecraft/world/entity/ai/navigation/AmphibiousPathNavigation;
[09:33:46] [main/DEBUG]: Skipping Lnet/minecraft/world/entity/ai/navigation/WallClimberNavigation;
[09:33:46] [main/DEBUG]: Skipping Lnet/minecraft/world/entity/ai/navigation/PathNavigation;
[09:33:46] [main/DEBUG]: Skipping Lnet/minecraft/world/entity/ai/memory/package-info;
[09:33:46] [main/DEBUG]: Skipping Lnet/minecraft/world/entity/ai/memory/WalkTarget;
[09:33:46] [main/DEBUG]: Skipping Lnet/minecraft/world/entity/ai/memory/NearestVisibleLivingEntities;
[09:33:46] [main/DEBUG]: Skipping Lnet/minecraft/world/entity/ai/memory/MemoryStatus;
[09:33:46] [main/DEBUG]: Transforming class Lnet/minecraft/world/entity/ai/memory/MemoryModuleType;
[09:33:46] [main/DEBUG]: Transforming net/minecraft/world/entity/ai/memory/MemoryModuleType METHOD <init>(Ljava/util/Optional;)V to access PUBLIC and LEAVE
[09:33:46] [main/DEBUG]: Skipping Lnet/minecraft/world/entity/ai/memory/ExpirableValue;
[09:33:46] [main/DEBUG]: Skipping Lnet/minecraft/world/entity/ai/gossip/package-info;
[09:33:46] [main/DEBUG]: Skipping Lnet/minecraft/world/entity/ai/gossip/GossipType;
[09:33:46] [main/DEBUG]: Skipping Lnet/minecraft/world/entity/ai/gossip/GossipContainer;
[09:33:46] [main/DEBUG]: Skipping Lnet/minecraft/world/entity/ai/gossip/GossipContainer$GossipEntry;
[09:33:46] [main/DEBUG]: Skipping Lnet/minecraft/world/entity/ai/gossip/GossipContainer$EntityGossips;
[09:33:46] [main/DEBUG]: Skipping Lnet/minecraft/world/entity/ai/goal/target/package-info;
[09:33:46] [main/DEBUG]: Skipping Lnet/minecraft/world/entity/ai/goal/target/TargetGoal;
[09:33:46] [main/DEBUG]: Skipping Lnet/minecraft/world/entity/ai/goal/target/ResetUniversalAngerTargetGoal;
[09:33:46] [main/DEBUG]: Skipping Lnet/minecraft/world/entity/ai/goal/target/OwnerHurtTargetGoal;
[09:33:46] [main/DEBUG]: Skipping Lnet/minecraft/world/entity/ai/goal/target/OwnerHurtByTargetGoal;
[09:33:46] [main/DEBUG]: Skipping Lnet/minecraft/world/entity/ai/goal/target/NonTameRandomTargetGoal;
[09:33:46] [main/DEBUG]: Skipping Lnet/minecraft/world/entity/ai/goal/target/NearestHealableRaiderTargetGoal;
[09:33:46] [main/DEBUG]: Skipping Lnet/minecraft/world/entity/ai/goal/target/NearestAttackableWitchTargetGoal;
[09:33:46] [main/DEBUG]: Skipping Lnet/minecraft/world/entity/ai/goal/target/NearestAttackableTargetGoal;
[09:33:46] [main/DEBUG]: Skipping Lnet/minecraft/world/entity/ai/goal/target/DefendVillageTargetGoal;
[09:33:46] [main/DEBUG]: Skipping Lnet/minecraft/world/entity/ai/goal/target/HurtByTargetGoal;
[09:33:46] [main/DEBUG]: Skipping Lnet/minecraft/world/entity/ai/goal/package-info;
[09:33:46] [main/DEBUG]: Skipping Lnet/minecraft/world/entity/ai/goal/ZombieAttackGoal;
[09:33:46] [main/DEBUG]: Skipping Lnet/minecraft/world/entity/ai/goal/WrappedGoal;
[09:33:46] [main/DEBUG]: Skipping Lnet/minecraft/world/entity/ai/goal/WaterAvoidingRandomStrollGoal;
[09:33:46] [main/DEBUG]: Skipping Lnet/minecraft/world/entity/ai/goal/WaterAvoidingRandomFlyingGoal;
[09:33:46] [main/DEBUG]: Skipping Lnet/minecraft/world/entity/ai/goal/UseItemGoal;
[09:33:46] [main/DEBUG]: Skipping Lnet/minecraft/world/entity/ai/goal/TryFindWaterGoal;
[09:33:46] [main/DEBUG]: Skipping Lnet/minecraft/world/entity/ai/goal/TradeWithPlayerGoal;
[09:33:46] [main/DEBUG]: Skipping Lnet/minecraft/world/entity/ai/goal/TemptGoal;
[09:33:46] [main/DEBUG]: Skipping Lnet/minecraft/world/entity/ai/goal/SwellGoal;
[09:33:46] [main/DEBUG]: Skipping Lnet/minecraft/world/entity/ai/goal/StrollThroughVillageGoal;
[09:33:46] [main/DEBUG]: Skipping Lnet/minecraft/world/entity/ai/goal/SitWhenOrderedToGoal;
[09:33:46] [main/DEBUG]: Skipping Lnet/minecraft/world/entity/ai/goal/RestrictSunGoal;
[09:33:46] [main/DEBUG]: Skipping Lnet/minecraft/world/entity/ai/goal/RangedAttackGoal;
[09:33:46] [main/DEBUG]: Skipping Lnet/minecraft/world/entity/ai/goal/RandomSwimmingGoal;
[09:33:46] [main/DEBUG]: Skipping Lnet/minecraft/world/entity/ai/goal/RandomStrollGoal;
[09:33:46] [main/DEBUG]: Skipping Lnet/minecraft/world/entity/ai/goal/RandomStandGoal;
[09:33:46] [main/DEBUG]: Skipping Lnet/minecraft/world/entity/ai/goal/RandomLookAroundGoal;
[09:33:46] [main/DEBUG]: Skipping Lnet/minecraft/world/entity/ai/goal/PathfindToRaidGoal;
[09:33:46] [main/DEBUG]: Skipping Lnet/minecraft/world/entity/ai/goal/PanicGoal;
[09:33:46] [main/DEBUG]: Skipping Lnet/minecraft/world/entity/ai/goal/OpenDoorGoal;
[09:33:46] [main/DEBUG]: Skipping Lnet/minecraft/world/entity/ai/goal/OfferFlowerGoal;
[09:33:46] [main/DEBUG]: Skipping Lnet/minecraft/world/entity/ai/goal/OcelotAttackGoal;
[09:33:46] [main/DEBUG]: Skipping Lnet/minecraft/world/entity/ai/goal/MoveTowardsTargetGoal;
[09:33:46] [main/DEBUG]: Skipping Lnet/minecraft/world/entity/ai/goal/MoveTowardsRestrictionGoal;
[09:33:46] [main/DEBUG]: Skipping Lnet/minecraft/world/entity/ai/goal/MoveToBlockGoal;
[09:33:46] [main/DEBUG]: Skipping Lnet/minecraft/world/entity/ai/goal/MoveThroughVillageGoal;
[09:33:46] [main/DEBUG]: Skipping Lnet/minecraft/world/entity/ai/goal/MoveBackToVillageGoal;
[09:33:46] [main/DEBUG]: Skipping Lnet/minecraft/world/entity/ai/goal/LookAtTradingPlayerGoal;
[09:33:46] [main/DEBUG]: Skipping Lnet/minecraft/world/entity/ai/goal/LookAtPlayerGoal;
[09:33:46] [main/DEBUG]: Skipping Lnet/minecraft/world/entity/ai/goal/LlamaFollowCaravanGoal;
[09:33:46] [main/DEBUG]: Skipping Lnet/minecraft/world/entity/ai/goal/LeapAtTargetGoal;
[09:33:46] [main/DEBUG]: Skipping Lnet/minecraft/world/entity/ai/goal/LandOnOwnersShoulderGoal;
[09:33:46] [main/DEBUG]: Skipping Lnet/minecraft/world/entity/ai/goal/JumpGoal;
[09:33:46] [main/DEBUG]: Skipping Lnet/minecraft/world/entity/ai/goal/InteractGoal;
[09:33:46] [main/DEBUG]: Skipping Lnet/minecraft/world/entity/ai/goal/GolemRandomStrollInVillageGoal;
[09:33:46] [main/DEBUG]: Skipping Lnet/minecraft/world/entity/ai/goal/GoalSelector;
[09:33:46] [main/DEBUG]: Skipping Lnet/minecraft/world/entity/ai/goal/GoalSelector$2;
[09:33:46] [main/DEBUG]: Skipping Lnet/minecraft/world/entity/ai/goal/GoalSelector$1;
[09:33:46] [main/DEBUG]: Skipping Lnet/minecraft/world/entity/ai/goal/Goal;
[09:33:46] [main/DEBUG]: Skipping Lnet/minecraft/world/entity/ai/goal/Goal$Flag;
[09:33:46] [main/DEBUG]: Skipping Lnet/minecraft/world/entity/ai/goal/FollowParentGoal;
[09:33:46] [main/DEBUG]: Skipping Lnet/minecraft/world/entity/ai/goal/FollowOwnerGoal;
[09:33:46] [main/DEBUG]: Skipping Lnet/minecraft/world/entity/ai/goal/FollowMobGoal;
[09:33:46] [main/DEBUG]: Skipping Lnet/minecraft/world/entity/ai/goal/FollowFlockLeaderGoal;
[09:33:46] [main/DEBUG]: Skipping Lnet/minecraft/world/entity/ai/goal/FollowBoatGoal;
[09:33:46] [main/DEBUG]: Skipping Lnet/minecraft/world/entity/ai/goal/FleeSunGoal;
[09:33:46] [main/DEBUG]: Skipping Lnet/minecraft/world/entity/ai/goal/DoorInteractGoal;
[09:33:46] [main/DEBUG]: Skipping Lnet/minecraft/world/entity/ai/goal/DolphinJumpGoal;
[09:33:46] [main/DEBUG]: Skipping Lnet/minecraft/world/entity/ai/goal/ClimbOnTopOfPowderSnowGoal;
[09:33:46] [main/DEBUG]: Skipping Lnet/minecraft/world/entity/ai/goal/CatSitOnBlockGoal;
[09:33:46] [main/DEBUG]: Skipping Lnet/minecraft/world/entity/ai/goal/CatLieOnBedGoal;
[09:33:46] [main/DEBUG]: Skipping Lnet/minecraft/world/entity/ai/goal/BreedGoal;
[09:33:46] [main/DEBUG]: Skipping Lnet/minecraft/world/entity/ai/goal/BreathAirGoal;
[09:33:46] [main/DEBUG]: Skipping Lnet/minecraft/world/entity/ai/goal/BoatGoals;
[09:33:46] [main/DEBUG]: Skipping Lnet/minecraft/world/entity/ai/goal/BegGoal;
[09:33:46] [main/DEBUG]: Skipping Lnet/minecraft/world/entity/ai/goal/AvoidEntityGoal;
[09:33:46] [main/DEBUG]: Skipping Lnet/minecraft/world/entity/ai/goal/RunAroundLikeCrazyGoal;
[09:33:46] [main/DEBUG]: Skipping Lnet/minecraft/world/entity/ai/goal/RemoveBlockGoal;
[09:33:46] [main/DEBUG]: Skipping Lnet/minecraft/world/entity/ai/goal/RangedCrossbowAttackGoal;
[09:33:46] [main/DEBUG]: Skipping Lnet/minecraft/world/entity/ai/goal/RangedCrossbowAttackGoal$CrossbowState;
[09:33:46] [main/DEBUG]: Skipping Lnet/minecraft/world/entity/ai/goal/RangedBowAttackGoal;
[09:33:46] [main/DEBUG]: Skipping Lnet/minecraft/world/entity/ai/goal/MeleeAttackGoal;
[09:33:46] [main/DEBUG]: Skipping Lnet/minecraft/world/entity/ai/goal/FloatGoal;
[09:33:46] [main/DEBUG]: Skipping Lnet/minecraft/world/entity/ai/goal/EatBlockGoal;
[09:33:46] [main/DEBUG]: Skipping Lnet/minecraft/world/entity/ai/goal/BreakDoorGoal;
[09:33:46] [main/DEBUG]: Skipping Lnet/minecraft/world/entity/ai/control/package-info;
[09:33:46] [main/DEBUG]: Skipping Lnet/minecraft/world/entity/ai/control/SmoothSwimmingMoveControl;
[09:33:46] [main/DEBUG]: Skipping Lnet/minecraft/world/entity/ai/control/SmoothSwimmingLookControl;
[09:33:46] [main/DEBUG]: Skipping Lnet/minecraft/world/entity/ai/control/MoveControl;
[09:33:46] [main/DEBUG]: Skipping Lnet/minecraft/world/entity/ai/control/MoveControl$Operation;
[09:33:46] [main/DEBUG]: Skipping Lnet/minecraft/world/entity/ai/control/LookControl;
[09:33:46] [main/DEBUG]: Skipping Lnet/minecraft/world/entity/ai/control/JumpControl;
[09:33:46] [main/DEBUG]: Skipping Lnet/minecraft/world/entity/ai/control/FlyingMoveControl;
[09:33:46] [main/DEBUG]: Skipping Lnet/minecraft/world/entity/ai/control/Control;
[09:33:46] [main/DEBUG]: Skipping Lnet/minecraft/world/entity/ai/control/BodyRotationControl;
[09:33:46] [main/DEBUG]: Skipping Lnet/minecraft/world/entity/ai/behavior/warden/package-info;
[09:33:46] [main/DEBUG]: Skipping Lnet/minecraft/world/entity/ai/behavior/warden/TryToSniff;
[09:33:46] [main/DEBUG]: Skipping Lnet/minecraft/world/entity/ai/behavior/warden/SonicBoom;
[09:33:46] [main/DEBUG]: Skipping Lnet/minecraft/world/entity/ai/behavior/warden/Sniffing;
[09:33:46] [main/DEBUG]: Skipping Lnet/minecraft/world/entity/ai/behavior/warden/SetWardenLookTarget;
[09:33:46] [main/DEBUG]: Skipping Lnet/minecraft/world/entity/ai/behavior/warden/SetRoarTarget;
[09:33:46] [main/DEBUG]: Skipping Lnet/minecraft/world/entity/ai/behavior/warden/Roar;
[09:33:46] [main/DEBUG]: Skipping Lnet/minecraft/world/entity/ai/behavior/warden/ForceUnmount;
[09:33:46] [main/DEBUG]: Skipping Lnet/minecraft/world/entity/ai/behavior/warden/Emerging;
[09:33:46] [main/DEBUG]: Skipping Lnet/minecraft/world/entity/ai/behavior/warden/Digging;
[09:33:46] [main/DEBUG]: Skipping Lnet/minecraft/world/entity/ai/behavior/package-info;
[09:33:46] [main/DEBUG]: Skipping Lnet/minecraft/world/entity/ai/behavior/declarative/package-info;
[09:33:46] [main/DEBUG]: Skipping Lnet/minecraft/world/entity/ai/behavior/declarative/Trigger;
[09:33:46] [main/DEBUG]: Skipping Lnet/minecraft/world/entity/ai/behavior/declarative/MemoryCondition;
[09:33:46] [main/DEBUG]: Skipping Lnet/minecraft/world/entity/ai/behavior/declarative/MemoryCondition$Registered;
[09:33:46] [main/DEBUG]: Skipping Lnet/minecraft/world/entity/ai/behavior/declarative/MemoryCondition$Present;
[09:33:46] [main/DEBUG]: Skipping Lnet/minecraft/world/entity/ai/behavior/declarative/MemoryCondition$Absent;
[09:33:46] [main/DEBUG]: Skipping Lnet/minecraft/world/entity/ai/behavior/declarative/MemoryAccessor;
[09:33:46] [main/DEBUG]: Skipping Lnet/minecraft/world/entity/ai/behavior/declarative/BehaviorBuilder;
[09:33:46] [main/DEBUG]: Skipping Lnet/minecraft/world/entity/ai/behavior/declarative/BehaviorBuilder$TriggerWrapper;
[09:33:46] [main/DEBUG]: Skipping Lnet/minecraft/world/entity/ai/behavior/declarative/BehaviorBuilder$TriggerWrapper$1;
[09:33:46] [main/DEBUG]: Skipping Lnet/minecraft/world/entity/ai/behavior/declarative/BehaviorBuilder$TriggerWithResult;
[09:33:46] [main/DEBUG]: Skipping Lnet/minecraft/world/entity/ai/behavior/declarative/BehaviorBuilder$PureMemory;
[09:33:46] [main/DEBUG]: Skipping Lnet/minecraft/world/entity/ai/behavior/declarative/BehaviorBuilder$PureMemory$1;
[09:33:46] [main/DEBUG]: Skipping Lnet/minecraft/world/entity/ai/behavior/declarative/BehaviorBuilder$Mu;
[09:33:46] [main/DEBUG]: Skipping Lnet/minecraft/world/entity/ai/behavior/declarative/BehaviorBuilder$Instance;
[09:33:46] [main/DEBUG]: Skipping Lnet/minecraft/world/entity/ai/behavior/declarative/BehaviorBuilder$Instance$Mu;
[09:33:46] [main/DEBUG]: Skipping Lnet/minecraft/world/entity/ai/behavior/declarative/BehaviorBuilder$Instance$5;
[09:33:46] [main/DEBUG]: Skipping Lnet/minecraft/world/entity/ai/behavior/declarative/BehaviorBuilder$Instance$4;
[09:33:46] [main/DEBUG]: Skipping Lnet/minecraft/world/entity/ai/behavior/declarative/BehaviorBuilder$Instance$3;
[09:33:46] [main/DEBUG]: Skipping Lnet/minecraft/world/entity/ai/behavior/declarative/BehaviorBuilder$Instance$2;
[09:33:46] [main/DEBUG]: Skipping Lnet/minecraft/world/entity/ai/behavior/declarative/BehaviorBuilder$Instance$1;
[09:33:46] [main/DEBUG]: Skipping Lnet/minecraft/world/entity/ai/behavior/declarative/BehaviorBuilder$Constant;
[09:33:46] [main/DEBUG]: Skipping Lnet/minecraft/world/entity/ai/behavior/declarative/BehaviorBuilder$Constant$1;
[09:33:46] [main/DEBUG]: Skipping Lnet/minecraft/world/entity/ai/behavior/declarative/BehaviorBuilder$1;
[09:33:46] [main/DEBUG]: Skipping Lnet/minecraft/world/entity/ai/behavior/YieldJobSite;
[09:33:46] [main/DEBUG]: Skipping Lnet/minecraft/world/entity/ai/behavior/WorkAtPoi;
[09:33:46] [main/DEBUG]: Skipping Lnet/minecraft/world/entity/ai/behavior/WorkAtComposter;
[09:33:46] [main/DEBUG]: Skipping Lnet/minecraft/world/entity/ai/behavior/WakeUp;
[09:33:46] [main/DEBUG]: Skipping Lnet/minecraft/world/entity/ai/behavior/VillagerPanicTrigger;
[09:33:46] [main/DEBUG]: Skipping Lnet/minecraft/world/entity/ai/behavior/VillagerMakeLove;
[09:33:46] [main/DEBUG]: Skipping Lnet/minecraft/world/entity/ai/behavior/VillagerGoalPackages;
[09:33:46] [main/DEBUG]: Skipping Lnet/minecraft/world/entity/ai/behavior/VillagerCalmDown;
[09:33:46] [main/DEBUG]: Skipping Lnet/minecraft/world/entity/ai/behavior/VillageBoundRandomStroll;
[09:33:46] [main/DEBUG]: Skipping Lnet/minecraft/world/entity/ai/behavior/ValidateNearbyPoi;
[09:33:46] [main/DEBUG]: Skipping Lnet/minecraft/world/entity/ai/behavior/UseBonemeal;
[09:33:46] [main/DEBUG]: Skipping Lnet/minecraft/world/entity/ai/behavior/UpdateActivityFromSchedule;
[09:33:46] [main/DEBUG]: Skipping Lnet/minecraft/world/entity/ai/behavior/TryLaySpawnOnWaterNearLand;
[09:33:46] [main/DEBUG]: Skipping Lnet/minecraft/world/entity/ai/behavior/TryFindWater;
[09:33:46] [main/DEBUG]: Skipping Lnet/minecraft/world/entity/ai/behavior/TryFindLandNearWater;
[09:33:46] [main/DEBUG]: Skipping Lnet/minecraft/world/entity/ai/behavior/TryFindLand;
[09:33:46] [main/DEBUG]: Skipping Lnet/minecraft/world/entity/ai/behavior/TriggerGate;
[09:33:46] [main/DEBUG]: Skipping Lnet/minecraft/world/entity/ai/behavior/TradeWithVillager;
[09:33:46] [main/DEBUG]: Skipping Lnet/minecraft/world/entity/ai/behavior/StrollToPoiList;
[09:33:46] [main/DEBUG]: Skipping Lnet/minecraft/world/entity/ai/behavior/StrollToPoi;
[09:33:46] [main/DEBUG]: Skipping Lnet/minecraft/world/entity/ai/behavior/StrollAroundPoi;
[09:33:46] [main/DEBUG]: Skipping Lnet/minecraft/world/entity/ai/behavior/StopBeingAngryIfTargetDead;
[09:33:46] [main/DEBUG]: Skipping Lnet/minecraft/world/entity/ai/behavior/StopAttackingIfTargetInvalid;
[09:33:46] [main/DEBUG]: Skipping Lnet/minecraft/world/entity/ai/behavior/StayCloseToTarget;
[09:33:46] [main/DEBUG]: Skipping Lnet/minecraft/world/entity/ai/behavior/StartCelebratingIfTargetDead;
[09:33:46] [main/DEBUG]: Skipping Lnet/minecraft/world/entity/ai/behavior/SocializeAtBell;
[09:33:46] [main/DEBUG]: Skipping Lnet/minecraft/world/entity/ai/behavior/SleepInBed;
[09:33:46] [main/DEBUG]: Skipping Lnet/minecraft/world/entity/ai/behavior/ShufflingList;
[09:33:46] [main/DEBUG]: Skipping Lnet/minecraft/world/entity/ai/behavior/ShufflingList$WeightedEntry;
[09:33:46] [main/DEBUG]: Skipping Lnet/minecraft/world/entity/ai/behavior/ShufflingList$WeightedEntry$1;
[09:33:46] [main/DEBUG]: Skipping Lnet/minecraft/world/entity/ai/behavior/ShowTradesToPlayer;
[09:33:46] [main/DEBUG]: Skipping Lnet/minecraft/world/entity/ai/behavior/SetWalkTargetFromLookTarget;
[09:33:46] [main/DEBUG]: Skipping Lnet/minecraft/world/entity/ai/behavior/SetWalkTargetFromBlockMemory;
[09:33:46] [main/DEBUG]: Skipping Lnet/minecraft/world/entity/ai/behavior/SetWalkTargetFromAttackTargetIfTargetOutOfReach;
[09:33:46] [main/DEBUG]: Skipping Lnet/minecraft/world/entity/ai/behavior/SetWalkTargetAwayFrom;
[09:33:46] [main/DEBUG]: Skipping Lnet/minecraft/world/entity/ai/behavior/SetRaidStatus;
[09:33:46] [main/DEBUG]: Skipping Lnet/minecraft/world/entity/ai/behavior/SetLookAndInteract;
[09:33:46] [main/DEBUG]: Skipping Lnet/minecraft/world/entity/ai/behavior/SetHiddenState;
[09:33:46] [main/DEBUG]: Skipping Lnet/minecraft/world/entity/ai/behavior/SetEntityLookTargetSometimes;
[09:33:46] [main/DEBUG]: Skipping Lnet/minecraft/world/entity/ai/behavior/SetEntityLookTargetSometimes$Ticker;
[09:33:46] [main/DEBUG]: Skipping Lnet/minecraft/world/entity/ai/behavior/SetEntityLookTarget;
[09:33:46] [main/DEBUG]: Skipping Lnet/minecraft/world/entity/ai/behavior/SetClosestHomeAsWalkTarget;
[09:33:46] [main/DEBUG]: Skipping Lnet/minecraft/world/entity/ai/behavior/RunOne;
[09:33:46] [main/DEBUG]: Skipping Lnet/minecraft/world/entity/ai/behavior/RingBell;
[09:33:46] [main/DEBUG]: Skipping Lnet/minecraft/world/entity/ai/behavior/ResetRaidStatus;
[09:33:46] [main/DEBUG]: Skipping Lnet/minecraft/world/entity/ai/behavior/ResetProfession;
[09:33:46] [main/DEBUG]: Skipping Lnet/minecraft/world/entity/ai/behavior/ReactToBell;
[09:33:46] [main/DEBUG]: Skipping Lnet/minecraft/world/entity/ai/behavior/RandomStroll;
[09:33:46] [main/DEBUG]: Skipping Lnet/minecraft/world/entity/ai/behavior/RandomLookAround;
[09:33:46] [main/DEBUG]: Skipping Lnet/minecraft/world/entity/ai/behavior/RamTarget;
[09:33:46] [main/DEBUG]: Skipping Lnet/minecraft/world/entity/ai/behavior/PrepareRamNearestTarget;
[09:33:46] [main/DEBUG]: Skipping Lnet/minecraft/world/entity/ai/behavior/PrepareRamNearestTarget$RamCandidate;
[09:33:46] [main/DEBUG]: Skipping Lnet/minecraft/world/entity/ai/behavior/PositionTracker;
[09:33:46] [main/DEBUG]: Skipping Lnet/minecraft/world/entity/ai/behavior/PoiCompetitorScan;
[09:33:46] [main/DEBUG]: Skipping Lnet/minecraft/world/entity/ai/behavior/PlayTagWithOtherKids;
[09:33:46] [main/DEBUG]: Skipping Lnet/minecraft/world/entity/ai/behavior/OneShot;
[09:33:46] [main/DEBUG]: Skipping Lnet/minecraft/world/entity/ai/behavior/MoveToTargetSink;
[09:33:46] [main/DEBUG]: Skipping Lnet/minecraft/world/entity/ai/behavior/MoveToSkySeeingSpot;
[09:33:46] [main/DEBUG]: Skipping Lnet/minecraft/world/entity/ai/behavior/Mount;
[09:33:46] [main/DEBUG]: Skipping Lnet/minecraft/world/entity/ai/behavior/MeleeAttack;
[09:33:46] [main/DEBUG]: Skipping Lnet/minecraft/world/entity/ai/behavior/LookAtTargetSink;
[09:33:46] [main/DEBUG]: Skipping Lnet/minecraft/world/entity/ai/behavior/LookAndFollowTradingPlayerSink;
[09:33:46] [main/DEBUG]: Skipping Lnet/minecraft/world/entity/ai/behavior/LongJumpUtil;
[09:33:46] [main/DEBUG]: Skipping Lnet/minecraft/world/entity/ai/behavior/LongJumpToRandomPos;
[09:33:46] [main/DEBUG]: Skipping Lnet/minecraft/world/entity/ai/behavior/LongJumpToRandomPos$PossibleJump;
[09:33:46] [main/DEBUG]: Skipping Lnet/minecraft/world/entity/ai/behavior/LongJumpToPreferredBlock;
[09:33:46] [main/DEBUG]: Skipping Lnet/minecraft/world/entity/ai/behavior/LongJumpMidJump;
[09:33:46] [main/DEBUG]: Skipping Lnet/minecraft/world/entity/ai/behavior/LocateHidingPlace;
[09:33:46] [main/DEBUG]: Skipping Lnet/minecraft/world/entity/ai/behavior/JumpOnBed;
[09:33:46] [main/DEBUG]: Skipping Lnet/minecraft/world/entity/ai/behavior/InteractWithDoor;
[09:33:46] [main/DEBUG]: Skipping Lnet/minecraft/world/entity/ai/behavior/InteractWith;
[09:33:46] [main/DEBUG]: Skipping Lnet/minecraft/world/entity/ai/behavior/InsideBrownianWalk;
[09:33:46] [main/DEBUG]: Skipping Lnet/minecraft/world/entity/ai/behavior/GoToWantedItem;
[09:33:46] [main/DEBUG]: Skipping Lnet/minecraft/world/entity/ai/behavior/GoToTargetLocation;
[09:33:46] [main/DEBUG]: Skipping Lnet/minecraft/world/entity/ai/behavior/GoToPotentialJobSite;
[09:33:46] [main/DEBUG]: Skipping Lnet/minecraft/world/entity/ai/behavior/GoToClosestVillage;
[09:33:46] [main/DEBUG]: Skipping Lnet/minecraft/world/entity/ai/behavior/GoAndGiveItemsToTarget;
[09:33:46] [main/DEBUG]: Skipping Lnet/minecraft/world/entity/ai/behavior/GiveGiftToHero;
[09:33:46] [main/DEBUG]: Skipping Lnet/minecraft/world/entity/ai/behavior/GateBehavior;
[09:33:46] [main/DEBUG]: Skipping Lnet/minecraft/world/entity/ai/behavior/GateBehavior$RunningPolicy;
[09:33:46] [main/DEBUG]: Skipping Lnet/minecraft/world/entity/ai/behavior/GateBehavior$RunningPolicy$2;
[09:33:46] [main/DEBUG]: Skipping Lnet/minecraft/world/entity/ai/behavior/GateBehavior$RunningPolicy$1;
[09:33:46] [main/DEBUG]: Skipping Lnet/minecraft/world/entity/ai/behavior/GateBehavior$OrderPolicy;
[09:33:46] [main/DEBUG]: Skipping Lnet/minecraft/world/entity/ai/behavior/FollowTemptation;
[09:33:46] [main/DEBUG]: Skipping Lnet/minecraft/world/entity/ai/behavior/EraseMemoryIf;
[09:33:46] [main/DEBUG]: Skipping Lnet/minecraft/world/entity/ai/behavior/EntityTracker;
[09:33:46] [main/DEBUG]: Skipping Lnet/minecraft/world/entity/ai/behavior/DoNothing;
[09:33:46] [main/DEBUG]: Skipping Lnet/minecraft/world/entity/ai/behavior/DismountOrSkipMounting;
[09:33:46] [main/DEBUG]: Skipping Lnet/minecraft/world/entity/ai/behavior/Croak;
[09:33:46] [main/DEBUG]: Skipping Lnet/minecraft/world/entity/ai/behavior/CountDownCooldownTicks;
[09:33:46] [main/DEBUG]: Skipping Lnet/minecraft/world/entity/ai/behavior/CopyMemoryWithExpiry;
[09:33:46] [main/DEBUG]: Skipping Lnet/minecraft/world/entity/ai/behavior/CelebrateVillagersSurvivedRaid;
[09:33:46] [main/DEBUG]: Skipping Lnet/minecraft/world/entity/ai/behavior/BlockPosTracker;
[09:33:46] [main/DEBUG]: Skipping Lnet/minecraft/world/entity/ai/behavior/BehaviorUtils;
[09:33:46] [main/DEBUG]: Skipping Lnet/minecraft/world/entity/ai/behavior/BehaviorControl;
[09:33:46] [main/DEBUG]: Skipping Lnet/minecraft/world/entity/ai/behavior/Behavior;
[09:33:46] [main/DEBUG]: Skipping Lnet/minecraft/world/entity/ai/behavior/Behavior$Status;
[09:33:46] [main/DEBUG]: Skipping Lnet/minecraft/world/entity/ai/behavior/BecomePassiveIfMemoryPresent;
[09:33:46] [main/DEBUG]: Skipping Lnet/minecraft/world/entity/ai/behavior/BackUpIfTooClose;
[09:33:46] [main/DEBUG]: Skipping Lnet/minecraft/world/entity/ai/behavior/BabyFollowAdult;
[09:33:46] [main/DEBUG]: Skipping Lnet/minecraft/world/entity/ai/behavior/AssignProfessionFromJobSite;
[09:33:46] [main/DEBUG]: Skipping Lnet/minecraft/world/entity/ai/behavior/AnimalPanic;
[09:33:46] [main/DEBUG]: Skipping Lnet/minecraft/world/entity/ai/behavior/AnimalMakeLove;
[09:33:46] [main/DEBUG]: Skipping Lnet/minecraft/world/entity/ai/behavior/AcquirePoi;
[09:33:46] [main/DEBUG]: Skipping Lnet/minecraft/world/entity/ai/behavior/AcquirePoi$JitteredLinearRetry;
[09:33:46] [main/DEBUG]: Skipping Lnet/minecraft/world/entity/ai/behavior/Swim;
[09:33:46] [main/DEBUG]: Skipping Lnet/minecraft/world/entity/ai/behavior/StartAttacking;
[09:33:46] [main/DEBUG]: Skipping Lnet/minecraft/world/entity/ai/behavior/HarvestFarmland;
[09:33:46] [main/DEBUG]: Skipping Lnet/minecraft/world/entity/ai/behavior/CrossbowAttack;
[09:33:46] [main/DEBUG]: Skipping Lnet/minecraft/world/entity/ai/behavior/CrossbowAttack$CrossbowState;
[09:33:46] [main/DEBUG]: Skipping Lnet/minecraft/world/entity/ai/attributes/package-info;
[09:33:46] [main/DEBUG]: Skipping Lnet/minecraft/world/entity/ai/attributes/RangedAttribute;
[09:33:46] [main/DEBUG]: Skipping Lnet/minecraft/world/entity/ai/attributes/Attributes;
[09:33:46] [main/DEBUG]: Skipping Lnet/minecraft/world/entity/ai/attributes/AttributeModifier;
[09:33:46] [main/DEBUG]: Skipping Lnet/minecraft/world/entity/ai/attributes/AttributeModifier$Operation;
[09:33:46] [main/DEBUG]: Skipping Lnet/minecraft/world/entity/ai/attributes/AttributeMap;
[09:33:46] [main/DEBUG]: Skipping Lnet/minecraft/world/entity/ai/attributes/AttributeInstance;
[09:33:46] [main/DEBUG]: Skipping Lnet/minecraft/world/entity/ai/attributes/Attribute;
[09:33:46] [main/DEBUG]: Skipping Lnet/minecraft/world/entity/ai/attributes/Attribute$Sentiment;
[09:33:46] [main/DEBUG]: Skipping Lnet/minecraft/world/entity/ai/attributes/DefaultAttributes;
[09:33:46] [main/DEBUG]: Skipping Lnet/minecraft/world/entity/ai/attributes/AttributeSupplier;
[09:33:46] [main/DEBUG]: Skipping Lnet/minecraft/world/entity/ai/attributes/AttributeSupplier$Builder;
[09:33:46] [main/DEBUG]: Skipping Lnet/minecraft/world/entity/ai/Brain;
[09:33:46] [main/DEBUG]: Skipping Lnet/minecraft/world/entity/ai/Brain$Provider;
[09:33:46] [main/DEBUG]: Skipping Lnet/minecraft/world/entity/ai/Brain$MemoryValue;
[09:33:46] [main/DEBUG]: Skipping Lnet/minecraft/world/entity/ai/Brain$1;
[09:33:46] [main/DEBUG]: Skipping Lnet/minecraft/world/entity/WalkAnimationState;
[09:33:46] [main/DEBUG]: Skipping Lnet/minecraft/world/entity/VariantHolder;
[09:33:46] [main/DEBUG]: Skipping Lnet/minecraft/world/entity/TraceableEntity;
[09:33:46] [main/DEBUG]: Skipping Lnet/minecraft/world/entity/Targeting;
[09:33:46] [main/DEBUG]: Skipping Lnet/minecraft/world/entity/SpawnPlacementType;
[09:33:46] [main/DEBUG]: Skipping Lnet/minecraft/world/entity/SpawnGroupData;
[09:33:46] [main/DEBUG]: Skipping Lnet/minecraft/world/entity/SlotAccess;
[09:33:46] [main/DEBUG]: Skipping Lnet/minecraft/world/entity/SlotAccess$4;
[09:33:46] [main/DEBUG]: Skipping Lnet/minecraft/world/entity/SlotAccess$3;
[09:33:46] [main/DEBUG]: Skipping Lnet/minecraft/world/entity/SlotAccess$2;
[09:33:46] [main/DEBUG]: Skipping Lnet/minecraft/world/entity/SlotAccess$1;
[09:33:46] [main/DEBUG]: Skipping Lnet/minecraft/world/entity/Saddleable;
[09:33:46] [main/DEBUG]: Skipping Lnet/minecraft/world/entity/ReputationEventHandler;
[09:33:46] [main/DEBUG]: Skipping Lnet/minecraft/world/entity/RelativeMovement;
[09:33:46] [main/DEBUG]: Skipping Lnet/minecraft/world/entity/PowerableMob;
[09:33:46] [main/DEBUG]: Skipping Lnet/minecraft/world/entity/Pose;
[09:33:46] [main/DEBUG]: Skipping Lnet/minecraft/world/entity/PortalProcessor;
[09:33:46] [main/DEBUG]: Skipping Lnet/minecraft/world/entity/PlayerRideableJumping;
[09:33:46] [main/DEBUG]: Skipping Lnet/minecraft/world/entity/PlayerRideable;
[09:33:46] [main/DEBUG]: Skipping Lnet/minecraft/world/entity/PathfinderMob;
[09:33:46] [main/DEBUG]: Skipping Lnet/minecraft/world/entity/OwnableEntity;
[09:33:46] [main/DEBUG]: Skipping Lnet/minecraft/world/entity/OminousItemSpawner;
[09:33:46] [main/DEBUG]: Skipping Lnet/minecraft/world/entity/NeutralMob;
[09:33:46] [main/DEBUG]: Skipping Lnet/minecraft/world/entity/MoverType;
[09:33:46] [main/DEBUG]: Skipping Lnet/minecraft/world/entity/MobSpawnType;
[09:33:46] [main/DEBUG]: Skipping Lnet/minecraft/world/entity/Marker;
[09:33:46] [main/DEBUG]: Skipping Lnet/minecraft/world/entity/LerpingModel;
[09:33:46] [main/DEBUG]: Skipping Lnet/minecraft/world/entity/Leashable;
[09:33:46] [main/DEBUG]: Skipping Lnet/minecraft/world/entity/Leashable$LeashData;
[09:33:46] [main/DEBUG]: Skipping Lnet/minecraft/world/entity/ItemSteerable;
[09:33:46] [main/DEBUG]: Skipping Lnet/minecraft/world/entity/ItemBasedSteering;
[09:33:46] [main/DEBUG]: Skipping Lnet/minecraft/world/entity/Interaction;
[09:33:46] [main/DEBUG]: Skipping Lnet/minecraft/world/entity/Interaction$PlayerAction;
[09:33:46] [main/DEBUG]: Skipping Lnet/minecraft/world/entity/HumanoidArm;
[09:33:46] [main/DEBUG]: Skipping Lnet/minecraft/world/entity/HasCustomInventoryScreen;
[09:33:46] [main/DEBUG]: Skipping Lnet/minecraft/world/entity/GlowSquid;
[09:33:46] [main/DEBUG]: Skipping Lnet/minecraft/world/entity/EquipmentUser;
[09:33:46] [main/DEBUG]: Skipping Lnet/minecraft/world/entity/EquipmentTable;
[09:33:46] [main/DEBUG]: Skipping Lnet/minecraft/world/entity/EquipmentSlotGroup;
[09:33:46] [main/DEBUG]: Skipping Lnet/minecraft/world/entity/EquipmentSlotGroup$1;
[09:33:46] [main/DEBUG]: Skipping Lnet/minecraft/world/entity/EquipmentSlot;
[09:33:46] [main/DEBUG]: Skipping Lnet/minecraft/world/entity/EquipmentSlot$Type;
[09:33:46] [main/DEBUG]: Skipping Lnet/minecraft/world/entity/EntitySelector;
[09:33:46] [main/DEBUG]: Skipping Lnet/minecraft/world/entity/EntitySelector$MobCanWearArmorEntitySelector;
[09:33:46] [main/DEBUG]: Skipping Lnet/minecraft/world/entity/EntityEvent;
[09:33:46] [main/DEBUG]: Skipping Lnet/minecraft/world/entity/EntityDimensions;
[09:33:46] [main/DEBUG]: Skipping Lnet/minecraft/world/entity/EntityAttachments;
[09:33:46] [main/DEBUG]: Skipping Lnet/minecraft/world/entity/EntityAttachments$Builder;
[09:33:46] [main/DEBUG]: Skipping Lnet/minecraft/world/entity/EntityAttachment;
[09:33:46] [main/DEBUG]: Skipping Lnet/minecraft/world/entity/EntityAttachment$Fallback;
[09:33:46] [main/DEBUG]: Skipping Lnet/minecraft/world/entity/Display;
[09:33:46] [main/DEBUG]: Skipping Lnet/minecraft/world/entity/Display$TransformationInterpolator;
[09:33:46] [main/DEBUG]: Skipping Lnet/minecraft/world/entity/Display$TextDisplay;
[09:33:46] [main/DEBUG]: Skipping Lnet/minecraft/world/entity/Display$TextDisplay$TextRenderState;
[09:33:46] [main/DEBUG]: Skipping Lnet/minecraft/world/entity/Display$TextDisplay$LineSplitter;
[09:33:46] [main/DEBUG]: Skipping Lnet/minecraft/world/entity/Display$TextDisplay$CachedLine;
[09:33:46] [main/DEBUG]: Skipping Lnet/minecraft/world/entity/Display$TextDisplay$CachedInfo;
[09:33:46] [main/DEBUG]: Skipping Lnet/minecraft/world/entity/Display$TextDisplay$Align;
[09:33:46] [main/DEBUG]: Skipping Lnet/minecraft/world/entity/Display$RenderState;
[09:33:46] [main/DEBUG]: Skipping Lnet/minecraft/world/entity/Display$PosRotInterpolationTarget;
[09:33:46] [main/DEBUG]: Skipping Lnet/minecraft/world/entity/Display$LinearIntInterpolator;
[09:33:46] [main/DEBUG]: Skipping Lnet/minecraft/world/entity/Display$LinearFloatInterpolator;
[09:33:46] [main/DEBUG]: Skipping Lnet/minecraft/world/entity/Display$ItemDisplay;
[09:33:46] [main/DEBUG]: Skipping Lnet/minecraft/world/entity/Display$ItemDisplay$ItemRenderState;
[09:33:46] [main/DEBUG]: Skipping Lnet/minecraft/world/entity/Display$IntInterpolator;
[09:33:46] [main/DEBUG]: Skipping Lnet/minecraft/world/entity/Display$GenericInterpolator;
[09:33:46] [main/DEBUG]: Skipping Lnet/minecraft/world/entity/Display$FloatInterpolator;
[09:33:46] [main/DEBUG]: Skipping Lnet/minecraft/world/entity/Display$ColorInterpolator;
[09:33:46] [main/DEBUG]: Skipping Lnet/minecraft/world/entity/Display$BlockDisplay;
[09:33:46] [main/DEBUG]: Skipping Lnet/minecraft/world/entity/Display$BlockDisplay$BlockRenderState;
[09:33:46] [main/DEBUG]: Skipping Lnet/minecraft/world/entity/Display$BillboardConstraints;
[09:33:46] [main/DEBUG]: Skipping Lnet/minecraft/world/entity/Crackiness;
[09:33:46] [main/DEBUG]: Skipping Lnet/minecraft/world/entity/Crackiness$Level;
[09:33:46] [main/DEBUG]: Skipping Lnet/minecraft/world/entity/Attackable;
[09:33:46] [main/DEBUG]: Skipping Lnet/minecraft/world/entity/AreaEffectCloud;
[09:33:46] [main/DEBUG]: Skipping Lnet/minecraft/world/entity/AnimationState;
[09:33:46] [main/DEBUG]: Skipping Lnet/minecraft/world/entity/AgeableMob;
[09:33:46] [main/DEBUG]: Skipping Lnet/minecraft/world/entity/AgeableMob$AgeableMobGroupData;
[09:33:46] [main/DEBUG]: Skipping Lnet/minecraft/world/entity/TamableAnimal;
[09:33:46] [main/DEBUG]: Skipping Lnet/minecraft/world/entity/TamableAnimal$TamableAnimalPanicGoal;
[09:33:46] [main/DEBUG]: Skipping Lnet/minecraft/world/entity/SpawnPlacements;
[09:33:46] [main/DEBUG]: Skipping Lnet/minecraft/world/entity/SpawnPlacements$SpawnPredicate;
[09:33:46] [main/DEBUG]: Skipping Lnet/minecraft/world/entity/SpawnPlacements$Data;
[09:33:46] [main/DEBUG]: Skipping Lnet/minecraft/world/entity/SpawnPlacementTypes;
[09:33:46] [main/DEBUG]: Skipping Lnet/minecraft/world/entity/SpawnPlacementTypes$1;
[09:33:46] [main/DEBUG]: Skipping Lnet/minecraft/world/entity/Shearable;
[09:33:46] [main/DEBUG]: Skipping Lnet/minecraft/world/entity/MobCategory;
[09:33:46] [main/DEBUG]: Transforming class Lnet/minecraft/world/entity/Mob;
[09:33:46] [main/DEBUG]: Transforming net/minecraft/world/entity/Mob FIELD f_21345_ to access PUBLIC and LEAVE
[09:33:46] [main/DEBUG]: Transforming net/minecraft/world/entity/Mob FIELD f_21346_ to access PUBLIC and LEAVE
[09:33:46] [main/DEBUG]: Skipping Lnet/minecraft/world/entity/Mob$1;
[09:33:46] [main/DEBUG]: Skipping Lnet/minecraft/world/entity/LivingEntity;
[09:33:46] [main/DEBUG]: Skipping Lnet/minecraft/world/entity/LivingEntity$Fallsounds;
[09:33:46] [main/DEBUG]: Skipping Lnet/minecraft/world/entity/LivingEntity$1;
[09:33:46] [main/DEBUG]: Skipping Lnet/minecraft/world/entity/LightningBolt;
[09:33:46] [main/DEBUG]: Skipping Lnet/minecraft/world/entity/FlyingMob;
[09:33:46] [main/DEBUG]: Transforming class Lnet/minecraft/world/entity/ExperienceOrb;
[09:33:46] [main/DEBUG]: Transforming net/minecraft/world/entity/ExperienceOrb FIELD f_20770_ to access PUBLIC and LEAVE
[09:33:46] [main/DEBUG]: Skipping Lnet/minecraft/world/entity/EntityType;
[09:33:46] [main/DEBUG]: Skipping Lnet/minecraft/world/entity/EntityType$EntityFactory;
[09:33:46] [main/DEBUG]: Skipping Lnet/minecraft/world/entity/EntityType$Builder;
[09:33:46] [main/DEBUG]: Skipping Lnet/minecraft/world/entity/EntityType$1;
[09:33:46] [main/DEBUG]: Transforming class Lnet/minecraft/world/entity/Entity;
[09:33:46] [main/DEBUG]: Transforming net/minecraft/world/entity/Entity FIELD f_19843_ to access PROTECTED and LEAVE
[09:33:46] [main/DEBUG]: Transforming net/minecraft/world/entity/Entity METHOD m_20078_()Ljava/lang/String; to access PUBLIC and LEAVE
[09:33:46] [main/DEBUG]: Skipping Lnet/minecraft/world/entity/Entity$RemovalReason;
[09:33:46] [main/DEBUG]: Skipping Lnet/minecraft/world/entity/Entity$MovementEmission;
[09:33:46] [main/DEBUG]: Skipping Lnet/minecraft/world/entity/Entity$MoveFunction;
[09:33:46] [main/DEBUG]: Skipping Lnet/minecraft/world/entity/Entity$1;
[09:33:46] [main/DEBUG]: Skipping Lnet/minecraft/world/effect/package-info;
[09:33:46] [main/DEBUG]: Skipping Lnet/minecraft/world/effect/WitherMobEffect;
[09:33:46] [main/DEBUG]: Skipping Lnet/minecraft/world/effect/WindChargedMobEffect;
[09:33:46] [main/DEBUG]: Skipping Lnet/minecraft/world/effect/WeavingMobEffect;
[09:33:46] [main/DEBUG]: Skipping Lnet/minecraft/world/effect/SaturationMobEffect;
[09:33:46] [main/DEBUG]: Skipping Lnet/minecraft/world/effect/RegenerationMobEffect;
[09:33:46] [main/DEBUG]: Skipping Lnet/minecraft/world/effect/RaidOmenMobEffect;
[09:33:46] [main/DEBUG]: Skipping Lnet/minecraft/world/effect/PoisonMobEffect;
[09:33:46] [main/DEBUG]: Skipping Lnet/minecraft/world/effect/OozingMobEffect;
[09:33:46] [main/DEBUG]: Skipping Lnet/minecraft/world/effect/OozingMobEffect$NearbySlimes;
[09:33:46] [main/DEBUG]: Skipping Lnet/minecraft/world/effect/MobEffects;
[09:33:46] [main/DEBUG]: Skipping Lnet/minecraft/world/effect/MobEffectUtil;
[09:33:46] [main/DEBUG]: Skipping Lnet/minecraft/world/effect/MobEffectInstance;
[09:33:46] [main/DEBUG]: Skipping Lnet/minecraft/world/effect/MobEffectInstance$Details;
[09:33:46] [main/DEBUG]: Skipping Lnet/minecraft/world/effect/MobEffectInstance$BlendState;
[09:33:46] [main/DEBUG]: Skipping Lnet/minecraft/world/effect/MobEffectCategory;
[09:33:46] [main/DEBUG]: Skipping Lnet/minecraft/world/effect/InstantenousMobEffect;
[09:33:46] [main/DEBUG]: Skipping Lnet/minecraft/world/effect/InfestedMobEffect;
[09:33:46] [main/DEBUG]: Skipping Lnet/minecraft/world/effect/HungerMobEffect;
[09:33:46] [main/DEBUG]: Skipping Lnet/minecraft/world/effect/HealOrHarmMobEffect;
[09:33:46] [main/DEBUG]: Skipping Lnet/minecraft/world/effect/BadOmenMobEffect;
[09:33:46] [main/DEBUG]: Skipping Lnet/minecraft/world/effect/AbsorptionMobEffect;
[09:33:46] [main/DEBUG]: Skipping Lnet/minecraft/world/effect/MobEffect;
[09:33:46] [main/DEBUG]: Skipping Lnet/minecraft/world/effect/MobEffect$AttributeTemplate;
[09:33:46] [main/DEBUG]: Skipping Lnet/minecraft/world/damagesource/package-info;
[09:33:46] [main/DEBUG]: Skipping Lnet/minecraft/world/damagesource/FallLocation;
[09:33:46] [main/DEBUG]: Skipping Lnet/minecraft/world/damagesource/DeathMessageType;
[09:33:46] [main/DEBUG]: Skipping Lnet/minecraft/world/damagesource/DamageTypes;
[09:33:46] [main/DEBUG]: Skipping Lnet/minecraft/world/damagesource/DamageType;
[09:33:46] [main/DEBUG]: Skipping Lnet/minecraft/world/damagesource/DamageSources;
[09:33:46] [main/DEBUG]: Transforming class Lnet/minecraft/world/damagesource/DamageSource;
[09:33:46] [main/DEBUG]: Transforming net/minecraft/world/damagesource/DamageSource METHOD <init>(Lnet/minecraft/core/Holder;Lnet/minecraft/world/entity/Entity;Lnet/minecraft/world/entity/Entity;Lnet/minecraft/world/phys/Vec3;)V to access PUBLIC and LEAVE
[09:33:46] [main/DEBUG]: Skipping Lnet/minecraft/world/damagesource/DamageSource$1;
[09:33:46] [main/DEBUG]: Skipping Lnet/minecraft/world/damagesource/DamageScaling;
[09:33:46] [main/DEBUG]: Skipping Lnet/minecraft/world/damagesource/DamageEffects;
[09:33:46] [main/DEBUG]: Skipping Lnet/minecraft/world/damagesource/CombatTracker;
[09:33:46] [main/DEBUG]: Skipping Lnet/minecraft/world/damagesource/CombatRules;
[09:33:46] [main/DEBUG]: Skipping Lnet/minecraft/world/damagesource/CombatEntry;
[09:33:46] [main/DEBUG]: Skipping Lnet/minecraft/world/WorldlyContainerHolder;
[09:33:46] [main/DEBUG]: Skipping Lnet/minecraft/world/WorldlyContainer;
[09:33:46] [main/DEBUG]: Skipping Lnet/minecraft/world/TickRateManager;
[09:33:46] [main/DEBUG]: Skipping Lnet/minecraft/world/SimpleMenuProvider;
[09:33:46] [main/DEBUG]: Skipping Lnet/minecraft/world/SimpleContainer;
[09:33:46] [main/DEBUG]: Skipping Lnet/minecraft/world/RandomizableContainer;
[09:33:46] [main/DEBUG]: Skipping Lnet/minecraft/world/RandomSequences;
[09:33:46] [main/DEBUG]: Skipping Lnet/minecraft/world/RandomSequences$DirtyMarkingRandomSource;
[09:33:46] [main/DEBUG]: Skipping Lnet/minecraft/world/RandomSequence;
[09:33:46] [main/DEBUG]: Skipping Lnet/minecraft/world/Nameable;
[09:33:46] [main/DEBUG]: Skipping Lnet/minecraft/world/MenuProvider;
[09:33:46] [main/DEBUG]: Skipping Lnet/minecraft/world/LockCode;
[09:33:46] [main/DEBUG]: Skipping Lnet/minecraft/world/ItemInteractionResult;
[09:33:46] [main/DEBUG]: Skipping Lnet/minecraft/world/InteractionResultHolder;
[09:33:46] [main/DEBUG]: Skipping Lnet/minecraft/world/InteractionResult;
[09:33:46] [main/DEBUG]: Skipping Lnet/minecraft/world/InteractionHand;
[09:33:46] [main/DEBUG]: Skipping Lnet/minecraft/world/DifficultyInstance;
[09:33:46] [main/DEBUG]: Skipping Lnet/minecraft/world/Difficulty;
[09:33:46] [main/DEBUG]: Skipping Lnet/minecraft/world/Containers;
[09:33:46] [main/DEBUG]: Skipping Lnet/minecraft/world/ContainerListener;
[09:33:46] [main/DEBUG]: Skipping Lnet/minecraft/world/ContainerHelper;
[09:33:46] [main/DEBUG]: Skipping Lnet/minecraft/world/Container;
[09:33:46] [main/DEBUG]: Skipping Lnet/minecraft/world/CompoundContainer;
[09:33:46] [main/DEBUG]: Skipping Lnet/minecraft/world/Clearable;
[09:33:46] [main/DEBUG]: Skipping Lnet/minecraft/world/BossEvent;
[09:33:46] [main/DEBUG]: Skipping Lnet/minecraft/world/BossEvent$BossBarOverlay;
[09:33:46] [main/DEBUG]: Skipping Lnet/minecraft/world/BossEvent$BossBarColor;
[09:33:46] [main/DEBUG]: Skipping Lnet/minecraft/util/worldupdate/package-info;
[09:33:46] [main/DEBUG]: Skipping Lnet/minecraft/util/worldupdate/WorldUpgrader;
[09:33:46] [main/DEBUG]: Skipping Lnet/minecraft/util/worldupdate/WorldUpgrader$SimpleRegionStorageUpgrader;
[09:33:46] [main/DEBUG]: Skipping Lnet/minecraft/util/worldupdate/WorldUpgrader$PoiUpgrader;
[09:33:46] [main/DEBUG]: Skipping Lnet/minecraft/util/worldupdate/WorldUpgrader$FileToUpgrade;
[09:33:46] [main/DEBUG]: Skipping Lnet/minecraft/util/worldupdate/WorldUpgrader$EntityUpgrader;
[09:33:46] [main/DEBUG]: Skipping Lnet/minecraft/util/worldupdate/WorldUpgrader$DimensionToUpgrade;
[09:33:46] [main/DEBUG]: Skipping Lnet/minecraft/util/worldupdate/WorldUpgrader$ChunkUpgrader;
[09:33:46] [main/DEBUG]: Skipping Lnet/minecraft/util/worldupdate/WorldUpgrader$AbstractUpgrader;
[09:33:46] [main/DEBUG]: Skipping Lnet/minecraft/util/valueproviders/package-info;
[09:33:46] [main/DEBUG]: Skipping Lnet/minecraft/util/valueproviders/WeightedListInt;
[09:33:46] [main/DEBUG]: Skipping Lnet/minecraft/util/valueproviders/UniformInt;
[09:33:46] [main/DEBUG]: Skipping Lnet/minecraft/util/valueproviders/UniformFloat;
[09:33:46] [main/DEBUG]: Skipping Lnet/minecraft/util/valueproviders/TrapezoidFloat;
[09:33:46] [main/DEBUG]: Skipping Lnet/minecraft/util/valueproviders/SampledFloat;
[09:33:46] [main/DEBUG]: Skipping Lnet/minecraft/util/valueproviders/MultipliedFloats;
[09:33:46] [main/DEBUG]: Skipping Lnet/minecraft/util/valueproviders/IntProviderType;
[09:33:46] [main/DEBUG]: Skipping Lnet/minecraft/util/valueproviders/IntProvider;
[09:33:46] [main/DEBUG]: Skipping Lnet/minecraft/util/valueproviders/FloatProviderType;
[09:33:46] [main/DEBUG]: Skipping Lnet/minecraft/util/valueproviders/FloatProvider;
[09:33:46] [main/DEBUG]: Skipping Lnet/minecraft/util/valueproviders/ConstantInt;
[09:33:46] [main/DEBUG]: Skipping Lnet/minecraft/util/valueproviders/ConstantFloat;
[09:33:46] [main/DEBUG]: Skipping Lnet/minecraft/util/valueproviders/ClampedNormalInt;
[09:33:46] [main/DEBUG]: Skipping Lnet/minecraft/util/valueproviders/ClampedNormalFloat;
[09:33:46] [main/DEBUG]: Skipping Lnet/minecraft/util/valueproviders/ClampedInt;
[09:33:46] [main/DEBUG]: Skipping Lnet/minecraft/util/valueproviders/BiasedToBottomInt;
[09:33:46] [main/DEBUG]: Skipping Lnet/minecraft/util/thread/package-info;
[09:33:46] [main/DEBUG]: Skipping Lnet/minecraft/util/thread/StrictQueue;
[09:33:46] [main/DEBUG]: Skipping Lnet/minecraft/util/thread/StrictQueue$QueueStrictQueue;
[09:33:46] [main/DEBUG]: Skipping Lnet/minecraft/util/thread/StrictQueue$IntRunnable;
[09:33:46] [main/DEBUG]: Skipping Lnet/minecraft/util/thread/StrictQueue$FixedPriorityQueue;
[09:33:46] [main/DEBUG]: Skipping Lnet/minecraft/util/thread/ReentrantBlockableEventLoop;
[09:33:46] [main/DEBUG]: Skipping Lnet/minecraft/util/thread/ProcessorMailbox;
[09:33:46] [main/DEBUG]: Skipping Lnet/minecraft/util/thread/ProcessorHandle;
[09:33:46] [main/DEBUG]: Skipping Lnet/minecraft/util/thread/ProcessorHandle$1;
[09:33:46] [main/DEBUG]: Skipping Lnet/minecraft/util/thread/NamedThreadFactory;
[09:33:46] [main/DEBUG]: Transforming class Lnet/minecraft/util/thread/BlockableEventLoop;
[09:33:46] [main/DEBUG]: Transforming net/minecraft/util/thread/BlockableEventLoop METHOD m_18689_(Ljava/lang/Runnable;)Ljava/util/concurrent/CompletableFuture; to access PUBLIC and LEAVE
[09:33:46] [main/DEBUG]: Skipping Lnet/minecraft/util/random/package-info;
[09:33:46] [main/DEBUG]: Skipping Lnet/minecraft/util/random/WeightedRandomList;
[09:33:46] [main/DEBUG]: Skipping Lnet/minecraft/util/random/WeightedRandom;
[09:33:46] [main/DEBUG]: Skipping Lnet/minecraft/util/random/WeightedEntry;
[09:33:46] [main/DEBUG]: Skipping Lnet/minecraft/util/random/WeightedEntry$Wrapper;
[09:33:46] [main/DEBUG]: Skipping Lnet/minecraft/util/random/WeightedEntry$IntrusiveBase;
[09:33:46] [main/DEBUG]: Skipping Lnet/minecraft/util/random/Weight;
[09:33:46] [main/DEBUG]: Skipping Lnet/minecraft/util/random/SimpleWeightedRandomList;
[09:33:46] [main/DEBUG]: Skipping Lnet/minecraft/util/random/SimpleWeightedRandomList$Builder;
[09:33:46] [main/DEBUG]: Skipping Lnet/minecraft/util/profiling/package-info;
[09:33:46] [main/DEBUG]: Skipping Lnet/minecraft/util/profiling/metrics/storage/package-info;
[09:33:46] [main/DEBUG]: Skipping Lnet/minecraft/util/profiling/metrics/storage/RecordedDeviation;
[09:33:46] [main/DEBUG]: Skipping Lnet/minecraft/util/profiling/metrics/storage/MetricsPersister;
[09:33:46] [main/DEBUG]: Skipping Lnet/minecraft/util/profiling/metrics/profiling/package-info;
[09:33:46] [main/DEBUG]: Skipping Lnet/minecraft/util/profiling/metrics/profiling/ServerMetricsSamplersProvider;
[09:33:46] [main/DEBUG]: Skipping Lnet/minecraft/util/profiling/metrics/profiling/ServerMetricsSamplersProvider$CpuStats;
[09:33:46] [main/DEBUG]: Skipping Lnet/minecraft/util/profiling/metrics/profiling/ServerMetricsSamplersProvider$1;
[09:33:46] [main/DEBUG]: Skipping Lnet/minecraft/util/profiling/metrics/profiling/ProfilerSamplerAdapter;
[09:33:46] [main/DEBUG]: Skipping Lnet/minecraft/util/profiling/metrics/profiling/MetricsRecorder;
[09:33:46] [main/DEBUG]: Skipping Lnet/minecraft/util/profiling/metrics/profiling/InactiveMetricsRecorder;
[09:33:46] [main/DEBUG]: Skipping Lnet/minecraft/util/profiling/metrics/profiling/ActiveMetricsRecorder;
[09:33:46] [main/DEBUG]: Skipping Lnet/minecraft/util/profiling/metrics/package-info;
[09:33:46] [main/DEBUG]: Skipping Lnet/minecraft/util/profiling/metrics/ProfilerMeasured;
[09:33:46] [main/DEBUG]: Skipping Lnet/minecraft/util/profiling/metrics/MetricsSamplerProvider;
[09:33:46] [main/DEBUG]: Skipping Lnet/minecraft/util/profiling/metrics/MetricsRegistry;
[09:33:46] [main/DEBUG]: Skipping Lnet/minecraft/util/profiling/metrics/MetricsRegistry$AggregatedMetricSampler;
[09:33:46] [main/DEBUG]: Skipping Lnet/minecraft/util/profiling/metrics/MetricSampler;
[09:33:46] [main/DEBUG]: Skipping Lnet/minecraft/util/profiling/metrics/MetricSampler$ValueIncreasedByPercentage;
[09:33:46] [main/DEBUG]: Skipping Lnet/minecraft/util/profiling/metrics/MetricSampler$ThresholdTest;
[09:33:46] [main/DEBUG]: Skipping Lnet/minecraft/util/profiling/metrics/MetricSampler$SamplerResult;
[09:33:46] [main/DEBUG]: Skipping Lnet/minecraft/util/profiling/metrics/MetricSampler$MetricSamplerBuilder;
[09:33:46] [main/DEBUG]: Skipping Lnet/minecraft/util/profiling/metrics/MetricCategory;
[09:33:46] [main/DEBUG]: Skipping Lnet/minecraft/util/profiling/jfr/stats/package-info;
[09:33:46] [main/DEBUG]: Skipping Lnet/minecraft/util/profiling/jfr/stats/TimedStatSummary;
[09:33:46] [main/DEBUG]: Skipping Lnet/minecraft/util/profiling/jfr/stats/TimedStat;
[09:33:46] [main/DEBUG]: Skipping Lnet/minecraft/util/profiling/jfr/stats/TickTimeStat;
[09:33:46] [main/DEBUG]: Skipping Lnet/minecraft/util/profiling/jfr/stats/ThreadAllocationStat;
[09:33:46] [main/DEBUG]: Skipping Lnet/minecraft/util/profiling/jfr/stats/ThreadAllocationStat$Summary;
[09:33:46] [main/DEBUG]: Skipping Lnet/minecraft/util/profiling/jfr/stats/PacketIdentification;
[09:33:46] [main/DEBUG]: Skipping Lnet/minecraft/util/profiling/jfr/stats/IoSummary;
[09:33:46] [main/DEBUG]: Skipping Lnet/minecraft/util/profiling/jfr/stats/IoSummary$CountAndSize;
[09:33:46] [main/DEBUG]: Skipping Lnet/minecraft/util/profiling/jfr/stats/GcHeapStat;
[09:33:46] [main/DEBUG]: Skipping Lnet/minecraft/util/profiling/jfr/stats/GcHeapStat$Timing;
[09:33:46] [main/DEBUG]: Skipping Lnet/minecraft/util/profiling/jfr/stats/GcHeapStat$Summary;
[09:33:46] [main/DEBUG]: Skipping Lnet/minecraft/util/profiling/jfr/stats/FileIOStat;
[09:33:46] [main/DEBUG]: Skipping Lnet/minecraft/util/profiling/jfr/stats/FileIOStat$Summary;
[09:33:46] [main/DEBUG]: Skipping Lnet/minecraft/util/profiling/jfr/stats/CpuLoadStat;
[09:33:46] [main/DEBUG]: Skipping Lnet/minecraft/util/profiling/jfr/stats/ChunkIdentification;
[09:33:46] [main/DEBUG]: Skipping Lnet/minecraft/util/profiling/jfr/stats/ChunkGenStat;
[09:33:46] [main/DEBUG]: Skipping Lnet/minecraft/util/profiling/jfr/serialize/package-info;
[09:33:46] [main/DEBUG]: Skipping Lnet/minecraft/util/profiling/jfr/serialize/JfrResultJsonSerializer;
[09:33:46] [main/DEBUG]: Skipping Lnet/minecraft/util/profiling/jfr/parse/package-info;
[09:33:46] [main/DEBUG]: Skipping Lnet/minecraft/util/profiling/jfr/parse/JfrStatsResult;
[09:33:46] [main/DEBUG]: Skipping Lnet/minecraft/util/profiling/jfr/parse/JfrStatsParser;
[09:33:46] [main/DEBUG]: Skipping Lnet/minecraft/util/profiling/jfr/parse/JfrStatsParser$MutableCountAndSize;
[09:33:46] [main/DEBUG]: Skipping Lnet/minecraft/util/profiling/jfr/parse/JfrStatsParser$1;
[09:33:46] [main/DEBUG]: Skipping Lnet/minecraft/util/profiling/jfr/package-info;
[09:33:46] [main/DEBUG]: Skipping Lnet/minecraft/util/profiling/jfr/event/package-info;
[09:33:46] [main/DEBUG]: Skipping Lnet/minecraft/util/profiling/jfr/event/WorldLoadFinishedEvent;
[09:33:46] [main/DEBUG]: Skipping Lnet/minecraft/util/profiling/jfr/event/ServerTickTimeEvent;
[09:33:46] [main/DEBUG]: Skipping Lnet/minecraft/util/profiling/jfr/event/ServerTickTimeEvent$Fields;
[09:33:46] [main/DEBUG]: Skipping Lnet/minecraft/util/profiling/jfr/event/PacketSentEvent;
[09:33:46] [main/DEBUG]: Skipping Lnet/minecraft/util/profiling/jfr/event/PacketReceivedEvent;
[09:33:46] [main/DEBUG]: Skipping Lnet/minecraft/util/profiling/jfr/event/PacketEvent;
[09:33:46] [main/DEBUG]: Skipping Lnet/minecraft/util/profiling/jfr/event/PacketEvent$Fields;
[09:33:46] [main/DEBUG]: Skipping Lnet/minecraft/util/profiling/jfr/event/NetworkSummaryEvent;
[09:33:46] [main/DEBUG]: Skipping Lnet/minecraft/util/profiling/jfr/event/NetworkSummaryEvent$SumAggregation;
[09:33:46] [main/DEBUG]: Skipping Lnet/minecraft/util/profiling/jfr/event/NetworkSummaryEvent$Fields;
[09:33:46] [main/DEBUG]: Skipping Lnet/minecraft/util/profiling/jfr/event/ChunkRegionWriteEvent;
[09:33:46] [main/DEBUG]: Skipping Lnet/minecraft/util/profiling/jfr/event/ChunkRegionReadEvent;
[09:33:46] [main/DEBUG]: Skipping Lnet/minecraft/util/profiling/jfr/event/ChunkRegionIoEvent;
[09:33:46] [main/DEBUG]: Skipping Lnet/minecraft/util/profiling/jfr/event/ChunkRegionIoEvent$Fields;
[09:33:46] [main/DEBUG]: Skipping Lnet/minecraft/util/profiling/jfr/event/ChunkGenerationEvent;
[09:33:46] [main/DEBUG]: Skipping Lnet/minecraft/util/profiling/jfr/event/ChunkGenerationEvent$Fields;
[09:33:46] [main/DEBUG]: Skipping Lnet/minecraft/util/profiling/jfr/callback/package-info;
[09:33:46] [main/DEBUG]: Skipping Lnet/minecraft/util/profiling/jfr/callback/ProfiledDuration;
[09:33:46] [main/DEBUG]: Skipping Lnet/minecraft/util/profiling/jfr/SummaryReporter;
[09:33:46] [main/DEBUG]: Skipping Lnet/minecraft/util/profiling/jfr/Percentiles;
[09:33:46] [main/DEBUG]: Skipping Lnet/minecraft/util/profiling/jfr/JvmProfiler;
[09:33:46] [main/DEBUG]: Skipping Lnet/minecraft/util/profiling/jfr/JvmProfiler$NoOpProfiler;
[09:33:46] [main/DEBUG]: Skipping Lnet/minecraft/util/profiling/jfr/JfrProfiler;
[09:33:46] [main/DEBUG]: Skipping Lnet/minecraft/util/profiling/jfr/JfrProfiler$1;
[09:33:46] [main/DEBUG]: Skipping Lnet/minecraft/util/profiling/jfr/Environment;
[09:33:46] [main/DEBUG]: Skipping Lnet/minecraft/util/profiling/SingleTickProfiler;
[09:33:46] [main/DEBUG]: Skipping Lnet/minecraft/util/profiling/ResultField;
[09:33:46] [main/DEBUG]: Skipping Lnet/minecraft/util/profiling/ProfilerPathEntry;
[09:33:46] [main/DEBUG]: Skipping Lnet/minecraft/util/profiling/ProfilerFiller;
[09:33:46] [main/DEBUG]: Skipping Lnet/minecraft/util/profiling/ProfilerFiller$1;
[09:33:46] [main/DEBUG]: Skipping Lnet/minecraft/util/profiling/ProfileResults;
[09:33:46] [main/DEBUG]: Skipping Lnet/minecraft/util/profiling/ProfileCollector;
[09:33:46] [main/DEBUG]: Skipping Lnet/minecraft/util/profiling/InactiveProfiler;
[09:33:46] [main/DEBUG]: Skipping Lnet/minecraft/util/profiling/FilledProfileResults;
[09:33:46] [main/DEBUG]: Skipping Lnet/minecraft/util/profiling/FilledProfileResults$CounterCollector;
[09:33:46] [main/DEBUG]: Skipping Lnet/minecraft/util/profiling/FilledProfileResults$1;
[09:33:46] [main/DEBUG]: Skipping Lnet/minecraft/util/profiling/EmptyProfileResults;
[09:33:46] [main/DEBUG]: Skipping Lnet/minecraft/util/profiling/ContinuousProfiler;
[09:33:46] [main/DEBUG]: Skipping Lnet/minecraft/util/profiling/ActiveProfiler;
[09:33:46] [main/DEBUG]: Skipping Lnet/minecraft/util/profiling/ActiveProfiler$PathEntry;
[09:33:46] [main/DEBUG]: Skipping Lnet/minecraft/util/parsing/packrat/package-info;
[09:33:46] [main/DEBUG]: Skipping Lnet/minecraft/util/parsing/packrat/commands/package-info;
[09:33:46] [main/DEBUG]: Skipping Lnet/minecraft/util/parsing/packrat/commands/TagParseRule;
[09:33:46] [main/DEBUG]: Skipping Lnet/minecraft/util/parsing/packrat/commands/StringReaderTerms;
[09:33:46] [main/DEBUG]: Skipping Lnet/minecraft/util/parsing/packrat/commands/StringReaderTerms$TerminalWord;
[09:33:46] [main/DEBUG]: Skipping Lnet/minecraft/util/parsing/packrat/commands/StringReaderTerms$TerminalCharacter;
[09:33:46] [main/DEBUG]: Skipping Lnet/minecraft/util/parsing/packrat/commands/StringReaderParserState;
[09:33:46] [main/DEBUG]: Skipping Lnet/minecraft/util/parsing/packrat/commands/ResourceSuggestion;
[09:33:46] [main/DEBUG]: Skipping Lnet/minecraft/util/parsing/packrat/commands/ResourceLookupRule;
[09:33:46] [main/DEBUG]: Skipping Lnet/minecraft/util/parsing/packrat/commands/ResourceLocationParseRule;
[09:33:46] [main/DEBUG]: Skipping Lnet/minecraft/util/parsing/packrat/commands/Grammar;
[09:33:46] [main/DEBUG]: Skipping Lnet/minecraft/util/parsing/packrat/Term;
[09:33:46] [main/DEBUG]: Skipping Lnet/minecraft/util/parsing/packrat/Term$Sequence;
[09:33:46] [main/DEBUG]: Skipping Lnet/minecraft/util/parsing/packrat/Term$Reference;
[09:33:46] [main/DEBUG]: Skipping Lnet/minecraft/util/parsing/packrat/Term$Maybe;
[09:33:46] [main/DEBUG]: Skipping Lnet/minecraft/util/parsing/packrat/Term$Marker;
[09:33:46] [main/DEBUG]: Skipping Lnet/minecraft/util/parsing/packrat/Term$Alternative;
[09:33:46] [main/DEBUG]: Skipping Lnet/minecraft/util/parsing/packrat/Term$2;
[09:33:46] [main/DEBUG]: Skipping Lnet/minecraft/util/parsing/packrat/Term$1;
[09:33:46] [main/DEBUG]: Skipping Lnet/minecraft/util/parsing/packrat/SuggestionSupplier;
[09:33:46] [main/DEBUG]: Skipping Lnet/minecraft/util/parsing/packrat/Scope;
[09:33:46] [main/DEBUG]: Skipping Lnet/minecraft/util/parsing/packrat/Rule;
[09:33:46] [main/DEBUG]: Skipping Lnet/minecraft/util/parsing/packrat/Rule$WrappedTerm;
[09:33:46] [main/DEBUG]: Skipping Lnet/minecraft/util/parsing/packrat/Rule$SimpleRuleAction;
[09:33:46] [main/DEBUG]: Skipping Lnet/minecraft/util/parsing/packrat/Rule$RuleAction;
[09:33:46] [main/DEBUG]: Skipping Lnet/minecraft/util/parsing/packrat/ParseState;
[09:33:46] [main/DEBUG]: Skipping Lnet/minecraft/util/parsing/packrat/ParseState$CacheKey;
[09:33:46] [main/DEBUG]: Skipping Lnet/minecraft/util/parsing/packrat/ParseState$CacheEntry;
[09:33:46] [main/DEBUG]: Skipping Lnet/minecraft/util/parsing/packrat/ErrorEntry;
[09:33:46] [main/DEBUG]: Skipping Lnet/minecraft/util/parsing/packrat/ErrorCollector;
[09:33:46] [main/DEBUG]: Skipping Lnet/minecraft/util/parsing/packrat/ErrorCollector$LongestOnly;
[09:33:46] [main/DEBUG]: Skipping Lnet/minecraft/util/parsing/packrat/Dictionary;
[09:33:46] [main/DEBUG]: Skipping Lnet/minecraft/util/parsing/packrat/Control;
[09:33:46] [main/DEBUG]: Skipping Lnet/minecraft/util/parsing/packrat/Atom;
[09:33:46] [main/DEBUG]: Skipping Lnet/minecraft/util/parsing/package-info;
[09:33:46] [main/DEBUG]: Skipping Lnet/minecraft/util/package-info;
[09:33:46] [main/DEBUG]: Skipping Lnet/minecraft/util/monitoring/jmx/package-info;
[09:33:46] [main/DEBUG]: Skipping Lnet/minecraft/util/monitoring/jmx/MinecraftServerStatistics;
[09:33:46] [main/DEBUG]: Skipping Lnet/minecraft/util/monitoring/jmx/MinecraftServerStatistics$AttributeDescription;
[09:33:46] [main/DEBUG]: Skipping Lnet/minecraft/util/eventlog/package-info;
[09:33:46] [main/DEBUG]: Skipping Lnet/minecraft/util/eventlog/JsonEventLogReader;
[09:33:46] [main/DEBUG]: Skipping Lnet/minecraft/util/eventlog/JsonEventLogReader$1;
[09:33:46] [main/DEBUG]: Skipping Lnet/minecraft/util/eventlog/JsonEventLog;
[09:33:46] [main/DEBUG]: Skipping Lnet/minecraft/util/eventlog/JsonEventLog$1;
[09:33:46] [main/DEBUG]: Skipping Lnet/minecraft/util/eventlog/EventLogDirectory;
[09:33:46] [main/DEBUG]: Skipping Lnet/minecraft/util/eventlog/EventLogDirectory$RawFile;
[09:33:46] [main/DEBUG]: Skipping Lnet/minecraft/util/eventlog/EventLogDirectory$FileList;
[09:33:46] [main/DEBUG]: Skipping Lnet/minecraft/util/eventlog/EventLogDirectory$FileId;
[09:33:46] [main/DEBUG]: Skipping Lnet/minecraft/util/eventlog/EventLogDirectory$File;
[09:33:46] [main/DEBUG]: Skipping Lnet/minecraft/util/eventlog/EventLogDirectory$CompressedFile;
[09:33:46] [main/DEBUG]: Skipping Lnet/minecraft/util/debugchart/TpsDebugDimensions;
[09:33:46] [main/DEBUG]: Skipping Lnet/minecraft/util/debugchart/SampleStorage;
[09:33:46] [main/DEBUG]: Skipping Lnet/minecraft/util/debugchart/SampleLogger;
[09:33:46] [main/DEBUG]: Skipping Lnet/minecraft/util/debugchart/RemoteSampleLogger;
[09:33:46] [main/DEBUG]: Skipping Lnet/minecraft/util/debugchart/RemoteDebugSampleType;
[09:33:46] [main/DEBUG]: Skipping Lnet/minecraft/util/debugchart/LocalSampleLogger;
[09:33:46] [main/DEBUG]: Skipping Lnet/minecraft/util/debugchart/DebugSampleSubscriptionTracker;
[09:33:46] [main/DEBUG]: Skipping Lnet/minecraft/util/debugchart/DebugSampleSubscriptionTracker$SubscriptionStartedAt;
[09:33:46] [main/DEBUG]: Skipping Lnet/minecraft/util/debugchart/DebugSampleSubscriptionTracker$SubscriptionRequest;
[09:33:46] [main/DEBUG]: Skipping Lnet/minecraft/util/debugchart/AbstractSampleLogger;
[09:33:46] [main/DEBUG]: Skipping Lnet/minecraft/util/datafix/schemas/package-info;
[09:33:46] [main/DEBUG]: Skipping Lnet/minecraft/util/datafix/schemas/V99;
[09:33:46] [main/DEBUG]: Skipping Lnet/minecraft/util/datafix/schemas/V99$1;
[09:33:46] [main/DEBUG]: Skipping Lnet/minecraft/util/datafix/schemas/V808;
[09:33:46] [main/DEBUG]: Skipping Lnet/minecraft/util/datafix/schemas/V705;
[09:33:46] [main/DEBUG]: Skipping Lnet/minecraft/util/datafix/schemas/V705$1;
[09:33:46] [main/DEBUG]: Skipping Lnet/minecraft/util/datafix/schemas/V704;
[09:33:46] [main/DEBUG]: Skipping Lnet/minecraft/util/datafix/schemas/V704$1;
[09:33:46] [main/DEBUG]: Skipping Lnet/minecraft/util/datafix/schemas/V703;
[09:33:46] [main/DEBUG]: Skipping Lnet/minecraft/util/datafix/schemas/V702;
[09:33:46] [main/DEBUG]: Skipping Lnet/minecraft/util/datafix/schemas/V701;
[09:33:46] [main/DEBUG]: Skipping Lnet/minecraft/util/datafix/schemas/V700;
[09:33:46] [main/DEBUG]: Skipping Lnet/minecraft/util/datafix/schemas/V501;
[09:33:46] [main/DEBUG]: Skipping Lnet/minecraft/util/datafix/schemas/V3938;
[09:33:46] [main/DEBUG]: Skipping Lnet/minecraft/util/datafix/schemas/V3825;
[09:33:46] [main/DEBUG]: Skipping Lnet/minecraft/util/datafix/schemas/V3818_5;
[09:33:46] [main/DEBUG]: Skipping Lnet/minecraft/util/datafix/schemas/V3818_4;
[09:33:46] [main/DEBUG]: Skipping Lnet/minecraft/util/datafix/schemas/V3818_3;
[09:33:46] [main/DEBUG]: Skipping Lnet/minecraft/util/datafix/schemas/V3818;
[09:33:46] [main/DEBUG]: Skipping Lnet/minecraft/util/datafix/schemas/V3816;
[09:33:46] [main/DEBUG]: Skipping Lnet/minecraft/util/datafix/schemas/V3808_2;
[09:33:46] [main/DEBUG]: Skipping Lnet/minecraft/util/datafix/schemas/V3808_1;
[09:33:46] [main/DEBUG]: Skipping Lnet/minecraft/util/datafix/schemas/V3808;
[09:33:46] [main/DEBUG]: Skipping Lnet/minecraft/util/datafix/schemas/V3807;
[09:33:46] [main/DEBUG]: Skipping Lnet/minecraft/util/datafix/schemas/V3799;
[09:33:46] [main/DEBUG]: Skipping Lnet/minecraft/util/datafix/schemas/V3689;
[09:33:46] [main/DEBUG]: Skipping Lnet/minecraft/util/datafix/schemas/V3685;
[09:33:46] [main/DEBUG]: Skipping Lnet/minecraft/util/datafix/schemas/V3683;
[09:33:46] [main/DEBUG]: Skipping Lnet/minecraft/util/datafix/schemas/V3682;
[09:33:46] [main/DEBUG]: Skipping Lnet/minecraft/util/datafix/schemas/V3448;
[09:33:46] [main/DEBUG]: Skipping Lnet/minecraft/util/datafix/schemas/V3438;
[09:33:46] [main/DEBUG]: Skipping Lnet/minecraft/util/datafix/schemas/V3328;
[09:33:46] [main/DEBUG]: Skipping Lnet/minecraft/util/datafix/schemas/V3327;
[09:33:46] [main/DEBUG]: Skipping Lnet/minecraft/util/datafix/schemas/V3326;
[09:33:46] [main/DEBUG]: Skipping Lnet/minecraft/util/datafix/schemas/V3325;
[09:33:46] [main/DEBUG]: Skipping Lnet/minecraft/util/datafix/schemas/V3204;
[09:33:46] [main/DEBUG]: Skipping Lnet/minecraft/util/datafix/schemas/V3203;
[09:33:46] [main/DEBUG]: Skipping Lnet/minecraft/util/datafix/schemas/V3202;
[09:33:46] [main/DEBUG]: Skipping Lnet/minecraft/util/datafix/schemas/V3083;
[09:33:46] [main/DEBUG]: Skipping Lnet/minecraft/util/datafix/schemas/V3082;
[09:33:46] [main/DEBUG]: Skipping Lnet/minecraft/util/datafix/schemas/V3081;
[09:33:46] [main/DEBUG]: Skipping Lnet/minecraft/util/datafix/schemas/V3078;
[09:33:46] [main/DEBUG]: Skipping Lnet/minecraft/util/datafix/schemas/V3076;
[09:33:46] [main/DEBUG]: Skipping Lnet/minecraft/util/datafix/schemas/V2842;
[09:33:46] [main/DEBUG]: Skipping Lnet/minecraft/util/datafix/schemas/V2831;
[09:33:46] [main/DEBUG]: Skipping Lnet/minecraft/util/datafix/schemas/V2707;
[09:33:46] [main/DEBUG]: Skipping Lnet/minecraft/util/datafix/schemas/V2704;
[09:33:46] [main/DEBUG]: Skipping Lnet/minecraft/util/datafix/schemas/V2688;
[09:33:46] [main/DEBUG]: Skipping Lnet/minecraft/util/datafix/schemas/V2686;
[09:33:46] [main/DEBUG]: Skipping Lnet/minecraft/util/datafix/schemas/V2684;
[09:33:46] [main/DEBUG]: Skipping Lnet/minecraft/util/datafix/schemas/V2571;
[09:33:46] [main/DEBUG]: Skipping Lnet/minecraft/util/datafix/schemas/V2568;
[09:33:46] [main/DEBUG]: Skipping Lnet/minecraft/util/datafix/schemas/V2551;
[09:33:46] [main/DEBUG]: Skipping Lnet/minecraft/util/datafix/schemas/V2522;
[09:33:46] [main/DEBUG]: Skipping Lnet/minecraft/util/datafix/schemas/V2519;
[09:33:46] [main/DEBUG]: Skipping Lnet/minecraft/util/datafix/schemas/V2509;
[09:33:46] [main/DEBUG]: Skipping Lnet/minecraft/util/datafix/schemas/V2505;
[09:33:46] [main/DEBUG]: Skipping Lnet/minecraft/util/datafix/schemas/V2502;
[09:33:46] [main/DEBUG]: Skipping Lnet/minecraft/util/datafix/schemas/V2501;
[09:33:46] [main/DEBUG]: Skipping Lnet/minecraft/util/datafix/schemas/V2100;
[09:33:46] [main/DEBUG]: Skipping Lnet/minecraft/util/datafix/schemas/V1931;
[09:33:46] [main/DEBUG]: Skipping Lnet/minecraft/util/datafix/schemas/V1929;
[09:33:46] [main/DEBUG]: Skipping Lnet/minecraft/util/datafix/schemas/V1928;
[09:33:46] [main/DEBUG]: Skipping Lnet/minecraft/util/datafix/schemas/V1920;
[09:33:46] [main/DEBUG]: Skipping Lnet/minecraft/util/datafix/schemas/V1909;
[09:33:46] [main/DEBUG]: Skipping Lnet/minecraft/util/datafix/schemas/V1906;
[09:33:46] [main/DEBUG]: Skipping Lnet/minecraft/util/datafix/schemas/V1904;
[09:33:46] [main/DEBUG]: Skipping Lnet/minecraft/util/datafix/schemas/V1801;
[09:33:46] [main/DEBUG]: Skipping Lnet/minecraft/util/datafix/schemas/V1800;
[09:33:46] [main/DEBUG]: Skipping Lnet/minecraft/util/datafix/schemas/V1510;
[09:33:46] [main/DEBUG]: Skipping Lnet/minecraft/util/datafix/schemas/V1486;
[09:33:46] [main/DEBUG]: Skipping Lnet/minecraft/util/datafix/schemas/V1483;
[09:33:46] [main/DEBUG]: Skipping Lnet/minecraft/util/datafix/schemas/V1481;
[09:33:46] [main/DEBUG]: Skipping Lnet/minecraft/util/datafix/schemas/V1470;
[09:33:46] [main/DEBUG]: Skipping Lnet/minecraft/util/datafix/schemas/V1466;
[09:33:46] [main/DEBUG]: Skipping Lnet/minecraft/util/datafix/schemas/V1460;
[09:33:46] [main/DEBUG]: Skipping Lnet/minecraft/util/datafix/schemas/V1451_6;
[09:33:46] [main/DEBUG]: Skipping Lnet/minecraft/util/datafix/schemas/V1451_6$2;
[09:33:46] [main/DEBUG]: Skipping Lnet/minecraft/util/datafix/schemas/V1451_6$1;
[09:33:46] [main/DEBUG]: Skipping Lnet/minecraft/util/datafix/schemas/V1451_5;
[09:33:46] [main/DEBUG]: Skipping Lnet/minecraft/util/datafix/schemas/V1451_4;
[09:33:46] [main/DEBUG]: Skipping Lnet/minecraft/util/datafix/schemas/V1451_3;
[09:33:46] [main/DEBUG]: Skipping Lnet/minecraft/util/datafix/schemas/V1451_2;
[09:33:46] [main/DEBUG]: Skipping Lnet/minecraft/util/datafix/schemas/V1451_1;
[09:33:46] [main/DEBUG]: Skipping Lnet/minecraft/util/datafix/schemas/V1451;
[09:33:46] [main/DEBUG]: Skipping Lnet/minecraft/util/datafix/schemas/V143;
[09:33:46] [main/DEBUG]: Skipping Lnet/minecraft/util/datafix/schemas/V135;
[09:33:46] [main/DEBUG]: Skipping Lnet/minecraft/util/datafix/schemas/V1125;
[09:33:46] [main/DEBUG]: Skipping Lnet/minecraft/util/datafix/schemas/V107;
[09:33:46] [main/DEBUG]: Skipping Lnet/minecraft/util/datafix/schemas/V106;
[09:33:46] [main/DEBUG]: Skipping Lnet/minecraft/util/datafix/schemas/V1022;
[09:33:46] [main/DEBUG]: Skipping Lnet/minecraft/util/datafix/schemas/V102;
[09:33:46] [main/DEBUG]: Skipping Lnet/minecraft/util/datafix/schemas/V100;
[09:33:46] [main/DEBUG]: Skipping Lnet/minecraft/util/datafix/schemas/NamespacedSchema;
[09:33:46] [main/DEBUG]: Skipping Lnet/minecraft/util/datafix/schemas/NamespacedSchema$1;
[09:33:46] [main/DEBUG]: Skipping Lnet/minecraft/util/datafix/schemas/V2832;
[09:33:46] [main/DEBUG]: Skipping Lnet/minecraft/util/datafix/package-info;
[09:33:46] [main/DEBUG]: Skipping Lnet/minecraft/util/datafix/fixes/package-info;
[09:33:46] [main/DEBUG]: Skipping Lnet/minecraft/util/datafix/fixes/ZombieVillagerRebuildXpFix;
[09:33:46] [main/DEBUG]: Skipping Lnet/minecraft/util/datafix/fixes/WriteAndReadFix;
[09:33:46] [main/DEBUG]: Skipping Lnet/minecraft/util/datafix/fixes/WorldGenSettingsHeightAndBiomeFix;
[09:33:46] [main/DEBUG]: Skipping Lnet/minecraft/util/datafix/fixes/WorldGenSettingsFix;
[09:33:46] [main/DEBUG]: Skipping Lnet/minecraft/util/datafix/fixes/WorldGenSettingsFix$StructureFeatureConfiguration;
[09:33:46] [main/DEBUG]: Skipping Lnet/minecraft/util/datafix/fixes/WorldGenSettingsDisallowOldCustomWorldsFix;
[09:33:46] [main/DEBUG]: Skipping Lnet/minecraft/util/datafix/fixes/WeaponSmithChestLootTableFix;
[09:33:46] [main/DEBUG]: Skipping Lnet/minecraft/util/datafix/fixes/WallPropertyFix;
[09:33:46] [main/DEBUG]: Skipping Lnet/minecraft/util/datafix/fixes/VillagerTradeFix;
[09:33:46] [main/DEBUG]: Skipping Lnet/minecraft/util/datafix/fixes/VillagerRebuildLevelAndXpFix;
[09:33:46] [main/DEBUG]: Skipping Lnet/minecraft/util/datafix/fixes/VillagerFollowRangeFix;
[09:33:46] [main/DEBUG]: Skipping Lnet/minecraft/util/datafix/fixes/VillagerDataFix;
[09:33:46] [main/DEBUG]: Skipping Lnet/minecraft/util/datafix/fixes/VariantRenameFix;
[09:33:46] [main/DEBUG]: Skipping Lnet/minecraft/util/datafix/fixes/TrialSpawnerConfigFix;
[09:33:46] [main/DEBUG]: Skipping Lnet/minecraft/util/datafix/fixes/TrappedChestBlockEntityFix;
[09:33:46] [main/DEBUG]: Skipping Lnet/minecraft/util/datafix/fixes/TrappedChestBlockEntityFix$TrappedChestSection;
[09:33:46] [main/DEBUG]: Skipping Lnet/minecraft/util/datafix/fixes/TippedArrowPotionToItemFix;
[09:33:46] [main/DEBUG]: Skipping Lnet/minecraft/util/datafix/fixes/TeamDisplayNameFix;
[09:33:46] [main/DEBUG]: Skipping Lnet/minecraft/util/datafix/fixes/StructureSettingsFlattenFix;
[09:33:46] [main/DEBUG]: Skipping Lnet/minecraft/util/datafix/fixes/StructureReferenceCountFix;
[09:33:46] [main/DEBUG]: Skipping Lnet/minecraft/util/datafix/fixes/StriderGravityFix;
[09:33:46] [main/DEBUG]: Skipping Lnet/minecraft/util/datafix/fixes/StatsRenameFix;
[09:33:46] [main/DEBUG]: Skipping Lnet/minecraft/util/datafix/fixes/StatsCounterFix;
[09:33:46] [main/DEBUG]: Skipping Lnet/minecraft/util/datafix/fixes/StatsCounterFix$StatType;
[09:33:46] [main/DEBUG]: Skipping Lnet/minecraft/util/datafix/fixes/SpawnerDataFix;
[09:33:46] [main/DEBUG]: Skipping Lnet/minecraft/util/datafix/fixes/SimplestEntityRenameFix;
[09:33:46] [main/DEBUG]: Skipping Lnet/minecraft/util/datafix/fixes/SimpleEntityRenameFix;
[09:33:46] [main/DEBUG]: Skipping Lnet/minecraft/util/datafix/fixes/ScoreboardDisplaySlotFix;
[09:33:46] [main/DEBUG]: Skipping Lnet/minecraft/util/datafix/fixes/SavedDataUUIDFix;
[09:33:46] [main/DEBUG]: Skipping Lnet/minecraft/util/datafix/fixes/SavedDataFeaturePoolElementFix;
[09:33:46] [main/DEBUG]: Skipping Lnet/minecraft/util/datafix/fixes/ReorganizePoi;
[09:33:46] [main/DEBUG]: Skipping Lnet/minecraft/util/datafix/fixes/RenamedCoralFix;
[09:33:46] [main/DEBUG]: Skipping Lnet/minecraft/util/datafix/fixes/RenamedCoralFansFix;
[09:33:46] [main/DEBUG]: Skipping Lnet/minecraft/util/datafix/fixes/RenameEnchantmentsFix;
[09:33:46] [main/DEBUG]: Skipping Lnet/minecraft/util/datafix/fixes/RemoveGolemGossipFix;
[09:33:46] [main/DEBUG]: Skipping Lnet/minecraft/util/datafix/fixes/RemoveEmptyItemInBrushableBlockFix;
[09:33:46] [main/DEBUG]: Skipping Lnet/minecraft/util/datafix/fixes/RemapChunkStatusFix;
[09:33:46] [main/DEBUG]: Skipping Lnet/minecraft/util/datafix/fixes/References;
[09:33:46] [main/DEBUG]: Skipping Lnet/minecraft/util/datafix/fixes/References$1;
[09:33:46] [main/DEBUG]: Skipping Lnet/minecraft/util/datafix/fixes/RedstoneWireConnectionsFix;
[09:33:46] [main/DEBUG]: Skipping Lnet/minecraft/util/datafix/fixes/RecipesRenameningFix;
[09:33:46] [main/DEBUG]: Skipping Lnet/minecraft/util/datafix/fixes/RecipesFix;
[09:33:46] [main/DEBUG]: Skipping Lnet/minecraft/util/datafix/fixes/RandomSequenceSettingsFix;
[09:33:46] [main/DEBUG]: Skipping Lnet/minecraft/util/datafix/fixes/ProjectileStoredWeaponFix;
[09:33:46] [main/DEBUG]: Skipping Lnet/minecraft/util/datafix/fixes/PrimedTntBlockStateFixer;
[09:33:46] [main/DEBUG]: Skipping Lnet/minecraft/util/datafix/fixes/PoiTypeRenameFix;
[09:33:46] [main/DEBUG]: Skipping Lnet/minecraft/util/datafix/fixes/PoiTypeRemoveFix;
[09:33:46] [main/DEBUG]: Skipping Lnet/minecraft/util/datafix/fixes/PlayerUUIDFix;
[09:33:46] [main/DEBUG]: Skipping Lnet/minecraft/util/datafix/fixes/PlayerHeadBlockProfileFix;
[09:33:46] [main/DEBUG]: Skipping Lnet/minecraft/util/datafix/fixes/ParticleUnflatteningFix;
[09:33:46] [main/DEBUG]: Skipping Lnet/minecraft/util/datafix/fixes/OverreachingTickFix;
[09:33:46] [main/DEBUG]: Skipping Lnet/minecraft/util/datafix/fixes/OptionsRenameFieldFix;
[09:33:46] [main/DEBUG]: Skipping Lnet/minecraft/util/datafix/fixes/OptionsProgrammerArtFix;
[09:33:46] [main/DEBUG]: Skipping Lnet/minecraft/util/datafix/fixes/OptionsMenuBlurrinessFix;
[09:33:46] [main/DEBUG]: Skipping Lnet/minecraft/util/datafix/fixes/OptionsLowerCaseLanguageFix;
[09:33:46] [main/DEBUG]: Skipping Lnet/minecraft/util/datafix/fixes/OptionsKeyTranslationFix;
[09:33:46] [main/DEBUG]: Skipping Lnet/minecraft/util/datafix/fixes/OptionsKeyLwjgl3Fix;
[09:33:46] [main/DEBUG]: Skipping Lnet/minecraft/util/datafix/fixes/OptionsForceVBOFix;
[09:33:46] [main/DEBUG]: Skipping Lnet/minecraft/util/datafix/fixes/OptionsAmbientOcclusionFix;
[09:33:46] [main/DEBUG]: Skipping Lnet/minecraft/util/datafix/fixes/OptionsAddTextBackgroundFix;
[09:33:46] [main/DEBUG]: Skipping Lnet/minecraft/util/datafix/fixes/OptionsAccessibilityOnboardFix;
[09:33:46] [main/DEBUG]: Skipping Lnet/minecraft/util/datafix/fixes/OminousBannerRenameFix;
[09:33:46] [main/DEBUG]: Skipping Lnet/minecraft/util/datafix/fixes/OminousBannerBlockEntityRenameFix;
[09:33:46] [main/DEBUG]: Skipping Lnet/minecraft/util/datafix/fixes/ObjectiveRenderTypeFix;
[09:33:46] [main/DEBUG]: Skipping Lnet/minecraft/util/datafix/fixes/ObjectiveDisplayNameFix;
[09:33:46] [main/DEBUG]: Skipping Lnet/minecraft/util/datafix/fixes/NewVillageFix;
[09:33:46] [main/DEBUG]: Skipping Lnet/minecraft/util/datafix/fixes/NamespacedTypeRenameFix;
[09:33:46] [main/DEBUG]: Skipping Lnet/minecraft/util/datafix/fixes/NamedEntityWriteReadFix;
[09:33:46] [main/DEBUG]: Skipping Lnet/minecraft/util/datafix/fixes/NamedEntityFix;
[09:33:46] [main/DEBUG]: Skipping Lnet/minecraft/util/datafix/fixes/MobSpawnerEntityIdentifiersFix;
[09:33:46] [main/DEBUG]: Skipping Lnet/minecraft/util/datafix/fixes/MobEffectIdFix;
[09:33:46] [main/DEBUG]: Skipping Lnet/minecraft/util/datafix/fixes/MissingDimensionFix;
[09:33:46] [main/DEBUG]: Skipping Lnet/minecraft/util/datafix/fixes/MemoryExpiryDataFix;
[09:33:46] [main/DEBUG]: Skipping Lnet/minecraft/util/datafix/fixes/MapIdFix;
[09:33:46] [main/DEBUG]: Skipping Lnet/minecraft/util/datafix/fixes/MapBannerBlockPosFormatFix;
[09:33:46] [main/DEBUG]: Skipping Lnet/minecraft/util/datafix/fixes/LodestoneCompassComponentFix;
[09:33:46] [main/DEBUG]: Skipping Lnet/minecraft/util/datafix/fixes/LevelUUIDFix;
[09:33:46] [main/DEBUG]: Skipping Lnet/minecraft/util/datafix/fixes/LevelLegacyWorldGenSettingsFix;
[09:33:46] [main/DEBUG]: Skipping Lnet/minecraft/util/datafix/fixes/LevelFlatGeneratorInfoFix;
[09:33:46] [main/DEBUG]: Skipping Lnet/minecraft/util/datafix/fixes/LevelDataGeneratorOptionsFix;
[09:33:46] [main/DEBUG]: Skipping Lnet/minecraft/util/datafix/fixes/LegacyDragonFightFix;
[09:33:46] [main/DEBUG]: Skipping Lnet/minecraft/util/datafix/fixes/LeavesFix;
[09:33:46] [main/DEBUG]: Skipping Lnet/minecraft/util/datafix/fixes/LeavesFix$Section;
[09:33:46] [main/DEBUG]: Skipping Lnet/minecraft/util/datafix/fixes/LeavesFix$LeavesSection;
[09:33:46] [main/DEBUG]: Skipping Lnet/minecraft/util/datafix/fixes/JukeboxTicksSinceSongStartedFix;
[09:33:46] [main/DEBUG]: Skipping Lnet/minecraft/util/datafix/fixes/JigsawRotationFix;
[09:33:46] [main/DEBUG]: Skipping Lnet/minecraft/util/datafix/fixes/JigsawPropertiesFix;
[09:33:46] [main/DEBUG]: Skipping Lnet/minecraft/util/datafix/fixes/ItemWrittenBookPagesStrictJsonFix;
[09:33:46] [main/DEBUG]: Skipping Lnet/minecraft/util/datafix/fixes/ItemWaterPotionFix;
[09:33:46] [main/DEBUG]: Skipping Lnet/minecraft/util/datafix/fixes/ItemStackUUIDFix;
[09:33:46] [main/DEBUG]: Skipping Lnet/minecraft/util/datafix/fixes/ItemStackTheFlatteningFix;
[09:33:46] [main/DEBUG]: Skipping Lnet/minecraft/util/datafix/fixes/ItemStackTagFix;
[09:33:46] [main/DEBUG]: Skipping Lnet/minecraft/util/datafix/fixes/ItemStackSpawnEggFix;
[09:33:46] [main/DEBUG]: Skipping Lnet/minecraft/util/datafix/fixes/ItemStackMapIdFix;
[09:33:46] [main/DEBUG]: Skipping Lnet/minecraft/util/datafix/fixes/ItemStackEnchantmentNamesFix;
[09:33:46] [main/DEBUG]: Skipping Lnet/minecraft/util/datafix/fixes/ItemStackCustomNameToOverrideComponentFix;
[09:33:46] [main/DEBUG]: Skipping Lnet/minecraft/util/datafix/fixes/ItemStackComponentizationFix;
[09:33:46] [main/DEBUG]: Skipping Lnet/minecraft/util/datafix/fixes/ItemStackComponentizationFix$ItemStackData;
[09:33:46] [main/DEBUG]: Skipping Lnet/minecraft/util/datafix/fixes/ItemStackComponentRemainderFix;
[09:33:46] [main/DEBUG]: Skipping Lnet/minecraft/util/datafix/fixes/ItemSpawnEggFix;
[09:33:46] [main/DEBUG]: Skipping Lnet/minecraft/util/datafix/fixes/ItemShulkerBoxColorFix;
[09:33:46] [main/DEBUG]: Skipping Lnet/minecraft/util/datafix/fixes/ItemRenameFix;
[09:33:46] [main/DEBUG]: Skipping Lnet/minecraft/util/datafix/fixes/ItemRenameFix$1;
[09:33:46] [main/DEBUG]: Skipping Lnet/minecraft/util/datafix/fixes/ItemRemoveBlockEntityTagFix;
[09:33:46] [main/DEBUG]: Skipping Lnet/minecraft/util/datafix/fixes/ItemPotionFix;
[09:33:46] [main/DEBUG]: Skipping Lnet/minecraft/util/datafix/fixes/ItemLoreFix;
[09:33:46] [main/DEBUG]: Skipping Lnet/minecraft/util/datafix/fixes/ItemIdFix;
[09:33:46] [main/DEBUG]: Skipping Lnet/minecraft/util/datafix/fixes/ItemCustomNameToComponentFix;
[09:33:46] [main/DEBUG]: Skipping Lnet/minecraft/util/datafix/fixes/ItemBannerColorFix;
[09:33:46] [main/DEBUG]: Skipping Lnet/minecraft/util/datafix/fixes/IglooMetadataRemovalFix;
[09:33:46] [main/DEBUG]: Skipping Lnet/minecraft/util/datafix/fixes/HorseBodyArmorItemFix;
[09:33:46] [main/DEBUG]: Skipping Lnet/minecraft/util/datafix/fixes/HeightmapRenamingFix;
[09:33:46] [main/DEBUG]: Skipping Lnet/minecraft/util/datafix/fixes/GossipUUIDFix;
[09:33:46] [main/DEBUG]: Skipping Lnet/minecraft/util/datafix/fixes/GoatHornIdFix;
[09:33:46] [main/DEBUG]: Skipping Lnet/minecraft/util/datafix/fixes/FurnaceRecipeFix;
[09:33:46] [main/DEBUG]: Skipping Lnet/minecraft/util/datafix/fixes/ForcePoiRebuild;
[09:33:46] [main/DEBUG]: Skipping Lnet/minecraft/util/datafix/fixes/FixProjectileStoredItem;
[09:33:46] [main/DEBUG]: Skipping Lnet/minecraft/util/datafix/fixes/FixProjectileStoredItem$SubFixer;
[09:33:46] [main/DEBUG]: Skipping Lnet/minecraft/util/datafix/fixes/FilteredSignsFix;
[09:33:46] [main/DEBUG]: Skipping Lnet/minecraft/util/datafix/fixes/FilteredBooksFix;
[09:33:46] [main/DEBUG]: Skipping Lnet/minecraft/util/datafix/fixes/FeatureFlagRemoveFix;
[09:33:46] [main/DEBUG]: Skipping Lnet/minecraft/util/datafix/fixes/EntityZombifiedPiglinRenameFix;
[09:33:46] [main/DEBUG]: Skipping Lnet/minecraft/util/datafix/fixes/EntityZombieVillagerTypeFix;
[09:33:46] [main/DEBUG]: Skipping Lnet/minecraft/util/datafix/fixes/EntityZombieSplitFix;
[09:33:46] [main/DEBUG]: Skipping Lnet/minecraft/util/datafix/fixes/EntityWolfColorFix;
[09:33:46] [main/DEBUG]: Skipping Lnet/minecraft/util/datafix/fixes/EntityVariantFix;
[09:33:46] [main/DEBUG]: Skipping Lnet/minecraft/util/datafix/fixes/EntityUUIDFix;
[09:33:46] [main/DEBUG]: Skipping Lnet/minecraft/util/datafix/fixes/EntityTippedArrowFix;
[09:33:46] [main/DEBUG]: Skipping Lnet/minecraft/util/datafix/fixes/EntityTheRenameningFix;
[09:33:46] [main/DEBUG]: Skipping Lnet/minecraft/util/datafix/fixes/EntityStringUuidFix;
[09:33:46] [main/DEBUG]: Skipping Lnet/minecraft/util/datafix/fixes/EntitySkeletonSplitFix;
[09:33:46] [main/DEBUG]: Skipping Lnet/minecraft/util/datafix/fixes/EntityShulkerRotationFix;
[09:33:46] [main/DEBUG]: Skipping Lnet/minecraft/util/datafix/fixes/EntityShulkerColorFix;
[09:33:46] [main/DEBUG]: Skipping Lnet/minecraft/util/datafix/fixes/EntityRidingToPassengersFix;
[09:33:46] [main/DEBUG]: Skipping Lnet/minecraft/util/datafix/fixes/EntityRenameFix;
[09:33:46] [main/DEBUG]: Skipping Lnet/minecraft/util/datafix/fixes/EntityRedundantChanceTagsFix;
[09:33:46] [main/DEBUG]: Skipping Lnet/minecraft/util/datafix/fixes/EntityRavagerRenameFix;
[09:33:46] [main/DEBUG]: Skipping Lnet/minecraft/util/datafix/fixes/EntityPufferfishRenameFix;
[09:33:46] [main/DEBUG]: Skipping Lnet/minecraft/util/datafix/fixes/EntityProjectileOwnerFix;
[09:33:46] [main/DEBUG]: Skipping Lnet/minecraft/util/datafix/fixes/EntityPaintingMotiveFix;
[09:33:46] [main/DEBUG]: Skipping Lnet/minecraft/util/datafix/fixes/EntityPaintingItemFrameDirectionFix;
[09:33:46] [main/DEBUG]: Skipping Lnet/minecraft/util/datafix/fixes/EntityPaintingFieldsRenameFix;
[09:33:46] [main/DEBUG]: Skipping Lnet/minecraft/util/datafix/fixes/EntityMinecartIdentifiersFix;
[09:33:46] [main/DEBUG]: Skipping Lnet/minecraft/util/datafix/fixes/EntityItemFrameDirectionFix;
[09:33:46] [main/DEBUG]: Skipping Lnet/minecraft/util/datafix/fixes/EntityIdFix;
[09:33:46] [main/DEBUG]: Skipping Lnet/minecraft/util/datafix/fixes/EntityHorseSplitFix;
[09:33:46] [main/DEBUG]: Skipping Lnet/minecraft/util/datafix/fixes/EntityHorseSaddleFix;
[09:33:46] [main/DEBUG]: Skipping Lnet/minecraft/util/datafix/fixes/EntityHealthFix;
[09:33:46] [main/DEBUG]: Skipping Lnet/minecraft/util/datafix/fixes/EntityGoatMissingStateFix;
[09:33:46] [main/DEBUG]: Skipping Lnet/minecraft/util/datafix/fixes/EntityEquipmentToArmorAndHandFix;
[09:33:46] [main/DEBUG]: Skipping Lnet/minecraft/util/datafix/fixes/EntityElderGuardianSplitFix;
[09:33:46] [main/DEBUG]: Skipping Lnet/minecraft/util/datafix/fixes/EntityCustomNameToComponentFix;
[09:33:46] [main/DEBUG]: Skipping Lnet/minecraft/util/datafix/fixes/EntityCodSalmonFix;
[09:33:46] [main/DEBUG]: Skipping Lnet/minecraft/util/datafix/fixes/EntityCatSplitFix;
[09:33:46] [main/DEBUG]: Skipping Lnet/minecraft/util/datafix/fixes/EntityBrushableBlockFieldsRenameFix;
[09:33:46] [main/DEBUG]: Skipping Lnet/minecraft/util/datafix/fixes/EntityBlockStateFix;
[09:33:46] [main/DEBUG]: Skipping Lnet/minecraft/util/datafix/fixes/EntityArmorStandSilentFix;
[09:33:46] [main/DEBUG]: Skipping Lnet/minecraft/util/datafix/fixes/EmptyItemInVillagerTradeFix;
[09:33:46] [main/DEBUG]: Skipping Lnet/minecraft/util/datafix/fixes/EmptyItemInHotbarFix;
[09:33:46] [main/DEBUG]: Skipping Lnet/minecraft/util/datafix/fixes/EffectDurationFix;
[09:33:46] [main/DEBUG]: Skipping Lnet/minecraft/util/datafix/fixes/DyeItemRenameFix;
[09:33:46] [main/DEBUG]: Skipping Lnet/minecraft/util/datafix/fixes/DropInvalidSignDataFix;
[09:33:46] [main/DEBUG]: Skipping Lnet/minecraft/util/datafix/fixes/DecoratedPotFieldRenameFix;
[09:33:46] [main/DEBUG]: Skipping Lnet/minecraft/util/datafix/fixes/CriteriaRenameFix;
[09:33:46] [main/DEBUG]: Skipping Lnet/minecraft/util/datafix/fixes/ColorlessShulkerEntityFix;
[09:33:46] [main/DEBUG]: Skipping Lnet/minecraft/util/datafix/fixes/ChunkToProtochunkFix;
[09:33:46] [main/DEBUG]: Skipping Lnet/minecraft/util/datafix/fixes/ChunkStructuresTemplateRenameFix;
[09:33:46] [main/DEBUG]: Skipping Lnet/minecraft/util/datafix/fixes/ChunkStatusFix2;
[09:33:46] [main/DEBUG]: Skipping Lnet/minecraft/util/datafix/fixes/ChunkStatusFix;
[09:33:46] [main/DEBUG]: Skipping Lnet/minecraft/util/datafix/fixes/ChunkRenamesFix;
[09:33:46] [main/DEBUG]: Skipping Lnet/minecraft/util/datafix/fixes/ChunkProtoTickListFix;
[09:33:46] [main/DEBUG]: Skipping Lnet/minecraft/util/datafix/fixes/ChunkProtoTickListFix$PoorMansPalettedContainer;
[09:33:46] [main/DEBUG]: Skipping Lnet/minecraft/util/datafix/fixes/ChunkPalettedStorageFix;
[09:33:46] [main/DEBUG]: Skipping Lnet/minecraft/util/datafix/fixes/ChunkPalettedStorageFix$UpgradeChunk;
[09:33:46] [main/DEBUG]: Skipping Lnet/minecraft/util/datafix/fixes/ChunkPalettedStorageFix$Section;
[09:33:46] [main/DEBUG]: Skipping Lnet/minecraft/util/datafix/fixes/ChunkPalettedStorageFix$Direction;
[09:33:46] [main/DEBUG]: Skipping Lnet/minecraft/util/datafix/fixes/ChunkPalettedStorageFix$Direction$AxisDirection;
[09:33:46] [main/DEBUG]: Skipping Lnet/minecraft/util/datafix/fixes/ChunkPalettedStorageFix$Direction$Axis;
[09:33:46] [main/DEBUG]: Skipping Lnet/minecraft/util/datafix/fixes/ChunkPalettedStorageFix$DataLayer;
[09:33:46] [main/DEBUG]: Skipping Lnet/minecraft/util/datafix/fixes/ChunkLightRemoveFix;
[09:33:46] [main/DEBUG]: Skipping Lnet/minecraft/util/datafix/fixes/ChunkHeightAndBiomeFix;
[09:33:46] [main/DEBUG]: Skipping Lnet/minecraft/util/datafix/fixes/ChunkDeleteLightFix;
[09:33:46] [main/DEBUG]: Skipping Lnet/minecraft/util/datafix/fixes/ChunkDeleteIgnoredLightDataFix;
[09:33:46] [main/DEBUG]: Skipping Lnet/minecraft/util/datafix/fixes/ChunkBiomeFix;
[09:33:46] [main/DEBUG]: Skipping Lnet/minecraft/util/datafix/fixes/ChunkBedBlockEntityInjecterFix;
[09:33:46] [main/DEBUG]: Skipping Lnet/minecraft/util/datafix/fixes/ChestedHorsesInventoryZeroIndexingFix;
[09:33:46] [main/DEBUG]: Skipping Lnet/minecraft/util/datafix/fixes/CavesAndCliffsRenames;
[09:33:46] [main/DEBUG]: Skipping Lnet/minecraft/util/datafix/fixes/CauldronRenameFix;
[09:33:46] [main/DEBUG]: Skipping Lnet/minecraft/util/datafix/fixes/CatTypeFix;
[09:33:46] [main/DEBUG]: Skipping Lnet/minecraft/util/datafix/fixes/BlockStateStructureTemplateFix;
[09:33:46] [main/DEBUG]: Skipping Lnet/minecraft/util/datafix/fixes/BlockStateData;
[09:33:46] [main/DEBUG]: Skipping Lnet/minecraft/util/datafix/fixes/BlockRenameFix;
[09:33:46] [main/DEBUG]: Skipping Lnet/minecraft/util/datafix/fixes/BlockRenameFix$1;
[09:33:46] [main/DEBUG]: Skipping Lnet/minecraft/util/datafix/fixes/BlockPosFormatAndRenamesFix;
[09:33:46] [main/DEBUG]: Skipping Lnet/minecraft/util/datafix/fixes/BlockNameFlatteningFix;
[09:33:46] [main/DEBUG]: Skipping Lnet/minecraft/util/datafix/fixes/BlockEntityUUIDFix;
[09:33:46] [main/DEBUG]: Skipping Lnet/minecraft/util/datafix/fixes/BlockEntitySignTextStrictJsonFix;
[09:33:46] [main/DEBUG]: Skipping Lnet/minecraft/util/datafix/fixes/BlockEntitySignDoubleSidedEditableTextFix;
[09:33:46] [main/DEBUG]: Skipping Lnet/minecraft/util/datafix/fixes/BlockEntityShulkerBoxColorFix;
[09:33:46] [main/DEBUG]: Skipping Lnet/minecraft/util/datafix/fixes/BlockEntityRenameFix;
[09:33:46] [main/DEBUG]: Skipping Lnet/minecraft/util/datafix/fixes/BlockEntityKeepPacked;
[09:33:46] [main/DEBUG]: Skipping Lnet/minecraft/util/datafix/fixes/BlockEntityJukeboxFix;
[09:33:46] [main/DEBUG]: Skipping Lnet/minecraft/util/datafix/fixes/BlockEntityIdFix;
[09:33:46] [main/DEBUG]: Skipping Lnet/minecraft/util/datafix/fixes/BlockEntityCustomNameToComponentFix;
[09:33:46] [main/DEBUG]: Skipping Lnet/minecraft/util/datafix/fixes/BlockEntityBlockStateFix;
[09:33:46] [main/DEBUG]: Skipping Lnet/minecraft/util/datafix/fixes/BlockEntityBannerColorFix;
[09:33:46] [main/DEBUG]: Skipping Lnet/minecraft/util/datafix/fixes/BlendingDataRemoveFromNetherEndFix;
[09:33:46] [main/DEBUG]: Skipping Lnet/minecraft/util/datafix/fixes/BlendingDataFix;
[09:33:46] [main/DEBUG]: Skipping Lnet/minecraft/util/datafix/fixes/BitStorageAlignFix;
[09:33:46] [main/DEBUG]: Skipping Lnet/minecraft/util/datafix/fixes/BiomeFix;
[09:33:46] [main/DEBUG]: Skipping Lnet/minecraft/util/datafix/fixes/BeehiveFieldRenameFix;
[09:33:46] [main/DEBUG]: Skipping Lnet/minecraft/util/datafix/fixes/BedItemColorFix;
[09:33:46] [main/DEBUG]: Skipping Lnet/minecraft/util/datafix/fixes/BannerPatternFormatFix;
[09:33:46] [main/DEBUG]: Skipping Lnet/minecraft/util/datafix/fixes/BannerEntityCustomNameToOverrideComponentFix;
[09:33:46] [main/DEBUG]: Skipping Lnet/minecraft/util/datafix/fixes/AttributesRename;
[09:33:46] [main/DEBUG]: Skipping Lnet/minecraft/util/datafix/fixes/AttributeModifierIdFix;
[09:33:46] [main/DEBUG]: Skipping Lnet/minecraft/util/datafix/fixes/AreaEffectCloudPotionFix;
[09:33:46] [main/DEBUG]: Skipping Lnet/minecraft/util/datafix/fixes/AdvancementsRenameFix;
[09:33:46] [main/DEBUG]: Skipping Lnet/minecraft/util/datafix/fixes/AdvancementsFix;
[09:33:46] [main/DEBUG]: Skipping Lnet/minecraft/util/datafix/fixes/AddNewChoices;
[09:33:46] [main/DEBUG]: Skipping Lnet/minecraft/util/datafix/fixes/AddFlagIfNotPresentFix;
[09:33:46] [main/DEBUG]: Skipping Lnet/minecraft/util/datafix/fixes/AbstractUUIDFix;
[09:33:46] [main/DEBUG]: Skipping Lnet/minecraft/util/datafix/fixes/AbstractPoiSectionFix;
[09:33:46] [main/DEBUG]: Skipping Lnet/minecraft/util/datafix/fixes/AbstractArrowPickupFix;
[09:33:46] [main/DEBUG]: Transforming class Lnet/minecraft/util/datafix/fixes/StructuresBecomeConfiguredFix;
[09:33:46] [main/DEBUG]: Transforming net/minecraft/util/datafix/fixes/StructuresBecomeConfiguredFix INNERCLASS Conversion to access PUBLIC and LEAVE
[09:33:46] [main/DEBUG]: Transforming class Lnet/minecraft/util/datafix/fixes/StructuresBecomeConfiguredFix$Conversion;
[09:33:46] [main/DEBUG]: Transforming net/minecraft/util/datafix/fixes/StructuresBecomeConfiguredFix$Conversion CLASS to access PUBLIC and LEAVE
[09:33:46] [main/DEBUG]: Skipping Lnet/minecraft/util/datafix/PackedBitStorage;
[09:33:46] [main/DEBUG]: Skipping Lnet/minecraft/util/datafix/FixWolfHealth;
[09:33:46] [main/DEBUG]: Skipping Lnet/minecraft/util/datafix/ExtraDataFixUtils;
[09:33:46] [main/DEBUG]: Skipping Lnet/minecraft/util/datafix/DataFixers;
[09:33:46] [main/DEBUG]: Skipping Lnet/minecraft/util/datafix/DataFixers$2;
[09:33:46] [main/DEBUG]: Skipping Lnet/minecraft/util/datafix/DataFixers$1;
[09:33:46] [main/DEBUG]: Skipping Lnet/minecraft/util/datafix/DataFixTypes;
[09:33:46] [main/DEBUG]: Skipping Lnet/minecraft/util/datafix/DataFixTypes$1;
[09:33:46] [main/DEBUG]: Skipping Lnet/minecraft/util/datafix/ComponentDataFixUtils;
[09:33:46] [main/DEBUG]: Skipping Lnet/minecraft/util/ZeroBitStorage;
[09:33:46] [main/DEBUG]: Skipping Lnet/minecraft/util/VisibleForDebug;
[09:33:46] [main/DEBUG]: Skipping Lnet/minecraft/util/Unit;
[09:33:46] [main/DEBUG]: Skipping Lnet/minecraft/util/Tuple;
[09:33:46] [main/DEBUG]: Skipping Lnet/minecraft/util/ToFloatFunction;
[09:33:46] [main/DEBUG]: Skipping Lnet/minecraft/util/ToFloatFunction$2;
[09:33:46] [main/DEBUG]: Skipping Lnet/minecraft/util/ToFloatFunction$1;
[09:33:46] [main/DEBUG]: Skipping Lnet/minecraft/util/TimeUtil;
[09:33:46] [main/DEBUG]: Skipping Lnet/minecraft/util/TimeSource;
[09:33:46] [main/DEBUG]: Skipping Lnet/minecraft/util/TimeSource$NanoTimeSource;
[09:33:46] [main/DEBUG]: Skipping Lnet/minecraft/util/ThreadingDetector;
[09:33:46] [main/DEBUG]: Skipping Lnet/minecraft/util/TaskChainer;
[09:33:46] [main/DEBUG]: Skipping Lnet/minecraft/util/TaskChainer$1;
[09:33:46] [main/DEBUG]: Skipping Lnet/minecraft/util/StringUtil;
[09:33:46] [main/DEBUG]: Skipping Lnet/minecraft/util/StringRepresentable;
[09:33:46] [main/DEBUG]: Skipping Lnet/minecraft/util/StringRepresentable$StringRepresentableCodec;
[09:33:46] [main/DEBUG]: Skipping Lnet/minecraft/util/StringRepresentable$EnumCodec;
[09:33:46] [main/DEBUG]: Skipping Lnet/minecraft/util/StringRepresentable$1;
[09:33:46] [main/DEBUG]: Skipping Lnet/minecraft/util/StringDecomposer;
[09:33:46] [main/DEBUG]: Skipping Lnet/minecraft/util/StaticCache2D;
[09:33:46] [main/DEBUG]: Skipping Lnet/minecraft/util/StaticCache2D$Initializer;
[09:33:46] [main/DEBUG]: Skipping Lnet/minecraft/util/SortedArraySet;
[09:33:46] [main/DEBUG]: Skipping Lnet/minecraft/util/SortedArraySet$ArrayIterator;
[09:33:46] [main/DEBUG]: Skipping Lnet/minecraft/util/SmoothDouble;
[09:33:46] [main/DEBUG]: Skipping Lnet/minecraft/util/SingleKeyCache;
[09:33:46] [main/DEBUG]: Skipping Lnet/minecraft/util/SimpleBitStorage;
[09:33:46] [main/DEBUG]: Skipping Lnet/minecraft/util/SimpleBitStorage$InitializationException;
[09:33:46] [main/DEBUG]: Skipping Lnet/minecraft/util/Signer;
[09:33:46] [main/DEBUG]: Skipping Lnet/minecraft/util/SignatureValidator;
[09:33:46] [main/DEBUG]: Skipping Lnet/minecraft/util/SignatureUpdater;
[09:33:46] [main/DEBUG]: Skipping Lnet/minecraft/util/SignatureUpdater$Output;
[09:33:46] [main/DEBUG]: Skipping Lnet/minecraft/util/SequencedPriorityIterator;
[09:33:46] [main/DEBUG]: Skipping Lnet/minecraft/util/SegmentedAnglePrecision;
[09:33:46] [main/DEBUG]: Skipping Lnet/minecraft/util/ResourceLocationPattern;
[09:33:46] [main/DEBUG]: Skipping Lnet/minecraft/util/RandomSource;
[09:33:46] [main/DEBUG]: Skipping Lnet/minecraft/util/ProgressListener;
[09:33:46] [main/DEBUG]: Skipping Lnet/minecraft/util/ProblemReporter;
[09:33:46] [main/DEBUG]: Skipping Lnet/minecraft/util/ProblemReporter$Collector;
[09:33:46] [main/DEBUG]: Skipping Lnet/minecraft/util/PngInfo;
[09:33:46] [main/DEBUG]: Skipping Lnet/minecraft/util/ParticleUtils;
[09:33:46] [main/DEBUG]: Skipping Lnet/minecraft/util/OptionEnum;
[09:33:46] [main/DEBUG]: Skipping Lnet/minecraft/util/NullOps;
[09:33:46] [main/DEBUG]: Skipping Lnet/minecraft/util/NullOps$NullMapBuilder;
[09:33:46] [main/DEBUG]: Skipping Lnet/minecraft/util/NativeModuleLister;
[09:33:46] [main/DEBUG]: Skipping Lnet/minecraft/util/NativeModuleLister$NativeModuleVersion;
[09:33:46] [main/DEBUG]: Skipping Lnet/minecraft/util/NativeModuleLister$NativeModuleInfo;
[09:33:46] [main/DEBUG]: Skipping Lnet/minecraft/util/Mth;
[09:33:46] [main/DEBUG]: Skipping Lnet/minecraft/util/ModCheck;
[09:33:46] [main/DEBUG]: Skipping Lnet/minecraft/util/ModCheck$Confidence;
[09:33:46] [main/DEBUG]: Skipping Lnet/minecraft/util/MemoryReserve;
[09:33:46] [main/DEBUG]: Skipping Lnet/minecraft/util/LowerCaseEnumTypeAdapterFactory;
[09:33:46] [main/DEBUG]: Skipping Lnet/minecraft/util/LowerCaseEnumTypeAdapterFactory$1;
[09:33:46] [main/DEBUG]: Skipping Lnet/minecraft/util/ListAndDeque;
[09:33:46] [main/DEBUG]: Skipping Lnet/minecraft/util/LinearCongruentialGenerator;
[09:33:46] [main/DEBUG]: Skipping Lnet/minecraft/util/LazyLoadedValue;
[09:33:46] [main/DEBUG]: Skipping Lnet/minecraft/util/KeyDispatchDataCodec;
[09:33:46] [main/DEBUG]: Skipping Lnet/minecraft/util/InclusiveRange;
[09:33:46] [main/DEBUG]: Skipping Lnet/minecraft/util/HttpUtil;
[09:33:46] [main/DEBUG]: Skipping Lnet/minecraft/util/HttpUtil$DownloadProgressListener;
[09:33:46] [main/DEBUG]: Skipping Lnet/minecraft/util/GsonHelper;
[09:33:46] [main/DEBUG]: Skipping Lnet/minecraft/util/Graph;
[09:33:46] [main/DEBUG]: Skipping Lnet/minecraft/util/FutureChain;
[09:33:46] [main/DEBUG]: Skipping Lnet/minecraft/util/FormattedCharSink;
[09:33:46] [main/DEBUG]: Skipping Lnet/minecraft/util/FormattedCharSequence;
[09:33:46] [main/DEBUG]: Skipping Lnet/minecraft/util/FileZipper;
[09:33:46] [main/DEBUG]: Skipping Lnet/minecraft/util/FastColor;
[09:33:46] [main/DEBUG]: Skipping Lnet/minecraft/util/FastColor$ARGB32;
[09:33:46] [main/DEBUG]: Skipping Lnet/minecraft/util/FastColor$ABGR32;
[09:33:46] [main/DEBUG]: Skipping Lnet/minecraft/util/FastBufferedInputStream;
[09:33:46] [main/DEBUG]: Skipping Lnet/minecraft/util/ExtraCodecs;
[09:33:46] [main/DEBUG]: Skipping Lnet/minecraft/util/ExtraCodecs$TagOrElementLocation;
[09:33:46] [main/DEBUG]: Skipping Lnet/minecraft/util/ExtraCodecs$StrictUnboundedMapCodec;
[09:33:46] [main/DEBUG]: Skipping Lnet/minecraft/util/ExtraCodecs$7;
[09:33:46] [main/DEBUG]: Skipping Lnet/minecraft/util/ExtraCodecs$6;
[09:33:46] [main/DEBUG]: Skipping Lnet/minecraft/util/ExtraCodecs$5;
[09:33:46] [main/DEBUG]: Skipping Lnet/minecraft/util/ExtraCodecs$4;
[09:33:46] [main/DEBUG]: Skipping Lnet/minecraft/util/ExtraCodecs$3;
[09:33:46] [main/DEBUG]: Skipping Lnet/minecraft/util/ExtraCodecs$2;
[09:33:46] [main/DEBUG]: Skipping Lnet/minecraft/util/ExtraCodecs$1ContextRetrievalCodec;
[09:33:46] [main/DEBUG]: Skipping Lnet/minecraft/util/ExtraCodecs$1;
[09:33:46] [main/DEBUG]: Skipping Lnet/minecraft/util/ExceptionCollector;
[09:33:46] [main/DEBUG]: Skipping Lnet/minecraft/util/EncoderCache;
[09:33:46] [main/DEBUG]: Skipping Lnet/minecraft/util/EncoderCache$Key;
[09:33:46] [main/DEBUG]: Skipping Lnet/minecraft/util/EncoderCache$2;
[09:33:46] [main/DEBUG]: Skipping Lnet/minecraft/util/EncoderCache$1;
[09:33:46] [main/DEBUG]: Skipping Lnet/minecraft/util/DirectoryLock;
[09:33:46] [main/DEBUG]: Skipping Lnet/minecraft/util/DirectoryLock$LockException;
[09:33:46] [main/DEBUG]: Skipping Lnet/minecraft/util/DependencySorter;
[09:33:46] [main/DEBUG]: Skipping Lnet/minecraft/util/DependencySorter$Entry;
[09:33:46] [main/DEBUG]: Skipping Lnet/minecraft/util/DelegateDataOutput;
[09:33:46] [main/DEBUG]: Skipping Lnet/minecraft/util/DebugBuffer;
[09:33:46] [main/DEBUG]: Skipping Lnet/minecraft/util/CubicSpline;
[09:33:46] [main/DEBUG]: Skipping Lnet/minecraft/util/CubicSpline$Multipoint;
[09:33:46] [main/DEBUG]: Skipping Lnet/minecraft/util/CubicSpline$CoordinateVisitor;
[09:33:46] [main/DEBUG]: Skipping Lnet/minecraft/util/CubicSpline$Constant;
[09:33:46] [main/DEBUG]: Skipping Lnet/minecraft/util/CubicSpline$Builder;
[09:33:46] [main/DEBUG]: Skipping Lnet/minecraft/util/CubicSpline$1Point;
[09:33:46] [main/DEBUG]: Skipping Lnet/minecraft/util/CubicSampler;
[09:33:46] [main/DEBUG]: Skipping Lnet/minecraft/util/CubicSampler$Vec3Fetcher;
[09:33:46] [main/DEBUG]: Skipping Lnet/minecraft/util/CsvOutput;
[09:33:46] [main/DEBUG]: Skipping Lnet/minecraft/util/CsvOutput$Builder;
[09:33:46] [main/DEBUG]: Skipping Lnet/minecraft/util/CryptException;
[09:33:46] [main/DEBUG]: Skipping Lnet/minecraft/util/Crypt;
[09:33:46] [main/DEBUG]: Skipping Lnet/minecraft/util/Crypt$SaltSupplier;
[09:33:46] [main/DEBUG]: Skipping Lnet/minecraft/util/Crypt$SaltSignaturePair;
[09:33:46] [main/DEBUG]: Skipping Lnet/minecraft/util/Crypt$ByteArrayToKeyFunction;
[09:33:46] [main/DEBUG]: Skipping Lnet/minecraft/util/CrudeIncrementalIntIdentityHashBiMap;
[09:33:46] [main/DEBUG]: Skipping Lnet/minecraft/util/CommonLinks;
[09:33:46] [main/DEBUG]: Skipping Lnet/minecraft/util/CommonColors;
[09:33:46] [main/DEBUG]: Skipping Lnet/minecraft/util/ColorRGBA;
[09:33:46] [main/DEBUG]: Skipping Lnet/minecraft/util/ClassTreeIdRegistry;
[09:33:46] [main/DEBUG]: Skipping Lnet/minecraft/util/ClassInstanceMultiMap;
[09:33:46] [main/DEBUG]: Skipping Lnet/minecraft/util/ByIdMap;
[09:33:46] [main/DEBUG]: Skipping Lnet/minecraft/util/ByIdMap$OutOfBoundsStrategy;
[09:33:46] [main/DEBUG]: Skipping Lnet/minecraft/util/Brightness;
[09:33:46] [main/DEBUG]: Skipping Lnet/minecraft/util/BitStorage;
[09:33:46] [main/DEBUG]: Skipping Lnet/minecraft/util/ArrayListDeque;
[09:33:46] [main/DEBUG]: Skipping Lnet/minecraft/util/ArrayListDeque$ReversedView;
[09:33:46] [main/DEBUG]: Skipping Lnet/minecraft/util/ArrayListDeque$DescendingIterator;
[09:33:46] [main/DEBUG]: Skipping Lnet/minecraft/util/AbortableIterationConsumer;
[09:33:46] [main/DEBUG]: Skipping Lnet/minecraft/util/AbortableIterationConsumer$Continuation;
[09:33:46] [main/DEBUG]: Skipping Lnet/minecraft/util/SpawnUtil;
[09:33:46] [main/DEBUG]: Skipping Lnet/minecraft/util/SpawnUtil$Strategy;
[09:33:46] [main/DEBUG]: Skipping Lnet/minecraft/tags/package-info;
[09:33:46] [main/DEBUG]: Skipping Lnet/minecraft/tags/TagNetworkSerialization;
[09:33:46] [main/DEBUG]: Skipping Lnet/minecraft/tags/TagNetworkSerialization$TagOutput;
[09:33:46] [main/DEBUG]: Skipping Lnet/minecraft/tags/TagNetworkSerialization$NetworkPayload;
[09:33:46] [main/DEBUG]: Skipping Lnet/minecraft/tags/TagManager;
[09:33:46] [main/DEBUG]: Skipping Lnet/minecraft/tags/TagManager$LoadResult;
[09:33:46] [main/DEBUG]: Skipping Lnet/minecraft/tags/WorldPresetTags;
[09:33:46] [main/DEBUG]: Skipping Lnet/minecraft/tags/TagLoader;
[09:33:46] [main/DEBUG]: Skipping Lnet/minecraft/tags/TagLoader$SortingEntry;
[09:33:46] [main/DEBUG]: Skipping Lnet/minecraft/tags/TagLoader$EntryWithSource;
[09:33:46] [main/DEBUG]: Skipping Lnet/minecraft/tags/TagLoader$1;
[09:33:46] [main/DEBUG]: Skipping Lnet/minecraft/tags/TagKey;
[09:33:46] [main/DEBUG]: Skipping Lnet/minecraft/tags/TagFile;
[09:33:46] [main/DEBUG]: Skipping Lnet/minecraft/tags/TagEntry;
[09:33:46] [main/DEBUG]: Skipping Lnet/minecraft/tags/TagEntry$Lookup;
[09:33:46] [main/DEBUG]: Skipping Lnet/minecraft/tags/TagBuilder;
[09:33:46] [main/DEBUG]: Skipping Lnet/minecraft/tags/StructureTags;
[09:33:46] [main/DEBUG]: Skipping Lnet/minecraft/tags/PoiTypeTags;
[09:33:46] [main/DEBUG]: Skipping Lnet/minecraft/tags/PaintingVariantTags;
[09:33:46] [main/DEBUG]: Skipping Lnet/minecraft/tags/ItemTags;
[09:33:46] [main/DEBUG]: Skipping Lnet/minecraft/tags/InstrumentTags;
[09:33:46] [main/DEBUG]: Skipping Lnet/minecraft/tags/GameEventTags;
[09:33:46] [main/DEBUG]: Skipping Lnet/minecraft/tags/FluidTags;
[09:33:46] [main/DEBUG]: Skipping Lnet/minecraft/tags/FlatLevelGeneratorPresetTags;
[09:33:46] [main/DEBUG]: Skipping Lnet/minecraft/tags/EntityTypeTags;
[09:33:46] [main/DEBUG]: Skipping Lnet/minecraft/tags/EnchantmentTags;
[09:33:46] [main/DEBUG]: Skipping Lnet/minecraft/tags/DamageTypeTags;
[09:33:46] [main/DEBUG]: Skipping Lnet/minecraft/tags/CatVariantTags;
[09:33:46] [main/DEBUG]: Skipping Lnet/minecraft/tags/BlockTags;
[09:33:46] [main/DEBUG]: Skipping Lnet/minecraft/tags/BiomeTags;
[09:33:46] [main/DEBUG]: Skipping Lnet/minecraft/tags/BannerPatternTags;
[09:33:46] [main/DEBUG]: Skipping Lnet/minecraft/stats/package-info;
[09:33:46] [main/DEBUG]: Skipping Lnet/minecraft/stats/StatsCounter;
[09:33:46] [main/DEBUG]: Skipping Lnet/minecraft/stats/Stats;
[09:33:46] [main/DEBUG]: Skipping Lnet/minecraft/stats/StatType;
[09:33:46] [main/DEBUG]: Skipping Lnet/minecraft/stats/StatFormatter;
[09:33:46] [main/DEBUG]: Skipping Lnet/minecraft/stats/Stat;
[09:33:46] [main/DEBUG]: Skipping Lnet/minecraft/stats/ServerStatsCounter;
[09:33:46] [main/DEBUG]: Skipping Lnet/minecraft/stats/ServerRecipeBook;
[09:33:46] [main/DEBUG]: Skipping Lnet/minecraft/stats/RecipeBook;
[09:33:46] [main/DEBUG]: Skipping Lnet/minecraft/stats/RecipeBookSettings;
[09:33:46] [main/DEBUG]: Skipping Lnet/minecraft/stats/RecipeBookSettings$TypeSettings;
[09:33:46] [main/DEBUG]: Skipping Lnet/minecraft/sounds/package-info;
[09:33:46] [main/DEBUG]: Skipping Lnet/minecraft/sounds/SoundSource;
[09:33:46] [main/DEBUG]: Skipping Lnet/minecraft/sounds/SoundEvents;
[09:33:46] [main/DEBUG]: Skipping Lnet/minecraft/sounds/SoundEvent;
[09:33:46] [main/DEBUG]: Skipping Lnet/minecraft/sounds/Musics;
[09:33:46] [main/DEBUG]: Skipping Lnet/minecraft/sounds/Music;
[09:33:46] [main/DEBUG]: Skipping Lnet/minecraft/server/rcon/thread/package-info;
[09:33:46] [main/DEBUG]: Skipping Lnet/minecraft/server/rcon/thread/RconThread;
[09:33:46] [main/DEBUG]: Skipping Lnet/minecraft/server/rcon/thread/QueryThreadGs4;
[09:33:46] [main/DEBUG]: Skipping Lnet/minecraft/server/rcon/thread/QueryThreadGs4$RequestChallenge;
[09:33:46] [main/DEBUG]: Skipping Lnet/minecraft/server/rcon/thread/GenericThread;
[09:33:46] [main/DEBUG]: Skipping Lnet/minecraft/server/rcon/thread/RconClient;
[09:33:46] [main/DEBUG]: Skipping Lnet/minecraft/server/rcon/package-info;
[09:33:46] [main/DEBUG]: Skipping Lnet/minecraft/server/rcon/PktUtils;
[09:33:46] [main/DEBUG]: Skipping Lnet/minecraft/server/rcon/NetworkDataOutputStream;
[09:33:46] [main/DEBUG]: Skipping Lnet/minecraft/server/rcon/RconConsoleSource;
[09:33:46] [main/DEBUG]: Skipping Lnet/minecraft/server/players/package-info;
[09:33:46] [main/DEBUG]: Skipping Lnet/minecraft/server/players/UserWhiteListEntry;
[09:33:46] [main/DEBUG]: Skipping Lnet/minecraft/server/players/UserWhiteList;
[09:33:46] [main/DEBUG]: Skipping Lnet/minecraft/server/players/UserBanListEntry;
[09:33:46] [main/DEBUG]: Skipping Lnet/minecraft/server/players/UserBanList;
[09:33:46] [main/DEBUG]: Skipping Lnet/minecraft/server/players/StoredUserList;
[09:33:46] [main/DEBUG]: Skipping Lnet/minecraft/server/players/StoredUserEntry;
[09:33:46] [main/DEBUG]: Skipping Lnet/minecraft/server/players/SleepStatus;
[09:33:46] [main/DEBUG]: Skipping Lnet/minecraft/server/players/ServerOpListEntry;
[09:33:46] [main/DEBUG]: Skipping Lnet/minecraft/server/players/ServerOpList;
[09:33:46] [main/DEBUG]: Skipping Lnet/minecraft/server/players/OldUsersConverter;
[09:33:46] [main/DEBUG]: Skipping Lnet/minecraft/server/players/OldUsersConverter$ConversionError;
[09:33:46] [main/DEBUG]: Skipping Lnet/minecraft/server/players/OldUsersConverter$5;
[09:33:46] [main/DEBUG]: Skipping Lnet/minecraft/server/players/OldUsersConverter$4;
[09:33:46] [main/DEBUG]: Skipping Lnet/minecraft/server/players/OldUsersConverter$3;
[09:33:46] [main/DEBUG]: Skipping Lnet/minecraft/server/players/OldUsersConverter$2;
[09:33:46] [main/DEBUG]: Skipping Lnet/minecraft/server/players/OldUsersConverter$1;
[09:33:46] [main/DEBUG]: Skipping Lnet/minecraft/server/players/IpBanListEntry;
[09:33:46] [main/DEBUG]: Skipping Lnet/minecraft/server/players/IpBanList;
[09:33:46] [main/DEBUG]: Skipping Lnet/minecraft/server/players/GameProfileCache;
[09:33:46] [main/DEBUG]: Skipping Lnet/minecraft/server/players/GameProfileCache$GameProfileInfo;
[09:33:46] [main/DEBUG]: Skipping Lnet/minecraft/server/players/GameProfileCache$1;
[09:33:46] [main/DEBUG]: Skipping Lnet/minecraft/server/players/BanListEntry;
[09:33:46] [main/DEBUG]: Skipping Lnet/minecraft/server/players/PlayerList;
[09:33:46] [main/DEBUG]: Skipping Lnet/minecraft/server/players/PlayerList$1;
[09:33:46] [main/DEBUG]: Skipping Lnet/minecraft/server/packs/resources/package-info;
[09:33:46] [main/DEBUG]: Skipping Lnet/minecraft/server/packs/resources/SimpleReloadInstance;
[09:33:46] [main/DEBUG]: Skipping Lnet/minecraft/server/packs/resources/SimpleReloadInstance$StateFactory;
[09:33:46] [main/DEBUG]: Skipping Lnet/minecraft/server/packs/resources/SimpleReloadInstance$1;
[09:33:46] [main/DEBUG]: Skipping Lnet/minecraft/server/packs/resources/SimplePreparableReloadListener;
[09:33:46] [main/DEBUG]: Skipping Lnet/minecraft/server/packs/resources/ResourceProvider;
[09:33:46] [main/DEBUG]: Skipping Lnet/minecraft/server/packs/resources/ResourceMetadata;
[09:33:46] [main/DEBUG]: Skipping Lnet/minecraft/server/packs/resources/ResourceMetadata$Builder;
[09:33:46] [main/DEBUG]: Skipping Lnet/minecraft/server/packs/resources/ResourceMetadata$Builder$1;
[09:33:46] [main/DEBUG]: Skipping Lnet/minecraft/server/packs/resources/ResourceMetadata$2;
[09:33:46] [main/DEBUG]: Skipping Lnet/minecraft/server/packs/resources/ResourceMetadata$1;
[09:33:46] [main/DEBUG]: Skipping Lnet/minecraft/server/packs/resources/ResourceManagerReloadListener;
[09:33:46] [main/DEBUG]: Skipping Lnet/minecraft/server/packs/resources/ResourceManager;
[09:33:46] [main/DEBUG]: Skipping Lnet/minecraft/server/packs/resources/ResourceManager$Empty;
[09:33:46] [main/DEBUG]: Skipping Lnet/minecraft/server/packs/resources/ResourceFilterSection;
[09:33:46] [main/DEBUG]: Skipping Lnet/minecraft/server/packs/resources/Resource;
[09:33:46] [main/DEBUG]: Skipping Lnet/minecraft/server/packs/resources/ReloadInstance;
[09:33:46] [main/DEBUG]: Skipping Lnet/minecraft/server/packs/resources/ProfiledReloadInstance;
[09:33:46] [main/DEBUG]: Skipping Lnet/minecraft/server/packs/resources/ProfiledReloadInstance$State;
[09:33:46] [main/DEBUG]: Skipping Lnet/minecraft/server/packs/resources/PreparableReloadListener;
[09:33:46] [main/DEBUG]: Skipping Lnet/minecraft/server/packs/resources/PreparableReloadListener$PreparationBarrier;
[09:33:46] [main/DEBUG]: Skipping Lnet/minecraft/server/packs/resources/MultiPackResourceManager;
[09:33:46] [main/DEBUG]: Skipping Lnet/minecraft/server/packs/resources/IoSupplier;
[09:33:46] [main/DEBUG]: Skipping Lnet/minecraft/server/packs/resources/CloseableResourceManager;
[09:33:46] [main/DEBUG]: Skipping Lnet/minecraft/server/packs/resources/SimpleJsonResourceReloadListener;
[09:33:46] [main/DEBUG]: Skipping Lnet/minecraft/server/packs/resources/ReloadableResourceManager;
[09:33:46] [main/DEBUG]: Transforming class Lnet/minecraft/server/packs/resources/FallbackResourceManager;
[09:33:46] [main/DEBUG]: Transforming net/minecraft/server/packs/resources/FallbackResourceManager FIELD f_10599_ to access PUBLIC and LEAVE
[09:33:46] [main/DEBUG]: Skipping Lnet/minecraft/server/packs/resources/FallbackResourceManager$ResourceWithSource;
[09:33:46] [main/DEBUG]: Skipping Lnet/minecraft/server/packs/resources/FallbackResourceManager$PackEntry;
[09:33:46] [main/DEBUG]: Skipping Lnet/minecraft/server/packs/resources/FallbackResourceManager$LeakedResourceWarningInputStream;
[09:33:46] [main/DEBUG]: Skipping Lnet/minecraft/server/packs/resources/FallbackResourceManager$EntryStack;
[09:33:46] [main/DEBUG]: Skipping Lnet/minecraft/server/packs/resources/FallbackResourceManager$1ResourceWithSourceAndIndex;
[09:33:46] [main/DEBUG]: Skipping Lnet/minecraft/server/packs/repository/package-info;
[09:33:46] [main/DEBUG]: Skipping Lnet/minecraft/server/packs/repository/RepositorySource;
[09:33:46] [main/DEBUG]: Skipping Lnet/minecraft/server/packs/repository/PackSource;
[09:33:46] [main/DEBUG]: Skipping Lnet/minecraft/server/packs/repository/PackSource$1;
[09:33:46] [main/DEBUG]: Skipping Lnet/minecraft/server/packs/repository/PackCompatibility;
[09:33:46] [main/DEBUG]: Skipping Lnet/minecraft/server/packs/repository/KnownPack;
[09:33:46] [main/DEBUG]: Transforming class Lnet/minecraft/server/packs/repository/FolderRepositorySource;
[09:33:46] [main/DEBUG]: Transforming net/minecraft/server/packs/repository/FolderRepositorySource INNERCLASS FolderPackDetector to access PUBLIC and LEAVE
[09:33:46] [main/DEBUG]: Transforming class Lnet/minecraft/server/packs/repository/FolderRepositorySource$FolderPackDetector;
[09:33:46] [main/DEBUG]: Transforming net/minecraft/server/packs/repository/FolderRepositorySource$FolderPackDetector CLASS to access PUBLIC and LEAVE
[09:33:46] [main/DEBUG]: Transforming net/minecraft/server/packs/repository/FolderRepositorySource$FolderPackDetector METHOD <init>(Lnet/minecraft/world/level/validation/DirectoryValidator;)V to access PUBLIC and LEAVE
[09:33:46] [main/DEBUG]: Skipping Lnet/minecraft/server/packs/repository/BuiltInPackSource;
[09:33:46] [main/DEBUG]: Skipping Lnet/minecraft/server/packs/repository/BuiltInPackSource$1;
[09:33:46] [main/DEBUG]: Transforming class Lnet/minecraft/server/packs/repository/ServerPacksSource;
[09:33:46] [main/DEBUG]: Transforming net/minecraft/server/packs/repository/ServerPacksSource METHOD m_246173_()Lnet/minecraft/server/packs/VanillaPackResources; to access PUBLIC and LEAVE
[09:33:46] [main/DEBUG]: Skipping Lnet/minecraft/server/packs/repository/PackRepository;
[09:33:46] [main/DEBUG]: Skipping Lnet/minecraft/server/packs/repository/PackDetector;
[09:33:46] [main/DEBUG]: Skipping Lnet/minecraft/server/packs/repository/Pack;
[09:33:46] [main/DEBUG]: Skipping Lnet/minecraft/server/packs/repository/Pack$ResourcesSupplier;
[09:33:46] [main/DEBUG]: Skipping Lnet/minecraft/server/packs/repository/Pack$Position;
[09:33:46] [main/DEBUG]: Skipping Lnet/minecraft/server/packs/repository/Pack$Metadata;
[09:33:46] [main/DEBUG]: Skipping Lnet/minecraft/server/packs/package-info;
[09:33:46] [main/DEBUG]: Skipping Lnet/minecraft/server/packs/metadata/package-info;
[09:33:46] [main/DEBUG]: Skipping Lnet/minecraft/server/packs/metadata/pack/package-info;
[09:33:46] [main/DEBUG]: Skipping Lnet/minecraft/server/packs/metadata/pack/PackMetadataSection;
[09:33:46] [main/DEBUG]: Skipping Lnet/minecraft/server/packs/metadata/MetadataSectionType;
[09:33:46] [main/DEBUG]: Skipping Lnet/minecraft/server/packs/metadata/MetadataSectionType$1;
[09:33:46] [main/DEBUG]: Skipping Lnet/minecraft/server/packs/metadata/MetadataSectionSerializer;
[09:33:46] [main/DEBUG]: Skipping Lnet/minecraft/server/packs/linkfs/package-info;
[09:33:46] [main/DEBUG]: Skipping Lnet/minecraft/server/packs/linkfs/PathContents;
[09:33:46] [main/DEBUG]: Skipping Lnet/minecraft/server/packs/linkfs/PathContents$FileContents;
[09:33:46] [main/DEBUG]: Skipping Lnet/minecraft/server/packs/linkfs/PathContents$DirectoryContents;
[09:33:46] [main/DEBUG]: Skipping Lnet/minecraft/server/packs/linkfs/PathContents$2;
[09:33:46] [main/DEBUG]: Skipping Lnet/minecraft/server/packs/linkfs/PathContents$1;
[09:33:46] [main/DEBUG]: Skipping Lnet/minecraft/server/packs/linkfs/LinkFileSystem;
[09:33:46] [main/DEBUG]: Skipping Lnet/minecraft/server/packs/linkfs/LinkFileSystem$DirectoryEntry;
[09:33:46] [main/DEBUG]: Skipping Lnet/minecraft/server/packs/linkfs/LinkFileSystem$Builder;
[09:33:46] [main/DEBUG]: Skipping Lnet/minecraft/server/packs/linkfs/LinkFSProvider;
[09:33:46] [main/DEBUG]: Skipping Lnet/minecraft/server/packs/linkfs/LinkFSProvider$2;
[09:33:46] [main/DEBUG]: Skipping Lnet/minecraft/server/packs/linkfs/LinkFSProvider$1;
[09:33:46] [main/DEBUG]: Skipping Lnet/minecraft/server/packs/linkfs/LinkFSPath;
[09:33:46] [main/DEBUG]: Skipping Lnet/minecraft/server/packs/linkfs/LinkFSPath$3;
[09:33:46] [main/DEBUG]: Skipping Lnet/minecraft/server/packs/linkfs/LinkFSPath$2;
[09:33:46] [main/DEBUG]: Skipping Lnet/minecraft/server/packs/linkfs/LinkFSPath$1;
[09:33:46] [main/DEBUG]: Skipping Lnet/minecraft/server/packs/linkfs/LinkFSFileStore;
[09:33:46] [main/DEBUG]: Skipping Lnet/minecraft/server/packs/linkfs/DummyFileAttributes;
[09:33:46] [main/DEBUG]: Skipping Lnet/minecraft/server/packs/VanillaPackResourcesBuilder;
[09:33:46] [main/DEBUG]: Skipping Lnet/minecraft/server/packs/VanillaPackResources;
[09:33:46] [main/DEBUG]: Skipping Lnet/minecraft/server/packs/PathPackResources;
[09:33:46] [main/DEBUG]: Skipping Lnet/minecraft/server/packs/PathPackResources$PathResourcesSupplier;
[09:33:46] [main/DEBUG]: Skipping Lnet/minecraft/server/packs/PackType;
[09:33:46] [main/DEBUG]: Skipping Lnet/minecraft/server/packs/PackSelectionConfig;
[09:33:46] [main/DEBUG]: Skipping Lnet/minecraft/server/packs/PackLocationInfo;
[09:33:46] [main/DEBUG]: Skipping Lnet/minecraft/server/packs/OverlayMetadataSection;
[09:33:46] [main/DEBUG]: Skipping Lnet/minecraft/server/packs/OverlayMetadataSection$OverlayEntry;
[09:33:46] [main/DEBUG]: Skipping Lnet/minecraft/server/packs/FilePackResources;
[09:33:46] [main/DEBUG]: Skipping Lnet/minecraft/server/packs/FilePackResources$SharedZipFileAccess;
[09:33:46] [main/DEBUG]: Skipping Lnet/minecraft/server/packs/FilePackResources$FileResourcesSupplier;
[09:33:46] [main/DEBUG]: Skipping Lnet/minecraft/server/packs/FeatureFlagsMetadataSection;
[09:33:46] [main/DEBUG]: Skipping Lnet/minecraft/server/packs/DownloadQueue;
[09:33:46] [main/DEBUG]: Skipping Lnet/minecraft/server/packs/DownloadQueue$LogEntry;
[09:33:46] [main/DEBUG]: Skipping Lnet/minecraft/server/packs/DownloadQueue$FileInfoEntry;
[09:33:46] [main/DEBUG]: Skipping Lnet/minecraft/server/packs/DownloadQueue$DownloadRequest;
[09:33:46] [main/DEBUG]: Skipping Lnet/minecraft/server/packs/DownloadQueue$BatchResult;
[09:33:46] [main/DEBUG]: Skipping Lnet/minecraft/server/packs/DownloadQueue$BatchConfig;
[09:33:46] [main/DEBUG]: Skipping Lnet/minecraft/server/packs/DownloadCacheCleaner;
[09:33:46] [main/DEBUG]: Skipping Lnet/minecraft/server/packs/DownloadCacheCleaner$PathAndTime;
[09:33:46] [main/DEBUG]: Skipping Lnet/minecraft/server/packs/DownloadCacheCleaner$PathAndPriority;
[09:33:46] [main/DEBUG]: Skipping Lnet/minecraft/server/packs/DownloadCacheCleaner$1;
[09:33:46] [main/DEBUG]: Skipping Lnet/minecraft/server/packs/CompositePackResources;
[09:33:46] [main/DEBUG]: Skipping Lnet/minecraft/server/packs/BuiltInMetadata;
[09:33:46] [main/DEBUG]: Skipping Lnet/minecraft/server/packs/PackResources;
[09:33:46] [main/DEBUG]: Skipping Lnet/minecraft/server/packs/PackResources$ResourceOutput;
[09:33:46] [main/DEBUG]: Skipping Lnet/minecraft/server/packs/AbstractPackResources;
[09:33:46] [main/DEBUG]: Skipping Lnet/minecraft/server/package-info;
[09:33:46] [main/DEBUG]: Skipping Lnet/minecraft/server/network/package-info;
[09:33:46] [main/DEBUG]: Skipping Lnet/minecraft/server/network/config/package-info;
[09:33:46] [main/DEBUG]: Skipping Lnet/minecraft/server/network/config/SynchronizeRegistriesTask;
[09:33:46] [main/DEBUG]: Skipping Lnet/minecraft/server/network/config/ServerResourcePackConfigurationTask;
[09:33:46] [main/DEBUG]: Skipping Lnet/minecraft/server/network/config/JoinWorldTask;
[09:33:46] [main/DEBUG]: Skipping Lnet/minecraft/server/network/TextFilterClient;
[09:33:46] [main/DEBUG]: Skipping Lnet/minecraft/server/network/TextFilterClient$RequestFailedException;
[09:33:46] [main/DEBUG]: Skipping Lnet/minecraft/server/network/TextFilterClient$PlayerContext;
[09:33:46] [main/DEBUG]: Skipping Lnet/minecraft/server/network/TextFilterClient$MessageEncoder;
[09:33:46] [main/DEBUG]: Skipping Lnet/minecraft/server/network/TextFilterClient$JoinOrLeaveEncoder;
[09:33:46] [main/DEBUG]: Skipping Lnet/minecraft/server/network/TextFilterClient$IgnoreStrategy;
[09:33:46] [main/DEBUG]: Skipping Lnet/minecraft/server/network/TextFilter;
[09:33:46] [main/DEBUG]: Skipping Lnet/minecraft/server/network/TextFilter$1;
[09:33:46] [main/DEBUG]: Skipping Lnet/minecraft/server/network/ServerPlayerConnection;
[09:33:46] [main/DEBUG]: Skipping Lnet/minecraft/server/network/LegacyQueryHandler;
[09:33:46] [main/DEBUG]: Skipping Lnet/minecraft/server/network/LegacyProtocolUtils;
[09:33:46] [main/DEBUG]: Skipping Lnet/minecraft/server/network/FilteredText;
[09:33:46] [main/DEBUG]: Skipping Lnet/minecraft/server/network/Filterable;
[09:33:46] [main/DEBUG]: Skipping Lnet/minecraft/server/network/CommonListenerCookie;
[09:33:46] [main/DEBUG]: Skipping Lnet/minecraft/server/network/ServerStatusPacketListenerImpl;
[09:33:46] [main/DEBUG]: Skipping Lnet/minecraft/server/network/ServerLoginPacketListenerImpl;
[09:33:46] [main/DEBUG]: Skipping Lnet/minecraft/server/network/ServerLoginPacketListenerImpl$State;
[09:33:46] [main/DEBUG]: Skipping Lnet/minecraft/server/network/ServerLoginPacketListenerImpl$1;
[09:33:46] [main/DEBUG]: Skipping Lnet/minecraft/server/network/ServerHandshakePacketListenerImpl;
[09:33:46] [main/DEBUG]: Skipping Lnet/minecraft/server/network/ServerHandshakePacketListenerImpl$1;
[09:33:46] [main/DEBUG]: Skipping Lnet/minecraft/server/network/ServerGamePacketListenerImpl;
[09:33:46] [main/DEBUG]: Skipping Lnet/minecraft/server/network/ServerGamePacketListenerImpl$EntityInteraction;
[09:33:46] [main/DEBUG]: Skipping Lnet/minecraft/server/network/ServerGamePacketListenerImpl$2;
[09:33:46] [main/DEBUG]: Skipping Lnet/minecraft/server/network/ServerGamePacketListenerImpl$1;
[09:33:46] [main/DEBUG]: Skipping Lnet/minecraft/server/network/ServerConnectionListener;
[09:33:46] [main/DEBUG]: Skipping Lnet/minecraft/server/network/ServerConnectionListener$LatencySimulator;
[09:33:46] [main/DEBUG]: Skipping Lnet/minecraft/server/network/ServerConnectionListener$LatencySimulator$DelayedMessage;
[09:33:46] [main/DEBUG]: Skipping Lnet/minecraft/server/network/ServerConnectionListener$2;
[09:33:46] [main/DEBUG]: Skipping Lnet/minecraft/server/network/ServerConnectionListener$1;
[09:33:46] [main/DEBUG]: Transforming class Lnet/minecraft/server/network/ServerConfigurationPacketListenerImpl;
[09:33:46] [main/DEBUG]: Transforming net/minecraft/server/network/ServerConfigurationPacketListenerImpl METHOD m_293514_(Lnet/minecraft/server/network/ConfigurationTask$Type;)V to access PUBLIC and LEAVE
[09:33:46] [main/DEBUG]: Skipping Lnet/minecraft/server/network/ServerCommonPacketListenerImpl;
[09:33:46] [main/DEBUG]: Skipping Lnet/minecraft/server/network/PlayerChunkSender;
[09:33:46] [main/DEBUG]: Skipping Lnet/minecraft/server/network/MemoryServerHandshakePacketListenerImpl;
[09:33:46] [main/DEBUG]: Skipping Lnet/minecraft/server/network/ConfigurationTask;
[09:33:46] [main/DEBUG]: Skipping Lnet/minecraft/server/network/ConfigurationTask$Type;
[09:33:46] [main/DEBUG]: Skipping Lnet/minecraft/server/level/progress/package-info;
[09:33:46] [main/DEBUG]: Skipping Lnet/minecraft/server/level/progress/StoringChunkProgressListener;
[09:33:46] [main/DEBUG]: Skipping Lnet/minecraft/server/level/progress/ProcessorChunkProgressListener;
[09:33:46] [main/DEBUG]: Skipping Lnet/minecraft/server/level/progress/LoggerChunkProgressListener;
[09:33:46] [main/DEBUG]: Skipping Lnet/minecraft/server/level/progress/ChunkProgressListenerFactory;
[09:33:46] [main/DEBUG]: Skipping Lnet/minecraft/server/level/progress/ChunkProgressListener;
[09:33:46] [main/DEBUG]: Skipping Lnet/minecraft/server/level/package-info;
[09:33:46] [main/DEBUG]: Skipping Lnet/minecraft/server/level/TickingTracker;
[09:33:46] [main/DEBUG]: Skipping Lnet/minecraft/server/level/TicketType;
[09:33:46] [main/DEBUG]: Skipping Lnet/minecraft/server/level/ThreadedLevelLightEngine;
[09:33:46] [main/DEBUG]: Skipping Lnet/minecraft/server/level/ThreadedLevelLightEngine$TaskType;
[09:33:46] [main/DEBUG]: Skipping Lnet/minecraft/server/level/ServerBossEvent;
[09:33:46] [main/DEBUG]: Skipping Lnet/minecraft/server/level/SectionTracker;
[09:33:46] [main/DEBUG]: Skipping Lnet/minecraft/server/level/PlayerRespawnLogic;
[09:33:46] [main/DEBUG]: Skipping Lnet/minecraft/server/level/PlayerMap;
[09:33:46] [main/DEBUG]: Skipping Lnet/minecraft/server/level/GeneratingChunkMap;
[09:33:46] [main/DEBUG]: Skipping Lnet/minecraft/server/level/FullChunkStatus;
[09:33:46] [main/DEBUG]: Skipping Lnet/minecraft/server/level/DemoMode;
[09:33:46] [main/DEBUG]: Skipping Lnet/minecraft/server/level/ColumnPos;
[09:33:46] [main/DEBUG]: Skipping Lnet/minecraft/server/level/ClientInformation;
[09:33:46] [main/DEBUG]: Skipping Lnet/minecraft/server/level/ChunkTrackingView;
[09:33:46] [main/DEBUG]: Skipping Lnet/minecraft/server/level/ChunkTrackingView$Positioned;
[09:33:46] [main/DEBUG]: Skipping Lnet/minecraft/server/level/ChunkTrackingView$1;
[09:33:46] [main/DEBUG]: Skipping Lnet/minecraft/server/level/ChunkTracker;
[09:33:46] [main/DEBUG]: Skipping Lnet/minecraft/server/level/ChunkTaskPriorityQueueSorter;
[09:33:46] [main/DEBUG]: Skipping Lnet/minecraft/server/level/ChunkTaskPriorityQueueSorter$Release;
[09:33:46] [main/DEBUG]: Skipping Lnet/minecraft/server/level/ChunkTaskPriorityQueueSorter$Message;
[09:33:46] [main/DEBUG]: Skipping Lnet/minecraft/server/level/ChunkTaskPriorityQueue;
[09:33:46] [main/DEBUG]: Skipping Lnet/minecraft/server/level/ChunkResult;
[09:33:46] [main/DEBUG]: Skipping Lnet/minecraft/server/level/ChunkResult$Success;
[09:33:46] [main/DEBUG]: Skipping Lnet/minecraft/server/level/ChunkResult$Fail;
[09:33:46] [main/DEBUG]: Skipping Lnet/minecraft/server/level/ChunkLevel;
[09:33:46] [main/DEBUG]: Skipping Lnet/minecraft/server/level/ChunkLevel$1;
[09:33:46] [main/DEBUG]: Skipping Lnet/minecraft/server/level/ChunkHolder;
[09:33:46] [main/DEBUG]: Skipping Lnet/minecraft/server/level/ChunkHolder$PlayerProvider;
[09:33:46] [main/DEBUG]: Skipping Lnet/minecraft/server/level/ChunkHolder$LevelChangeListener;
[09:33:46] [main/DEBUG]: Skipping Lnet/minecraft/server/level/ChunkGenerationTask;
[09:33:46] [main/DEBUG]: Skipping Lnet/minecraft/server/level/BlockDestructionProgress;
[09:33:46] [main/DEBUG]: Skipping Lnet/minecraft/server/level/WorldGenRegion;
[09:33:46] [main/DEBUG]: Skipping Lnet/minecraft/server/level/Ticket;
[09:33:46] [main/DEBUG]: Skipping Lnet/minecraft/server/level/ServerPlayerGameMode;
[09:33:46] [main/DEBUG]: Transforming class Lnet/minecraft/server/level/ServerPlayer;
[09:33:46] [main/DEBUG]: Transforming net/minecraft/server/level/ServerPlayer FIELD f_8940_ to access PUBLIC and LEAVE
[09:33:46] [main/DEBUG]: Transforming net/minecraft/server/level/ServerPlayer METHOD m_143399_(Lnet/minecraft/world/inventory/AbstractContainerMenu;)V to access PUBLIC and LEAVE
[09:33:46] [main/DEBUG]: Transforming net/minecraft/server/level/ServerPlayer METHOD m_9217_()V to access PUBLIC and LEAVE
[09:33:46] [main/DEBUG]: Skipping Lnet/minecraft/server/level/ServerPlayer$RespawnPosAngle;
[09:33:46] [main/DEBUG]: Skipping Lnet/minecraft/server/level/ServerPlayer$2;
[09:33:46] [main/DEBUG]: Skipping Lnet/minecraft/server/level/ServerPlayer$1;
[09:33:46] [main/DEBUG]: Transforming class Lnet/minecraft/server/level/ServerLevel;
[09:33:46] [main/DEBUG]: Transforming net/minecraft/server/level/ServerLevel METHOD m_142646_()Lnet/minecraft/world/level/entity/LevelEntityGetter; to access PUBLIC and LEAVE
[09:33:46] [main/DEBUG]: Skipping Lnet/minecraft/server/level/ServerLevel$EntityCallbacks;
[09:33:46] [main/DEBUG]: Skipping Lnet/minecraft/server/level/ServerEntity;
[09:33:46] [main/DEBUG]: Transforming class Lnet/minecraft/server/level/ServerChunkCache;
[09:33:46] [main/DEBUG]: Transforming net/minecraft/server/level/ServerChunkCache FIELD f_8329_ to access PUBLIC and LEAVE
[09:33:46] [main/DEBUG]: Skipping Lnet/minecraft/server/level/ServerChunkCache$MainThreadExecutor;
[09:33:46] [main/DEBUG]: Skipping Lnet/minecraft/server/level/ServerChunkCache$ChunkAndHolder;
[09:33:46] [main/DEBUG]: Skipping Lnet/minecraft/server/level/GenerationChunkHolder;
[09:33:46] [main/DEBUG]: Skipping Lnet/minecraft/server/level/DistanceManager;
[09:33:46] [main/DEBUG]: Skipping Lnet/minecraft/server/level/DistanceManager$PlayerTicketTracker;
[09:33:46] [main/DEBUG]: Skipping Lnet/minecraft/server/level/DistanceManager$FixedPlayerDistanceChunkTracker;
[09:33:46] [main/DEBUG]: Skipping Lnet/minecraft/server/level/DistanceManager$ChunkTicketTracker;
[09:33:46] [main/DEBUG]: Skipping Lnet/minecraft/server/level/ChunkMap;
[09:33:46] [main/DEBUG]: Skipping Lnet/minecraft/server/level/ChunkMap$TrackedEntity;
[09:33:46] [main/DEBUG]: Skipping Lnet/minecraft/server/level/ChunkMap$DistanceManager;
[09:33:46] [main/DEBUG]: Skipping Lnet/minecraft/server/gui/package-info;
[09:33:46] [main/DEBUG]: Skipping Lnet/minecraft/server/gui/StatsComponent;
[09:33:46] [main/DEBUG]: Skipping Lnet/minecraft/server/gui/PlayerListComponent;
[09:33:46] [main/DEBUG]: Skipping Lnet/minecraft/server/gui/MinecraftServerGui;
[09:33:46] [main/DEBUG]: Skipping Lnet/minecraft/server/gui/MinecraftServerGui$2;
[09:33:46] [main/DEBUG]: Skipping Lnet/minecraft/server/gui/MinecraftServerGui$1;
[09:33:46] [main/DEBUG]: Skipping Lnet/minecraft/server/dedicated/package-info;
[09:33:46] [main/DEBUG]: Skipping Lnet/minecraft/server/dedicated/DedicatedServerSettings;
[09:33:46] [main/DEBUG]: Skipping Lnet/minecraft/server/dedicated/DedicatedServerProperties;
[09:33:46] [main/DEBUG]: Skipping Lnet/minecraft/server/dedicated/DedicatedServerProperties$WorldDimensionData;
[09:33:46] [main/DEBUG]: Skipping Lnet/minecraft/server/dedicated/DedicatedPlayerList;
[09:33:46] [main/DEBUG]: Skipping Lnet/minecraft/server/dedicated/Settings;
[09:33:46] [main/DEBUG]: Skipping Lnet/minecraft/server/dedicated/Settings$MutableValue;
[09:33:46] [main/DEBUG]: Skipping Lnet/minecraft/server/dedicated/ServerWatchdog;
[09:33:46] [main/DEBUG]: Skipping Lnet/minecraft/server/dedicated/ServerWatchdog$1;
[09:33:46] [main/DEBUG]: Transforming class Lnet/minecraft/server/dedicated/DedicatedServer;
[09:33:46] [main/DEBUG]: Transforming net/minecraft/server/dedicated/DedicatedServer FIELD f_139600_ to access PUBLIC and LEAVE
[09:33:46] [main/DEBUG]: Skipping Lnet/minecraft/server/dedicated/DedicatedServer$1;
[09:33:46] [main/DEBUG]: Skipping Lnet/minecraft/server/commands/package-info;
[09:33:46] [main/DEBUG]: Skipping Lnet/minecraft/server/commands/data/package-info;
[09:33:46] [main/DEBUG]: Skipping Lnet/minecraft/server/commands/data/StorageDataAccessor;
[09:33:46] [main/DEBUG]: Skipping Lnet/minecraft/server/commands/data/StorageDataAccessor$1;
[09:33:46] [main/DEBUG]: Skipping Lnet/minecraft/server/commands/data/EntityDataAccessor;
[09:33:46] [main/DEBUG]: Skipping Lnet/minecraft/server/commands/data/EntityDataAccessor$1;
[09:33:46] [main/DEBUG]: Skipping Lnet/minecraft/server/commands/data/DataCommands;
[09:33:46] [main/DEBUG]: Skipping Lnet/minecraft/server/commands/data/DataCommands$StringProcessor;
[09:33:46] [main/DEBUG]: Skipping Lnet/minecraft/server/commands/data/DataCommands$DataProvider;
[09:33:46] [main/DEBUG]: Skipping Lnet/minecraft/server/commands/data/DataCommands$DataManipulatorDecorator;
[09:33:46] [main/DEBUG]: Skipping Lnet/minecraft/server/commands/data/DataCommands$DataManipulator;
[09:33:46] [main/DEBUG]: Skipping Lnet/minecraft/server/commands/data/DataAccessor;
[09:33:46] [main/DEBUG]: Skipping Lnet/minecraft/server/commands/data/BlockDataAccessor;
[09:33:46] [main/DEBUG]: Skipping Lnet/minecraft/server/commands/data/BlockDataAccessor$1;
[09:33:46] [main/DEBUG]: Skipping Lnet/minecraft/server/commands/WorldBorderCommand;
[09:33:46] [main/DEBUG]: Skipping Lnet/minecraft/server/commands/WhitelistCommand;
[09:33:46] [main/DEBUG]: Skipping Lnet/minecraft/server/commands/WeatherCommand;
[09:33:46] [main/DEBUG]: Skipping Lnet/minecraft/server/commands/WardenSpawnTrackerCommand;
[09:33:46] [main/DEBUG]: Skipping Lnet/minecraft/server/commands/TriggerCommand;
[09:33:46] [main/DEBUG]: Skipping Lnet/minecraft/server/commands/TransferCommand;
[09:33:46] [main/DEBUG]: Skipping Lnet/minecraft/server/commands/TitleCommand;
[09:33:46] [main/DEBUG]: Skipping Lnet/minecraft/server/commands/TimeCommand;
[09:33:46] [main/DEBUG]: Skipping Lnet/minecraft/server/commands/TickCommand;
[09:33:46] [main/DEBUG]: Skipping Lnet/minecraft/server/commands/TellRawCommand;
[09:33:46] [main/DEBUG]: Skipping Lnet/minecraft/server/commands/TeamMsgCommand;
[09:33:46] [main/DEBUG]: Skipping Lnet/minecraft/server/commands/TeamCommand;
[09:33:46] [main/DEBUG]: Skipping Lnet/minecraft/server/commands/TagCommand;
[09:33:46] [main/DEBUG]: Skipping Lnet/minecraft/server/commands/SummonCommand;
[09:33:46] [main/DEBUG]: Skipping Lnet/minecraft/server/commands/StopSoundCommand;
[09:33:46] [main/DEBUG]: Skipping Lnet/minecraft/server/commands/StopCommand;
[09:33:46] [main/DEBUG]: Skipping Lnet/minecraft/server/commands/SpectateCommand;
[09:33:46] [main/DEBUG]: Skipping Lnet/minecraft/server/commands/SpawnArmorTrimsCommand;
[09:33:46] [main/DEBUG]: Skipping Lnet/minecraft/server/commands/SetWorldSpawnCommand;
[09:33:46] [main/DEBUG]: Skipping Lnet/minecraft/server/commands/SetSpawnCommand;
[09:33:46] [main/DEBUG]: Skipping Lnet/minecraft/server/commands/SetPlayerIdleTimeoutCommand;
[09:33:46] [main/DEBUG]: Skipping Lnet/minecraft/server/commands/SetBlockCommand;
[09:33:46] [main/DEBUG]: Skipping Lnet/minecraft/server/commands/SetBlockCommand$Mode;
[09:33:46] [main/DEBUG]: Skipping Lnet/minecraft/server/commands/SetBlockCommand$Filter;
[09:33:46] [main/DEBUG]: Skipping Lnet/minecraft/server/commands/ServerPackCommand;
[09:33:46] [main/DEBUG]: Skipping Lnet/minecraft/server/commands/SeedCommand;
[09:33:46] [main/DEBUG]: Skipping Lnet/minecraft/server/commands/ScoreboardCommand;
[09:33:46] [main/DEBUG]: Skipping Lnet/minecraft/server/commands/ScoreboardCommand$NumberFormatCommandExecutor;
[09:33:46] [main/DEBUG]: Skipping Lnet/minecraft/server/commands/ScheduleCommand;
[09:33:46] [main/DEBUG]: Skipping Lnet/minecraft/server/commands/SayCommand;
[09:33:46] [main/DEBUG]: Skipping Lnet/minecraft/server/commands/SaveOnCommand;
[09:33:46] [main/DEBUG]: Skipping Lnet/minecraft/server/commands/SaveOffCommand;
[09:33:46] [main/DEBUG]: Skipping Lnet/minecraft/server/commands/SaveAllCommand;
[09:33:46] [main/DEBUG]: Skipping Lnet/minecraft/server/commands/RideCommand;
[09:33:46] [main/DEBUG]: Skipping Lnet/minecraft/server/commands/ReturnCommand;
[09:33:46] [main/DEBUG]: Skipping Lnet/minecraft/server/commands/ReturnCommand$ReturnValueCustomExecutor;
[09:33:46] [main/DEBUG]: Skipping Lnet/minecraft/server/commands/ReturnCommand$ReturnFromCommandCustomModifier;
[09:33:46] [main/DEBUG]: Skipping Lnet/minecraft/server/commands/ReturnCommand$ReturnFailCustomExecutor;
[09:33:46] [main/DEBUG]: Skipping Lnet/minecraft/server/commands/ReloadCommand;
[09:33:46] [main/DEBUG]: Skipping Lnet/minecraft/server/commands/RecipeCommand;
[09:33:46] [main/DEBUG]: Skipping Lnet/minecraft/server/commands/RandomCommand;
[09:33:46] [main/DEBUG]: Skipping Lnet/minecraft/server/commands/RaidCommand;
[09:33:46] [main/DEBUG]: Skipping Lnet/minecraft/server/commands/PublishCommand;
[09:33:46] [main/DEBUG]: Skipping Lnet/minecraft/server/commands/PlaySoundCommand;
[09:33:46] [main/DEBUG]: Skipping Lnet/minecraft/server/commands/PlaceCommand;
[09:33:46] [main/DEBUG]: Skipping Lnet/minecraft/server/commands/PerfCommand;
[09:33:46] [main/DEBUG]: Skipping Lnet/minecraft/server/commands/ParticleCommand;
[09:33:46] [main/DEBUG]: Skipping Lnet/minecraft/server/commands/PardonIpCommand;
[09:33:46] [main/DEBUG]: Skipping Lnet/minecraft/server/commands/PardonCommand;
[09:33:46] [main/DEBUG]: Skipping Lnet/minecraft/server/commands/OpCommand;
[09:33:46] [main/DEBUG]: Skipping Lnet/minecraft/server/commands/MsgCommand;
[09:33:46] [main/DEBUG]: Skipping Lnet/minecraft/server/commands/LootCommand;
[09:33:46] [main/DEBUG]: Skipping Lnet/minecraft/server/commands/LootCommand$TailProvider;
[09:33:46] [main/DEBUG]: Skipping Lnet/minecraft/server/commands/LootCommand$DropConsumer;
[09:33:46] [main/DEBUG]: Skipping Lnet/minecraft/server/commands/LootCommand$Callback;
[09:33:46] [main/DEBUG]: Skipping Lnet/minecraft/server/commands/LocateCommand;
[09:33:46] [main/DEBUG]: Skipping Lnet/minecraft/server/commands/ListPlayersCommand;
[09:33:46] [main/DEBUG]: Skipping Lnet/minecraft/server/commands/KillCommand;
[09:33:46] [main/DEBUG]: Skipping Lnet/minecraft/server/commands/KickCommand;
[09:33:46] [main/DEBUG]: Skipping Lnet/minecraft/server/commands/JfrCommand;
[09:33:46] [main/DEBUG]: Skipping Lnet/minecraft/server/commands/ItemCommands;
[09:33:46] [main/DEBUG]: Skipping Lnet/minecraft/server/commands/HelpCommand;
[09:33:46] [main/DEBUG]: Skipping Lnet/minecraft/server/commands/GiveCommand;
[09:33:46] [main/DEBUG]: Skipping Lnet/minecraft/server/commands/GameRuleCommand;
[09:33:46] [main/DEBUG]: Skipping Lnet/minecraft/server/commands/GameRuleCommand$1;
[09:33:46] [main/DEBUG]: Skipping Lnet/minecraft/server/commands/GameModeCommand;
[09:33:46] [main/DEBUG]: Skipping Lnet/minecraft/server/commands/FunctionCommand;
[09:33:46] [main/DEBUG]: Skipping Lnet/minecraft/server/commands/FunctionCommand$FunctionCustomExecutor;
[09:33:46] [main/DEBUG]: Skipping Lnet/minecraft/server/commands/FunctionCommand$Callbacks;
[09:33:46] [main/DEBUG]: Skipping Lnet/minecraft/server/commands/FunctionCommand$5;
[09:33:46] [main/DEBUG]: Skipping Lnet/minecraft/server/commands/FunctionCommand$4;
[09:33:46] [main/DEBUG]: Skipping Lnet/minecraft/server/commands/FunctionCommand$3;
[09:33:46] [main/DEBUG]: Skipping Lnet/minecraft/server/commands/FunctionCommand$2;
[09:33:46] [main/DEBUG]: Skipping Lnet/minecraft/server/commands/FunctionCommand$1Accumulator;
[09:33:46] [main/DEBUG]: Skipping Lnet/minecraft/server/commands/FunctionCommand$1;
[09:33:46] [main/DEBUG]: Skipping Lnet/minecraft/server/commands/ForceLoadCommand;
[09:33:46] [main/DEBUG]: Skipping Lnet/minecraft/server/commands/FillCommand;
[09:33:46] [main/DEBUG]: Skipping Lnet/minecraft/server/commands/FillCommand$Mode;
[09:33:46] [main/DEBUG]: Skipping Lnet/minecraft/server/commands/FillBiomeCommand;
[09:33:46] [main/DEBUG]: Skipping Lnet/minecraft/server/commands/ExperienceCommand;
[09:33:46] [main/DEBUG]: Skipping Lnet/minecraft/server/commands/ExperienceCommand$Type;
[09:33:46] [main/DEBUG]: Skipping Lnet/minecraft/server/commands/ExecuteCommand;
[09:33:46] [main/DEBUG]: Skipping Lnet/minecraft/server/commands/ExecuteCommand$IntBiPredicate;
[09:33:46] [main/DEBUG]: Skipping Lnet/minecraft/server/commands/ExecuteCommand$ExecuteIfFunctionCustomModifier;
[09:33:46] [main/DEBUG]: Skipping Lnet/minecraft/server/commands/ExecuteCommand$CommandPredicate;
[09:33:46] [main/DEBUG]: Skipping Lnet/minecraft/server/commands/ExecuteCommand$CommandNumericPredicate;
[09:33:46] [main/DEBUG]: Skipping Lnet/minecraft/server/commands/ExecuteCommand$CommandGetter;
[09:33:46] [main/DEBUG]: Skipping Lnet/minecraft/server/commands/EnchantCommand;
[09:33:46] [main/DEBUG]: Skipping Lnet/minecraft/server/commands/EmoteCommands;
[09:33:46] [main/DEBUG]: Skipping Lnet/minecraft/server/commands/EffectCommands;
[09:33:46] [main/DEBUG]: Skipping Lnet/minecraft/server/commands/DifficultyCommand;
[09:33:46] [main/DEBUG]: Skipping Lnet/minecraft/server/commands/DefaultGameModeCommands;
[09:33:46] [main/DEBUG]: Skipping Lnet/minecraft/server/commands/DebugPathCommand;
[09:33:46] [main/DEBUG]: Skipping Lnet/minecraft/server/commands/DebugMobSpawningCommand;
[09:33:46] [main/DEBUG]: Skipping Lnet/minecraft/server/commands/DebugConfigCommand;
[09:33:46] [main/DEBUG]: Skipping Lnet/minecraft/server/commands/DebugCommand;
[09:33:46] [main/DEBUG]: Skipping Lnet/minecraft/server/commands/DebugCommand$Tracer;
[09:33:46] [main/DEBUG]: Skipping Lnet/minecraft/server/commands/DebugCommand$TraceCustomExecutor;
[09:33:46] [main/DEBUG]: Skipping Lnet/minecraft/server/commands/DebugCommand$TraceCustomExecutor$1;
[09:33:46] [main/DEBUG]: Skipping Lnet/minecraft/server/commands/DeOpCommands;
[09:33:46] [main/DEBUG]: Skipping Lnet/minecraft/server/commands/DataPackCommand;
[09:33:46] [main/DEBUG]: Skipping Lnet/minecraft/server/commands/DataPackCommand$Inserter;
[09:33:46] [main/DEBUG]: Skipping Lnet/minecraft/server/commands/DamageCommand;
[09:33:46] [main/DEBUG]: Skipping Lnet/minecraft/server/commands/CloneCommands;
[09:33:46] [main/DEBUG]: Skipping Lnet/minecraft/server/commands/CloneCommands$Mode;
[09:33:46] [main/DEBUG]: Skipping Lnet/minecraft/server/commands/CloneCommands$DimensionAndPosition;
[09:33:46] [main/DEBUG]: Skipping Lnet/minecraft/server/commands/CloneCommands$CommandFunction;
[09:33:46] [main/DEBUG]: Skipping Lnet/minecraft/server/commands/CloneCommands$CloneBlockInfo;
[09:33:46] [main/DEBUG]: Skipping Lnet/minecraft/server/commands/CloneCommands$CloneBlockEntityInfo;
[09:33:46] [main/DEBUG]: Skipping Lnet/minecraft/server/commands/ClearInventoryCommands;
[09:33:46] [main/DEBUG]: Skipping Lnet/minecraft/server/commands/ChaseCommand;
[09:33:46] [main/DEBUG]: Skipping Lnet/minecraft/server/commands/BossBarCommands;
[09:33:46] [main/DEBUG]: Skipping Lnet/minecraft/server/commands/BanPlayerCommands;
[09:33:46] [main/DEBUG]: Skipping Lnet/minecraft/server/commands/BanListCommands;
[09:33:46] [main/DEBUG]: Skipping Lnet/minecraft/server/commands/BanIpCommands;
[09:33:46] [main/DEBUG]: Skipping Lnet/minecraft/server/commands/AttributeCommand;
[09:33:46] [main/DEBUG]: Skipping Lnet/minecraft/server/commands/AdvancementCommands;
[09:33:46] [main/DEBUG]: Skipping Lnet/minecraft/server/commands/AdvancementCommands$Mode;
[09:33:46] [main/DEBUG]: Skipping Lnet/minecraft/server/commands/AdvancementCommands$Action;
[09:33:46] [main/DEBUG]: Skipping Lnet/minecraft/server/commands/AdvancementCommands$Action$2;
[09:33:46] [main/DEBUG]: Skipping Lnet/minecraft/server/commands/AdvancementCommands$Action$1;
[09:33:46] [main/DEBUG]: Skipping Lnet/minecraft/server/commands/TeleportCommand;
[09:33:46] [main/DEBUG]: Skipping Lnet/minecraft/server/commands/TeleportCommand$LookAtPosition;
[09:33:46] [main/DEBUG]: Skipping Lnet/minecraft/server/commands/TeleportCommand$LookAtEntity;
[09:33:46] [main/DEBUG]: Skipping Lnet/minecraft/server/commands/TeleportCommand$LookAt;
[09:33:46] [main/DEBUG]: Skipping Lnet/minecraft/server/commands/SpreadPlayersCommand;
[09:33:46] [main/DEBUG]: Skipping Lnet/minecraft/server/commands/SpreadPlayersCommand$Position;
[09:33:46] [main/DEBUG]: Skipping Lnet/minecraft/server/chase/package-info;
[09:33:46] [main/DEBUG]: Skipping Lnet/minecraft/server/chase/ChaseServer;
[09:33:46] [main/DEBUG]: Skipping Lnet/minecraft/server/chase/ChaseServer$PlayerPosition;
[09:33:46] [main/DEBUG]: Skipping Lnet/minecraft/server/chase/ChaseClient;
[09:33:46] [main/DEBUG]: Skipping Lnet/minecraft/server/chase/ChaseClient$TeleportTarget;
[09:33:46] [main/DEBUG]: Skipping Lnet/minecraft/server/bossevents/package-info;
[09:33:46] [main/DEBUG]: Skipping Lnet/minecraft/server/bossevents/CustomBossEvents;
[09:33:46] [main/DEBUG]: Skipping Lnet/minecraft/server/bossevents/CustomBossEvent;
[09:33:46] [main/DEBUG]: Skipping Lnet/minecraft/server/advancements/package-info;
[09:33:46] [main/DEBUG]: Skipping Lnet/minecraft/server/advancements/AdvancementVisibilityEvaluator;
[09:33:46] [main/DEBUG]: Skipping Lnet/minecraft/server/advancements/AdvancementVisibilityEvaluator$VisibilityRule;
[09:33:46] [main/DEBUG]: Skipping Lnet/minecraft/server/advancements/AdvancementVisibilityEvaluator$Output;
[09:33:46] [main/DEBUG]: Skipping Lnet/minecraft/server/WorldStem;
[09:33:46] [main/DEBUG]: Skipping Lnet/minecraft/server/WorldLoader;
[09:33:46] [main/DEBUG]: Skipping Lnet/minecraft/server/WorldLoader$WorldDataSupplier;
[09:33:46] [main/DEBUG]: Skipping Lnet/minecraft/server/WorldLoader$ResultFactory;
[09:33:46] [main/DEBUG]: Skipping Lnet/minecraft/server/WorldLoader$PackConfig;
[09:33:46] [main/DEBUG]: Skipping Lnet/minecraft/server/WorldLoader$InitConfig;
[09:33:46] [main/DEBUG]: Skipping Lnet/minecraft/server/WorldLoader$DataLoadOutput;
[09:33:46] [main/DEBUG]: Skipping Lnet/minecraft/server/WorldLoader$DataLoadContext;
[09:33:46] [main/DEBUG]: Skipping Lnet/minecraft/server/TickTask;
[09:33:46] [main/DEBUG]: Skipping Lnet/minecraft/server/Services;
[09:33:46] [main/DEBUG]: Skipping Lnet/minecraft/server/ServerTickRateManager;
[09:33:46] [main/DEBUG]: Skipping Lnet/minecraft/server/ServerScoreboard;
[09:33:46] [main/DEBUG]: Skipping Lnet/minecraft/server/ServerScoreboard$Method;
[09:33:46] [main/DEBUG]: Skipping Lnet/minecraft/server/ServerLinks;
[09:33:46] [main/DEBUG]: Skipping Lnet/minecraft/server/ServerLinks$UntrustedEntry;
[09:33:46] [main/DEBUG]: Skipping Lnet/minecraft/server/ServerLinks$KnownLinkType;
[09:33:46] [main/DEBUG]: Skipping Lnet/minecraft/server/ServerLinks$Entry;
[09:33:46] [main/DEBUG]: Skipping Lnet/minecraft/server/ServerInterface;
[09:33:46] [main/DEBUG]: Skipping Lnet/minecraft/server/ServerInfo;
[09:33:46] [main/DEBUG]: Skipping Lnet/minecraft/server/ServerFunctionManager;
[09:33:46] [main/DEBUG]: Skipping Lnet/minecraft/server/ServerFunctionLibrary;
[09:33:46] [main/DEBUG]: Skipping Lnet/minecraft/server/RunningOnDifferentThreadException;
[09:33:46] [main/DEBUG]: Skipping Lnet/minecraft/server/ReloadableServerRegistries;
[09:33:46] [main/DEBUG]: Skipping Lnet/minecraft/server/ReloadableServerRegistries$Holder;
[09:33:46] [main/DEBUG]: Skipping Lnet/minecraft/server/ReloadableServerRegistries$EmptyTagLookupWrapper;
[09:33:46] [main/DEBUG]: Skipping Lnet/minecraft/server/RegistryLayer;
[09:33:46] [main/DEBUG]: Skipping Lnet/minecraft/server/LoggedPrintStream;
[09:33:46] [main/DEBUG]: Skipping Lnet/minecraft/server/DebugLoggedPrintStream;
[09:33:46] [main/DEBUG]: Skipping Lnet/minecraft/server/ConsoleInput;
[09:33:46] [main/DEBUG]: Skipping Lnet/minecraft/server/ChainedJsonException;
[09:33:46] [main/DEBUG]: Skipping Lnet/minecraft/server/ChainedJsonException$Entry;
[09:33:46] [main/DEBUG]: Skipping Lnet/minecraft/server/ServerAdvancementManager;
[09:33:46] [main/DEBUG]: Skipping Lnet/minecraft/server/ReloadableServerResources;
[09:33:46] [main/DEBUG]: Skipping Lnet/minecraft/server/ReloadableServerResources$MissingTagAccessPolicy;
[09:33:46] [main/DEBUG]: Skipping Lnet/minecraft/server/ReloadableServerResources$ConfigurableRegistryLookup;
[09:33:46] [main/DEBUG]: Skipping Lnet/minecraft/server/ReloadableServerResources$ConfigurableRegistryLookup$1;
[09:33:46] [main/DEBUG]: Skipping Lnet/minecraft/server/PlayerAdvancements;
[09:33:46] [main/DEBUG]: Skipping Lnet/minecraft/server/PlayerAdvancements$Data;
[09:33:46] [main/DEBUG]: Transforming class Lnet/minecraft/server/MinecraftServer;
[09:33:46] [main/DEBUG]: Transforming net/minecraft/server/MinecraftServer INNERCLASS ReloadableResources to access PUBLIC and LEAVE
[09:33:46] [main/DEBUG]: Transforming net/minecraft/server/MinecraftServer FIELD f_303727_ to access PUBLIC and LEAVE
[09:33:46] [main/DEBUG]: Transforming net/minecraft/server/MinecraftServer FIELD f_302313_ to access PROTECTED and LEAVE
[09:33:46] [main/DEBUG]: Skipping Lnet/minecraft/server/MinecraftServer$TimeProfiler;
[09:33:46] [main/DEBUG]: Skipping Lnet/minecraft/server/MinecraftServer$TimeProfiler$1;
[09:33:46] [main/DEBUG]: Skipping Lnet/minecraft/server/MinecraftServer$ServerResourcePackInfo;
[09:33:46] [main/DEBUG]: Transforming class Lnet/minecraft/server/MinecraftServer$ReloadableResources;
[09:33:46] [main/DEBUG]: Transforming net/minecraft/server/MinecraftServer$ReloadableResources CLASS to access PUBLIC and LEAVE
[09:33:46] [main/DEBUG]: Skipping Lnet/minecraft/server/MinecraftServer$1;
[09:33:46] [main/DEBUG]: Skipping Lnet/minecraft/server/Main;
[09:33:46] [main/DEBUG]: Skipping Lnet/minecraft/server/Main$1;
[09:33:46] [main/DEBUG]: Skipping Lnet/minecraft/server/Eula;
[09:33:46] [main/DEBUG]: Skipping Lnet/minecraft/server/Bootstrap;
[09:33:46] [main/DEBUG]: Skipping Lnet/minecraft/server/Bootstrap$1;
[09:33:46] [main/DEBUG]: Skipping Lnet/minecraft/resources/package-info;
[09:33:46] [main/DEBUG]: Skipping Lnet/minecraft/resources/RegistryFixedCodec;
[09:33:46] [main/DEBUG]: Skipping Lnet/minecraft/resources/RegistryFileCodec;
[09:33:46] [main/DEBUG]: Skipping Lnet/minecraft/resources/FileToIdConverter;
[09:33:46] [main/DEBUG]: Transforming class Lnet/minecraft/resources/ResourceLocation;
[09:33:46] [main/DEBUG]: Transforming net/minecraft/resources/ResourceLocation METHOD m_135841_(Ljava/lang/String;)Z to access PUBLIC and LEAVE
[09:33:46] [main/DEBUG]: Transforming net/minecraft/resources/ResourceLocation METHOD m_135843_(Ljava/lang/String;)Z to access PUBLIC and LEAVE
[09:33:46] [main/DEBUG]: Transforming net/minecraft/resources/ResourceLocation METHOD m_135835_(C)Z to access PUBLIC and LEAVE
[09:33:46] [main/DEBUG]: Skipping Lnet/minecraft/resources/ResourceLocation$Serializer;
[09:33:46] [main/DEBUG]: Skipping Lnet/minecraft/resources/ResourceKey;
[09:33:46] [main/DEBUG]: Skipping Lnet/minecraft/resources/ResourceKey$InternKey;
[09:33:46] [main/DEBUG]: Skipping Lnet/minecraft/resources/RegistryOps;
[09:33:46] [main/DEBUG]: Skipping Lnet/minecraft/resources/RegistryOps$RegistryInfoLookup;
[09:33:46] [main/DEBUG]: Skipping Lnet/minecraft/resources/RegistryOps$RegistryInfo;
[09:33:46] [main/DEBUG]: Skipping Lnet/minecraft/resources/RegistryOps$HolderLookupAdapter;
[09:33:46] [main/DEBUG]: Skipping Lnet/minecraft/resources/RegistryDataLoader;
[09:33:46] [main/DEBUG]: Skipping Lnet/minecraft/resources/RegistryDataLoader$RegistryData;
[09:33:46] [main/DEBUG]: Skipping Lnet/minecraft/resources/RegistryDataLoader$LoadingFunction;
[09:33:46] [main/DEBUG]: Skipping Lnet/minecraft/resources/RegistryDataLoader$Loader;
[09:33:46] [main/DEBUG]: Skipping Lnet/minecraft/resources/RegistryDataLoader$1;
[09:33:46] [main/DEBUG]: Skipping Lnet/minecraft/resources/HolderSetCodec;
[09:33:46] [main/DEBUG]: Skipping Lnet/minecraft/resources/DelegatingOps;
[09:33:46] [main/DEBUG]: Skipping Lnet/minecraft/references/Items;
[09:33:46] [main/DEBUG]: Skipping Lnet/minecraft/references/Blocks;
[09:33:46] [main/DEBUG]: Skipping Lnet/minecraft/recipebook/package-info;
[09:33:46] [main/DEBUG]: Skipping Lnet/minecraft/recipebook/ServerPlaceRecipe;
[09:33:46] [main/DEBUG]: Skipping Lnet/minecraft/recipebook/PlaceRecipe;
[09:33:46] [main/DEBUG]: Skipping Lnet/minecraft/realms/package-info;
[09:33:46] [main/DEBUG]: Skipping Lnet/minecraft/realms/RepeatedNarrator;
[09:33:46] [main/DEBUG]: Skipping Lnet/minecraft/realms/RepeatedNarrator$Params;
[09:33:46] [main/DEBUG]: Skipping Lnet/minecraft/realms/RealmsScreen;
[09:33:46] [main/DEBUG]: Skipping Lnet/minecraft/realms/RealmsObjectSelectionList;
[09:33:46] [main/DEBUG]: Skipping Lnet/minecraft/realms/RealmsLabel;
[09:33:46] [main/DEBUG]: Skipping Lnet/minecraft/realms/RealmsConnect;
[09:33:46] [main/DEBUG]: Skipping Lnet/minecraft/realms/RealmsConnect$1;
[09:33:46] [main/DEBUG]: Skipping Lnet/minecraft/realms/DisconnectedRealmsScreen;
[09:33:46] [main/DEBUG]: Skipping Lnet/minecraft/package-info;
[09:33:46] [main/DEBUG]: Skipping Lnet/minecraft/obfuscate/package-info;
[09:33:46] [main/DEBUG]: Skipping Lnet/minecraft/obfuscate/DontObfuscate;
[09:33:46] [main/DEBUG]: Skipping Lnet/minecraft/network/syncher/package-info;
[09:33:46] [main/DEBUG]: Skipping Lnet/minecraft/network/syncher/SyncedDataHolder;
[09:33:46] [main/DEBUG]: Skipping Lnet/minecraft/network/syncher/EntityDataSerializer;
[09:33:46] [main/DEBUG]: Skipping Lnet/minecraft/network/syncher/EntityDataSerializer$ForValueType;
[09:33:46] [main/DEBUG]: Skipping Lnet/minecraft/network/syncher/EntityDataAccessor;
[09:33:46] [main/DEBUG]: Skipping Lnet/minecraft/network/syncher/SynchedEntityData;
[09:33:46] [main/DEBUG]: Skipping Lnet/minecraft/network/syncher/SynchedEntityData$DataValue;
[09:33:46] [main/DEBUG]: Skipping Lnet/minecraft/network/syncher/SynchedEntityData$DataItem;
[09:33:46] [main/DEBUG]: Skipping Lnet/minecraft/network/syncher/SynchedEntityData$Builder;
[09:33:46] [main/DEBUG]: Skipping Lnet/minecraft/network/syncher/EntityDataSerializers;
[09:33:46] [main/DEBUG]: Skipping Lnet/minecraft/network/syncher/EntityDataSerializers$4;
[09:33:46] [main/DEBUG]: Skipping Lnet/minecraft/network/syncher/EntityDataSerializers$3;
[09:33:46] [main/DEBUG]: Skipping Lnet/minecraft/network/syncher/EntityDataSerializers$2;
[09:33:46] [main/DEBUG]: Skipping Lnet/minecraft/network/syncher/EntityDataSerializers$1;
[09:33:46] [main/DEBUG]: Skipping Lnet/minecraft/network/protocol/status/package-info;
[09:33:46] [main/DEBUG]: Skipping Lnet/minecraft/network/protocol/status/StatusProtocols;
[09:33:46] [main/DEBUG]: Skipping Lnet/minecraft/network/protocol/status/StatusPacketTypes;
[09:33:46] [main/DEBUG]: Skipping Lnet/minecraft/network/protocol/status/ServerboundStatusRequestPacket;
[09:33:46] [main/DEBUG]: Skipping Lnet/minecraft/network/protocol/status/ServerStatusPacketListener;
[09:33:46] [main/DEBUG]: Skipping Lnet/minecraft/network/protocol/status/ClientStatusPacketListener;
[09:33:46] [main/DEBUG]: Skipping Lnet/minecraft/network/protocol/status/ServerStatus;
[09:33:46] [main/DEBUG]: Skipping Lnet/minecraft/network/protocol/status/ServerStatus$Version;
[09:33:46] [main/DEBUG]: Skipping Lnet/minecraft/network/protocol/status/ServerStatus$Players;
[09:33:46] [main/DEBUG]: Skipping Lnet/minecraft/network/protocol/status/ServerStatus$Favicon;
[09:33:46] [main/DEBUG]: Skipping Lnet/minecraft/network/protocol/status/ClientboundStatusResponsePacket;
[09:33:46] [main/DEBUG]: Skipping Lnet/minecraft/network/protocol/ping/package-info;
[09:33:46] [main/DEBUG]: Skipping Lnet/minecraft/network/protocol/ping/ServerboundPingRequestPacket;
[09:33:46] [main/DEBUG]: Skipping Lnet/minecraft/network/protocol/ping/ServerPingPacketListener;
[09:33:46] [main/DEBUG]: Skipping Lnet/minecraft/network/protocol/ping/PingPacketTypes;
[09:33:46] [main/DEBUG]: Skipping Lnet/minecraft/network/protocol/ping/ClientboundPongResponsePacket;
[09:33:46] [main/DEBUG]: Skipping Lnet/minecraft/network/protocol/ping/ClientPongPacketListener;
[09:33:46] [main/DEBUG]: Skipping Lnet/minecraft/network/protocol/package-info;
[09:33:46] [main/DEBUG]: Skipping Lnet/minecraft/network/protocol/login/package-info;
[09:33:46] [main/DEBUG]: Skipping Lnet/minecraft/network/protocol/login/custom/package-info;
[09:33:46] [main/DEBUG]: Skipping Lnet/minecraft/network/protocol/login/custom/CustomQueryPayload;
[09:33:46] [main/DEBUG]: Skipping Lnet/minecraft/network/protocol/login/custom/CustomQueryAnswerPayload;
[09:33:46] [main/DEBUG]: Skipping Lnet/minecraft/network/protocol/login/custom/DiscardedQueryPayload;
[09:33:46] [main/DEBUG]: Skipping Lnet/minecraft/network/protocol/login/custom/DiscardedQueryAnswerPayload;
[09:33:46] [main/DEBUG]: Skipping Lnet/minecraft/network/protocol/login/ServerboundLoginAcknowledgedPacket;
[09:33:46] [main/DEBUG]: Skipping Lnet/minecraft/network/protocol/login/ServerboundKeyPacket;
[09:33:46] [main/DEBUG]: Skipping Lnet/minecraft/network/protocol/login/ServerboundHelloPacket;
[09:33:46] [main/DEBUG]: Skipping Lnet/minecraft/network/protocol/login/ServerboundCustomQueryAnswerPacket;
[09:33:46] [main/DEBUG]: Skipping Lnet/minecraft/network/protocol/login/ServerLoginPacketListener;
[09:33:46] [main/DEBUG]: Skipping Lnet/minecraft/network/protocol/login/LoginProtocols;
[09:33:46] [main/DEBUG]: Skipping Lnet/minecraft/network/protocol/login/LoginPacketTypes;
[09:33:46] [main/DEBUG]: Skipping Lnet/minecraft/network/protocol/login/ClientboundLoginDisconnectPacket;
[09:33:46] [main/DEBUG]: Skipping Lnet/minecraft/network/protocol/login/ClientboundLoginCompressionPacket;
[09:33:46] [main/DEBUG]: Skipping Lnet/minecraft/network/protocol/login/ClientboundHelloPacket;
[09:33:46] [main/DEBUG]: Skipping Lnet/minecraft/network/protocol/login/ClientboundGameProfilePacket;
[09:33:46] [main/DEBUG]: Skipping Lnet/minecraft/network/protocol/login/ClientboundCustomQueryPacket;
[09:33:46] [main/DEBUG]: Skipping Lnet/minecraft/network/protocol/login/ClientLoginPacketListener;
[09:33:46] [main/DEBUG]: Skipping Lnet/minecraft/network/protocol/handshake/package-info;
[09:33:46] [main/DEBUG]: Skipping Lnet/minecraft/network/protocol/handshake/ServerHandshakePacketListener;
[09:33:46] [main/DEBUG]: Skipping Lnet/minecraft/network/protocol/handshake/HandshakeProtocols;
[09:33:46] [main/DEBUG]: Skipping Lnet/minecraft/network/protocol/handshake/HandshakePacketTypes;
[09:33:46] [main/DEBUG]: Skipping Lnet/minecraft/network/protocol/handshake/ClientIntentionPacket;
[09:33:46] [main/DEBUG]: Skipping Lnet/minecraft/network/protocol/handshake/ClientIntent;
[09:33:46] [main/DEBUG]: Skipping Lnet/minecraft/network/protocol/game/package-info;
[09:33:46] [main/DEBUG]: Skipping Lnet/minecraft/network/protocol/game/VecDeltaCodec;
[09:33:46] [main/DEBUG]: Skipping Lnet/minecraft/network/protocol/game/ServerboundUseItemPacket;
[09:33:46] [main/DEBUG]: Skipping Lnet/minecraft/network/protocol/game/ServerboundUseItemOnPacket;
[09:33:46] [main/DEBUG]: Skipping Lnet/minecraft/network/protocol/game/ServerboundTeleportToEntityPacket;
[09:33:46] [main/DEBUG]: Skipping Lnet/minecraft/network/protocol/game/ServerboundSwingPacket;
[09:33:46] [main/DEBUG]: Skipping Lnet/minecraft/network/protocol/game/ServerboundSignUpdatePacket;
[09:33:46] [main/DEBUG]: Skipping Lnet/minecraft/network/protocol/game/ServerboundSetStructureBlockPacket;
[09:33:46] [main/DEBUG]: Skipping Lnet/minecraft/network/protocol/game/ServerboundSetJigsawBlockPacket;
[09:33:46] [main/DEBUG]: Skipping Lnet/minecraft/network/protocol/game/ServerboundSetCreativeModeSlotPacket;
[09:33:46] [main/DEBUG]: Skipping Lnet/minecraft/network/protocol/game/ServerboundSetCommandMinecartPacket;
[09:33:46] [main/DEBUG]: Skipping Lnet/minecraft/network/protocol/game/ServerboundSetCommandBlockPacket;
[09:33:46] [main/DEBUG]: Skipping Lnet/minecraft/network/protocol/game/ServerboundSetCarriedItemPacket;
[09:33:46] [main/DEBUG]: Skipping Lnet/minecraft/network/protocol/game/ServerboundSetBeaconPacket;
[09:33:46] [main/DEBUG]: Skipping Lnet/minecraft/network/protocol/game/ServerboundSelectTradePacket;
[09:33:46] [main/DEBUG]: Skipping Lnet/minecraft/network/protocol/game/ServerboundSeenAdvancementsPacket;
[09:33:46] [main/DEBUG]: Skipping Lnet/minecraft/network/protocol/game/ServerboundSeenAdvancementsPacket$Action;
[09:33:46] [main/DEBUG]: Skipping Lnet/minecraft/network/protocol/game/ServerboundRenameItemPacket;
[09:33:46] [main/DEBUG]: Skipping Lnet/minecraft/network/protocol/game/ServerboundRecipeBookSeenRecipePacket;
[09:33:46] [main/DEBUG]: Skipping Lnet/minecraft/network/protocol/game/ServerboundRecipeBookChangeSettingsPacket;
[09:33:46] [main/DEBUG]: Skipping Lnet/minecraft/network/protocol/game/ServerboundPlayerInputPacket;
[09:33:46] [main/DEBUG]: Skipping Lnet/minecraft/network/protocol/game/ServerboundPlayerCommandPacket;
[09:33:46] [main/DEBUG]: Skipping Lnet/minecraft/network/protocol/game/ServerboundPlayerCommandPacket$Action;
[09:33:46] [main/DEBUG]: Skipping Lnet/minecraft/network/protocol/game/ServerboundPlayerActionPacket;
[09:33:46] [main/DEBUG]: Skipping Lnet/minecraft/network/protocol/game/ServerboundPlayerActionPacket$Action;
[09:33:46] [main/DEBUG]: Skipping Lnet/minecraft/network/protocol/game/ServerboundPlayerAbilitiesPacket;
[09:33:46] [main/DEBUG]: Skipping Lnet/minecraft/network/protocol/game/ServerboundPlaceRecipePacket;
[09:33:46] [main/DEBUG]: Skipping Lnet/minecraft/network/protocol/game/ServerboundPickItemPacket;
[09:33:46] [main/DEBUG]: Skipping Lnet/minecraft/network/protocol/game/ServerboundPaddleBoatPacket;
[09:33:46] [main/DEBUG]: Skipping Lnet/minecraft/network/protocol/game/ServerboundMoveVehiclePacket;
[09:33:46] [main/DEBUG]: Skipping Lnet/minecraft/network/protocol/game/ServerboundMovePlayerPacket;
[09:33:46] [main/DEBUG]: Skipping Lnet/minecraft/network/protocol/game/ServerboundMovePlayerPacket$StatusOnly;
[09:33:46] [main/DEBUG]: Skipping Lnet/minecraft/network/protocol/game/ServerboundMovePlayerPacket$Rot;
[09:33:46] [main/DEBUG]: Skipping Lnet/minecraft/network/protocol/game/ServerboundMovePlayerPacket$PosRot;
[09:33:46] [main/DEBUG]: Skipping Lnet/minecraft/network/protocol/game/ServerboundMovePlayerPacket$Pos;
[09:33:46] [main/DEBUG]: Skipping Lnet/minecraft/network/protocol/game/ServerboundLockDifficultyPacket;
[09:33:46] [main/DEBUG]: Skipping Lnet/minecraft/network/protocol/game/ServerboundJigsawGeneratePacket;
[09:33:46] [main/DEBUG]: Skipping Lnet/minecraft/network/protocol/game/ServerboundInteractPacket;
[09:33:46] [main/DEBUG]: Skipping Lnet/minecraft/network/protocol/game/ServerboundInteractPacket$InteractionAtLocationAction;
[09:33:46] [main/DEBUG]: Skipping Lnet/minecraft/network/protocol/game/ServerboundInteractPacket$InteractionAction;
[09:33:46] [main/DEBUG]: Skipping Lnet/minecraft/network/protocol/game/ServerboundInteractPacket$Handler;
[09:33:46] [main/DEBUG]: Skipping Lnet/minecraft/network/protocol/game/ServerboundInteractPacket$ActionType;
[09:33:46] [main/DEBUG]: Skipping Lnet/minecraft/network/protocol/game/ServerboundInteractPacket$Action;
[09:33:46] [main/DEBUG]: Skipping Lnet/minecraft/network/protocol/game/ServerboundInteractPacket$1;
[09:33:46] [main/DEBUG]: Skipping Lnet/minecraft/network/protocol/game/ServerboundEntityTagQueryPacket;
[09:33:46] [main/DEBUG]: Skipping Lnet/minecraft/network/protocol/game/ServerboundEditBookPacket;
[09:33:46] [main/DEBUG]: Skipping Lnet/minecraft/network/protocol/game/ServerboundDebugSampleSubscriptionPacket;
[09:33:46] [main/DEBUG]: Skipping Lnet/minecraft/network/protocol/game/ServerboundContainerSlotStateChangedPacket;
[09:33:46] [main/DEBUG]: Skipping Lnet/minecraft/network/protocol/game/ServerboundContainerClosePacket;
[09:33:46] [main/DEBUG]: Skipping Lnet/minecraft/network/protocol/game/ServerboundContainerClickPacket;
[09:33:46] [main/DEBUG]: Skipping Lnet/minecraft/network/protocol/game/ServerboundContainerButtonClickPacket;
[09:33:46] [main/DEBUG]: Skipping Lnet/minecraft/network/protocol/game/ServerboundConfigurationAcknowledgedPacket;
[09:33:46] [main/DEBUG]: Skipping Lnet/minecraft/network/protocol/game/ServerboundCommandSuggestionPacket;
[09:33:46] [main/DEBUG]: Skipping Lnet/minecraft/network/protocol/game/ServerboundClientCommandPacket;
[09:33:46] [main/DEBUG]: Skipping Lnet/minecraft/network/protocol/game/ServerboundClientCommandPacket$Action;
[09:33:46] [main/DEBUG]: Skipping Lnet/minecraft/network/protocol/game/ServerboundChunkBatchReceivedPacket;
[09:33:46] [main/DEBUG]: Skipping Lnet/minecraft/network/protocol/game/ServerboundChatSessionUpdatePacket;
[09:33:46] [main/DEBUG]: Skipping Lnet/minecraft/network/protocol/game/ServerboundChatPacket;
[09:33:46] [main/DEBUG]: Skipping Lnet/minecraft/network/protocol/game/ServerboundChatCommandSignedPacket;
[09:33:46] [main/DEBUG]: Skipping Lnet/minecraft/network/protocol/game/ServerboundChatCommandPacket;
[09:33:46] [main/DEBUG]: Skipping Lnet/minecraft/network/protocol/game/ServerboundChatAckPacket;
[09:33:46] [main/DEBUG]: Skipping Lnet/minecraft/network/protocol/game/ServerboundChangeDifficultyPacket;
[09:33:46] [main/DEBUG]: Skipping Lnet/minecraft/network/protocol/game/ServerboundBlockEntityTagQueryPacket;
[09:33:46] [main/DEBUG]: Skipping Lnet/minecraft/network/protocol/game/ServerboundAcceptTeleportationPacket;
[09:33:46] [main/DEBUG]: Skipping Lnet/minecraft/network/protocol/game/ServerPacketListener;
[09:33:46] [main/DEBUG]: Skipping Lnet/minecraft/network/protocol/game/ServerGamePacketListener;
[09:33:46] [main/DEBUG]: Skipping Lnet/minecraft/network/protocol/game/GameProtocols;
[09:33:46] [main/DEBUG]: Skipping Lnet/minecraft/network/protocol/game/GamePacketTypes;
[09:33:46] [main/DEBUG]: Skipping Lnet/minecraft/network/protocol/game/DebugPackets;
[09:33:46] [main/DEBUG]: Skipping Lnet/minecraft/network/protocol/game/DebugEntityNameGenerator;
[09:33:46] [main/DEBUG]: Skipping Lnet/minecraft/network/protocol/game/CommonPlayerSpawnInfo;
[09:33:46] [main/DEBUG]: Skipping Lnet/minecraft/network/protocol/game/ClientboundUpdateRecipesPacket;
[09:33:46] [main/DEBUG]: Skipping Lnet/minecraft/network/protocol/game/ClientboundUpdateMobEffectPacket;
[09:33:46] [main/DEBUG]: Skipping Lnet/minecraft/network/protocol/game/ClientboundUpdateAttributesPacket;
[09:33:46] [main/DEBUG]: Skipping Lnet/minecraft/network/protocol/game/ClientboundUpdateAttributesPacket$AttributeSnapshot;
[09:33:46] [main/DEBUG]: Skipping Lnet/minecraft/network/protocol/game/ClientboundUpdateAdvancementsPacket;
[09:33:46] [main/DEBUG]: Skipping Lnet/minecraft/network/protocol/game/ClientboundTickingStepPacket;
[09:33:46] [main/DEBUG]: Skipping Lnet/minecraft/network/protocol/game/ClientboundTickingStatePacket;
[09:33:46] [main/DEBUG]: Skipping Lnet/minecraft/network/protocol/game/ClientboundTeleportEntityPacket;
[09:33:46] [main/DEBUG]: Skipping Lnet/minecraft/network/protocol/game/ClientboundTakeItemEntityPacket;
[09:33:46] [main/DEBUG]: Skipping Lnet/minecraft/network/protocol/game/ClientboundTagQueryPacket;
[09:33:46] [main/DEBUG]: Skipping Lnet/minecraft/network/protocol/game/ClientboundTabListPacket;
[09:33:46] [main/DEBUG]: Skipping Lnet/minecraft/network/protocol/game/ClientboundSystemChatPacket;
[09:33:46] [main/DEBUG]: Skipping Lnet/minecraft/network/protocol/game/ClientboundStopSoundPacket;
[09:33:46] [main/DEBUG]: Skipping Lnet/minecraft/network/protocol/game/ClientboundStartConfigurationPacket;
[09:33:46] [main/DEBUG]: Skipping Lnet/minecraft/network/protocol/game/ClientboundSoundPacket;
[09:33:46] [main/DEBUG]: Skipping Lnet/minecraft/network/protocol/game/ClientboundSoundEntityPacket;
[09:33:46] [main/DEBUG]: Skipping Lnet/minecraft/network/protocol/game/ClientboundSetTitlesAnimationPacket;
[09:33:46] [main/DEBUG]: Skipping Lnet/minecraft/network/protocol/game/ClientboundSetTitleTextPacket;
[09:33:46] [main/DEBUG]: Skipping Lnet/minecraft/network/protocol/game/ClientboundSetTimePacket;
[09:33:46] [main/DEBUG]: Skipping Lnet/minecraft/network/protocol/game/ClientboundSetSubtitleTextPacket;
[09:33:46] [main/DEBUG]: Skipping Lnet/minecraft/network/protocol/game/ClientboundSetSimulationDistancePacket;
[09:33:46] [main/DEBUG]: Skipping Lnet/minecraft/network/protocol/game/ClientboundSetScorePacket;
[09:33:46] [main/DEBUG]: Skipping Lnet/minecraft/network/protocol/game/ClientboundSetPlayerTeamPacket;
[09:33:46] [main/DEBUG]: Skipping Lnet/minecraft/network/protocol/game/ClientboundSetPlayerTeamPacket$Parameters;
[09:33:46] [main/DEBUG]: Skipping Lnet/minecraft/network/protocol/game/ClientboundSetPlayerTeamPacket$Action;
[09:33:46] [main/DEBUG]: Skipping Lnet/minecraft/network/protocol/game/ClientboundSetPassengersPacket;
[09:33:46] [main/DEBUG]: Skipping Lnet/minecraft/network/protocol/game/ClientboundSetObjectivePacket;
[09:33:46] [main/DEBUG]: Skipping Lnet/minecraft/network/protocol/game/ClientboundSetHealthPacket;
[09:33:46] [main/DEBUG]: Skipping Lnet/minecraft/network/protocol/game/ClientboundSetExperiencePacket;
[09:33:46] [main/DEBUG]: Skipping Lnet/minecraft/network/protocol/game/ClientboundSetEquipmentPacket;
[09:33:46] [main/DEBUG]: Skipping Lnet/minecraft/network/protocol/game/ClientboundSetEntityMotionPacket;
[09:33:46] [main/DEBUG]: Skipping Lnet/minecraft/network/protocol/game/ClientboundSetEntityLinkPacket;
[09:33:46] [main/DEBUG]: Skipping Lnet/minecraft/network/protocol/game/ClientboundSetEntityDataPacket;
[09:33:46] [main/DEBUG]: Skipping Lnet/minecraft/network/protocol/game/ClientboundSetDisplayObjectivePacket;
[09:33:46] [main/DEBUG]: Skipping Lnet/minecraft/network/protocol/game/ClientboundSetDefaultSpawnPositionPacket;
[09:33:46] [main/DEBUG]: Skipping Lnet/minecraft/network/protocol/game/ClientboundSetChunkCacheRadiusPacket;
[09:33:46] [main/DEBUG]: Skipping Lnet/minecraft/network/protocol/game/ClientboundSetChunkCacheCenterPacket;
[09:33:46] [main/DEBUG]: Skipping Lnet/minecraft/network/protocol/game/ClientboundSetCarriedItemPacket;
[09:33:46] [main/DEBUG]: Skipping Lnet/minecraft/network/protocol/game/ClientboundSetCameraPacket;
[09:33:46] [main/DEBUG]: Skipping Lnet/minecraft/network/protocol/game/ClientboundSetBorderWarningDistancePacket;
[09:33:46] [main/DEBUG]: Skipping Lnet/minecraft/network/protocol/game/ClientboundSetBorderWarningDelayPacket;
[09:33:46] [main/DEBUG]: Skipping Lnet/minecraft/network/protocol/game/ClientboundSetBorderSizePacket;
[09:33:46] [main/DEBUG]: Skipping Lnet/minecraft/network/protocol/game/ClientboundSetBorderLerpSizePacket;
[09:33:46] [main/DEBUG]: Skipping Lnet/minecraft/network/protocol/game/ClientboundSetBorderCenterPacket;
[09:33:46] [main/DEBUG]: Skipping Lnet/minecraft/network/protocol/game/ClientboundSetActionBarTextPacket;
[09:33:46] [main/DEBUG]: Skipping Lnet/minecraft/network/protocol/game/ClientboundServerDataPacket;
[09:33:46] [main/DEBUG]: Skipping Lnet/minecraft/network/protocol/game/ClientboundSelectAdvancementsTabPacket;
[09:33:46] [main/DEBUG]: Skipping Lnet/minecraft/network/protocol/game/ClientboundSectionBlocksUpdatePacket;
[09:33:46] [main/DEBUG]: Skipping Lnet/minecraft/network/protocol/game/ClientboundRotateHeadPacket;
[09:33:46] [main/DEBUG]: Skipping Lnet/minecraft/network/protocol/game/ClientboundRespawnPacket;
[09:33:46] [main/DEBUG]: Skipping Lnet/minecraft/network/protocol/game/ClientboundResetScorePacket;
[09:33:46] [main/DEBUG]: Skipping Lnet/minecraft/network/protocol/game/ClientboundRemoveMobEffectPacket;
[09:33:46] [main/DEBUG]: Skipping Lnet/minecraft/network/protocol/game/ClientboundRemoveEntitiesPacket;
[09:33:46] [main/DEBUG]: Skipping Lnet/minecraft/network/protocol/game/ClientboundRecipePacket;
[09:33:46] [main/DEBUG]: Skipping Lnet/minecraft/network/protocol/game/ClientboundRecipePacket$State;
[09:33:46] [main/DEBUG]: Skipping Lnet/minecraft/network/protocol/game/ClientboundProjectilePowerPacket;
[09:33:46] [main/DEBUG]: Skipping Lnet/minecraft/network/protocol/game/ClientboundPlayerPositionPacket;
[09:33:46] [main/DEBUG]: Skipping Lnet/minecraft/network/protocol/game/ClientboundPlayerLookAtPacket;
[09:33:46] [main/DEBUG]: Skipping Lnet/minecraft/network/protocol/game/ClientboundPlayerInfoUpdatePacket;
[09:33:46] [main/DEBUG]: Skipping Lnet/minecraft/network/protocol/game/ClientboundPlayerInfoUpdatePacket$EntryBuilder;
[09:33:46] [main/DEBUG]: Skipping Lnet/minecraft/network/protocol/game/ClientboundPlayerInfoUpdatePacket$Entry;
[09:33:46] [main/DEBUG]: Skipping Lnet/minecraft/network/protocol/game/ClientboundPlayerInfoUpdatePacket$Action;
[09:33:46] [main/DEBUG]: Skipping Lnet/minecraft/network/protocol/game/ClientboundPlayerInfoUpdatePacket$Action$Writer;
[09:33:46] [main/DEBUG]: Skipping Lnet/minecraft/network/protocol/game/ClientboundPlayerInfoUpdatePacket$Action$Reader;
[09:33:46] [main/DEBUG]: Skipping Lnet/minecraft/network/protocol/game/ClientboundPlayerInfoRemovePacket;
[09:33:46] [main/DEBUG]: Skipping Lnet/minecraft/network/protocol/game/ClientboundPlayerCombatKillPacket;
[09:33:46] [main/DEBUG]: Skipping Lnet/minecraft/network/protocol/game/ClientboundPlayerCombatEnterPacket;
[09:33:46] [main/DEBUG]: Skipping Lnet/minecraft/network/protocol/game/ClientboundPlayerCombatEndPacket;
[09:33:46] [main/DEBUG]: Skipping Lnet/minecraft/network/protocol/game/ClientboundPlayerChatPacket;
[09:33:46] [main/DEBUG]: Skipping Lnet/minecraft/network/protocol/game/ClientboundPlayerAbilitiesPacket;
[09:33:46] [main/DEBUG]: Skipping Lnet/minecraft/network/protocol/game/ClientboundPlaceGhostRecipePacket;
[09:33:46] [main/DEBUG]: Skipping Lnet/minecraft/network/protocol/game/ClientboundOpenSignEditorPacket;
[09:33:46] [main/DEBUG]: Skipping Lnet/minecraft/network/protocol/game/ClientboundOpenScreenPacket;
[09:33:46] [main/DEBUG]: Skipping Lnet/minecraft/network/protocol/game/ClientboundOpenBookPacket;
[09:33:46] [main/DEBUG]: Skipping Lnet/minecraft/network/protocol/game/ClientboundMoveVehiclePacket;
[09:33:46] [main/DEBUG]: Skipping Lnet/minecraft/network/protocol/game/ClientboundMoveEntityPacket;
[09:33:46] [main/DEBUG]: Skipping Lnet/minecraft/network/protocol/game/ClientboundMoveEntityPacket$Rot;
[09:33:46] [main/DEBUG]: Skipping Lnet/minecraft/network/protocol/game/ClientboundMoveEntityPacket$PosRot;
[09:33:46] [main/DEBUG]: Skipping Lnet/minecraft/network/protocol/game/ClientboundMoveEntityPacket$Pos;
[09:33:46] [main/DEBUG]: Skipping Lnet/minecraft/network/protocol/game/ClientboundMerchantOffersPacket;
[09:33:46] [main/DEBUG]: Skipping Lnet/minecraft/network/protocol/game/ClientboundMapItemDataPacket;
[09:33:46] [main/DEBUG]: Skipping Lnet/minecraft/network/protocol/game/ClientboundLoginPacket;
[09:33:46] [main/DEBUG]: Skipping Lnet/minecraft/network/protocol/game/ClientboundLightUpdatePacketData;
[09:33:46] [main/DEBUG]: Skipping Lnet/minecraft/network/protocol/game/ClientboundLightUpdatePacket;
[09:33:46] [main/DEBUG]: Skipping Lnet/minecraft/network/protocol/game/ClientboundLevelParticlesPacket;
[09:33:46] [main/DEBUG]: Skipping Lnet/minecraft/network/protocol/game/ClientboundLevelEventPacket;
[09:33:46] [main/DEBUG]: Skipping Lnet/minecraft/network/protocol/game/ClientboundLevelChunkWithLightPacket;
[09:33:46] [main/DEBUG]: Skipping Lnet/minecraft/network/protocol/game/ClientboundLevelChunkPacketData;
[09:33:46] [main/DEBUG]: Skipping Lnet/minecraft/network/protocol/game/ClientboundLevelChunkPacketData$BlockEntityTagOutput;
[09:33:46] [main/DEBUG]: Skipping Lnet/minecraft/network/protocol/game/ClientboundLevelChunkPacketData$BlockEntityInfo;
[09:33:46] [main/DEBUG]: Skipping Lnet/minecraft/network/protocol/game/ClientboundInitializeBorderPacket;
[09:33:46] [main/DEBUG]: Skipping Lnet/minecraft/network/protocol/game/ClientboundHurtAnimationPacket;
[09:33:46] [main/DEBUG]: Skipping Lnet/minecraft/network/protocol/game/ClientboundHorseScreenOpenPacket;
[09:33:46] [main/DEBUG]: Skipping Lnet/minecraft/network/protocol/game/ClientboundGameEventPacket;
[09:33:46] [main/DEBUG]: Skipping Lnet/minecraft/network/protocol/game/ClientboundGameEventPacket$Type;
[09:33:46] [main/DEBUG]: Skipping Lnet/minecraft/network/protocol/game/ClientboundForgetLevelChunkPacket;
[09:33:46] [main/DEBUG]: Skipping Lnet/minecraft/network/protocol/game/ClientboundExplodePacket;
[09:33:46] [main/DEBUG]: Skipping Lnet/minecraft/network/protocol/game/ClientboundEntityEventPacket;
[09:33:46] [main/DEBUG]: Skipping Lnet/minecraft/network/protocol/game/ClientboundDisguisedChatPacket;
[09:33:46] [main/DEBUG]: Skipping Lnet/minecraft/network/protocol/game/ClientboundDeleteChatPacket;
[09:33:46] [main/DEBUG]: Skipping Lnet/minecraft/network/protocol/game/ClientboundDebugSamplePacket;
[09:33:46] [main/DEBUG]: Skipping Lnet/minecraft/network/protocol/game/ClientboundDamageEventPacket;
[09:33:46] [main/DEBUG]: Skipping Lnet/minecraft/network/protocol/game/ClientboundCustomChatCompletionsPacket;
[09:33:46] [main/DEBUG]: Skipping Lnet/minecraft/network/protocol/game/ClientboundCustomChatCompletionsPacket$Action;
[09:33:46] [main/DEBUG]: Skipping Lnet/minecraft/network/protocol/game/ClientboundCooldownPacket;
[09:33:46] [main/DEBUG]: Skipping Lnet/minecraft/network/protocol/game/ClientboundContainerSetSlotPacket;
[09:33:46] [main/DEBUG]: Skipping Lnet/minecraft/network/protocol/game/ClientboundContainerSetDataPacket;
[09:33:46] [main/DEBUG]: Skipping Lnet/minecraft/network/protocol/game/ClientboundContainerSetContentPacket;
[09:33:46] [main/DEBUG]: Skipping Lnet/minecraft/network/protocol/game/ClientboundContainerClosePacket;
[09:33:46] [main/DEBUG]: Skipping Lnet/minecraft/network/protocol/game/ClientboundCommandsPacket;
[09:33:46] [main/DEBUG]: Skipping Lnet/minecraft/network/protocol/game/ClientboundCommandsPacket$NodeStub;
[09:33:46] [main/DEBUG]: Skipping Lnet/minecraft/network/protocol/game/ClientboundCommandsPacket$NodeResolver;
[09:33:46] [main/DEBUG]: Skipping Lnet/minecraft/network/protocol/game/ClientboundCommandsPacket$LiteralNodeStub;
[09:33:46] [main/DEBUG]: Skipping Lnet/minecraft/network/protocol/game/ClientboundCommandsPacket$Entry;
[09:33:46] [main/DEBUG]: Skipping Lnet/minecraft/network/protocol/game/ClientboundCommandsPacket$ArgumentNodeStub;
[09:33:46] [main/DEBUG]: Skipping Lnet/minecraft/network/protocol/game/ClientboundCommandSuggestionsPacket;
[09:33:46] [main/DEBUG]: Skipping Lnet/minecraft/network/protocol/game/ClientboundCommandSuggestionsPacket$Entry;
[09:33:46] [main/DEBUG]: Skipping Lnet/minecraft/network/protocol/game/ClientboundClearTitlesPacket;
[09:33:46] [main/DEBUG]: Skipping Lnet/minecraft/network/protocol/game/ClientboundChunksBiomesPacket;
[09:33:46] [main/DEBUG]: Skipping Lnet/minecraft/network/protocol/game/ClientboundChunksBiomesPacket$ChunkBiomeData;
[09:33:46] [main/DEBUG]: Skipping Lnet/minecraft/network/protocol/game/ClientboundChunkBatchStartPacket;
[09:33:46] [main/DEBUG]: Skipping Lnet/minecraft/network/protocol/game/ClientboundChunkBatchFinishedPacket;
[09:33:46] [main/DEBUG]: Skipping Lnet/minecraft/network/protocol/game/ClientboundChangeDifficultyPacket;
[09:33:46] [main/DEBUG]: Skipping Lnet/minecraft/network/protocol/game/ClientboundBundlePacket;
[09:33:46] [main/DEBUG]: Skipping Lnet/minecraft/network/protocol/game/ClientboundBundleDelimiterPacket;
[09:33:46] [main/DEBUG]: Skipping Lnet/minecraft/network/protocol/game/ClientboundBossEventPacket;
[09:33:46] [main/DEBUG]: Skipping Lnet/minecraft/network/protocol/game/ClientboundBossEventPacket$UpdateStyleOperation;
[09:33:46] [main/DEBUG]: Skipping Lnet/minecraft/network/protocol/game/ClientboundBossEventPacket$UpdatePropertiesOperation;
[09:33:46] [main/DEBUG]: Skipping Lnet/minecraft/network/protocol/game/ClientboundBossEventPacket$UpdateProgressOperation;
[09:33:46] [main/DEBUG]: Skipping Lnet/minecraft/network/protocol/game/ClientboundBossEventPacket$UpdateNameOperation;
[09:33:46] [main/DEBUG]: Skipping Lnet/minecraft/network/protocol/game/ClientboundBossEventPacket$OperationType;
[09:33:46] [main/DEBUG]: Skipping Lnet/minecraft/network/protocol/game/ClientboundBossEventPacket$Operation;
[09:33:46] [main/DEBUG]: Skipping Lnet/minecraft/network/protocol/game/ClientboundBossEventPacket$Handler;
[09:33:46] [main/DEBUG]: Skipping Lnet/minecraft/network/protocol/game/ClientboundBossEventPacket$AddOperation;
[09:33:46] [main/DEBUG]: Skipping Lnet/minecraft/network/protocol/game/ClientboundBossEventPacket$1;
[09:33:46] [main/DEBUG]: Skipping Lnet/minecraft/network/protocol/game/ClientboundBlockUpdatePacket;
[09:33:46] [main/DEBUG]: Skipping Lnet/minecraft/network/protocol/game/ClientboundBlockEventPacket;
[09:33:46] [main/DEBUG]: Skipping Lnet/minecraft/network/protocol/game/ClientboundBlockEntityDataPacket;
[09:33:46] [main/DEBUG]: Skipping Lnet/minecraft/network/protocol/game/ClientboundBlockDestructionPacket;
[09:33:46] [main/DEBUG]: Skipping Lnet/minecraft/network/protocol/game/ClientboundBlockChangedAckPacket;
[09:33:46] [main/DEBUG]: Skipping Lnet/minecraft/network/protocol/game/ClientboundAwardStatsPacket;
[09:33:46] [main/DEBUG]: Skipping Lnet/minecraft/network/protocol/game/ClientboundAnimatePacket;
[09:33:46] [main/DEBUG]: Skipping Lnet/minecraft/network/protocol/game/ClientboundAddExperienceOrbPacket;
[09:33:46] [main/DEBUG]: Skipping Lnet/minecraft/network/protocol/game/ClientboundAddEntityPacket;
[09:33:46] [main/DEBUG]: Skipping Lnet/minecraft/network/protocol/game/ClientGamePacketListener;
[09:33:46] [main/DEBUG]: Skipping Lnet/minecraft/network/protocol/cookie/package-info;
[09:33:46] [main/DEBUG]: Skipping Lnet/minecraft/network/protocol/cookie/ServerboundCookieResponsePacket;
[09:33:46] [main/DEBUG]: Skipping Lnet/minecraft/network/protocol/cookie/ServerCookiePacketListener;
[09:33:46] [main/DEBUG]: Skipping Lnet/minecraft/network/protocol/cookie/CookiePacketTypes;
[09:33:46] [main/DEBUG]: Skipping Lnet/minecraft/network/protocol/cookie/ClientboundCookieRequestPacket;
[09:33:46] [main/DEBUG]: Skipping Lnet/minecraft/network/protocol/cookie/ClientCookiePacketListener;
[09:33:46] [main/DEBUG]: Skipping Lnet/minecraft/network/protocol/configuration/package-info;
[09:33:46] [main/DEBUG]: Skipping Lnet/minecraft/network/protocol/configuration/ServerboundSelectKnownPacks;
[09:33:46] [main/DEBUG]: Skipping Lnet/minecraft/network/protocol/configuration/ServerboundFinishConfigurationPacket;
[09:33:46] [main/DEBUG]: Skipping Lnet/minecraft/network/protocol/configuration/ServerConfigurationPacketListener;
[09:33:46] [main/DEBUG]: Skipping Lnet/minecraft/network/protocol/configuration/ConfigurationProtocols;
[09:33:46] [main/DEBUG]: Skipping Lnet/minecraft/network/protocol/configuration/ConfigurationPacketTypes;
[09:33:46] [main/DEBUG]: Skipping Lnet/minecraft/network/protocol/configuration/ClientboundUpdateEnabledFeaturesPacket;
[09:33:46] [main/DEBUG]: Skipping Lnet/minecraft/network/protocol/configuration/ClientboundSelectKnownPacks;
[09:33:46] [main/DEBUG]: Skipping Lnet/minecraft/network/protocol/configuration/ClientboundResetChatPacket;
[09:33:46] [main/DEBUG]: Skipping Lnet/minecraft/network/protocol/configuration/ClientboundRegistryDataPacket;
[09:33:46] [main/DEBUG]: Skipping Lnet/minecraft/network/protocol/configuration/ClientboundFinishConfigurationPacket;
[09:33:46] [main/DEBUG]: Skipping Lnet/minecraft/network/protocol/configuration/ClientConfigurationPacketListener;
[09:33:46] [main/DEBUG]: Skipping Lnet/minecraft/network/protocol/common/package-info;
[09:33:46] [main/DEBUG]: Skipping Lnet/minecraft/network/protocol/common/custom/package-info;
[09:33:46] [main/DEBUG]: Skipping Lnet/minecraft/network/protocol/common/custom/WorldGenAttemptDebugPayload;
[09:33:46] [main/DEBUG]: Skipping Lnet/minecraft/network/protocol/common/custom/VillageSectionsDebugPayload;
[09:33:46] [main/DEBUG]: Skipping Lnet/minecraft/network/protocol/common/custom/StructuresDebugPayload;
[09:33:46] [main/DEBUG]: Skipping Lnet/minecraft/network/protocol/common/custom/StructuresDebugPayload$PieceInfo;
[09:33:46] [main/DEBUG]: Skipping Lnet/minecraft/network/protocol/common/custom/RaidsDebugPayload;
[09:33:46] [main/DEBUG]: Skipping Lnet/minecraft/network/protocol/common/custom/PoiTicketCountDebugPayload;
[09:33:46] [main/DEBUG]: Skipping Lnet/minecraft/network/protocol/common/custom/PoiRemovedDebugPayload;
[09:33:46] [main/DEBUG]: Skipping Lnet/minecraft/network/protocol/common/custom/PoiAddedDebugPayload;
[09:33:46] [main/DEBUG]: Skipping Lnet/minecraft/network/protocol/common/custom/PathfindingDebugPayload;
[09:33:46] [main/DEBUG]: Skipping Lnet/minecraft/network/protocol/common/custom/NeighborUpdatesDebugPayload;
[09:33:46] [main/DEBUG]: Skipping Lnet/minecraft/network/protocol/common/custom/HiveDebugPayload;
[09:33:46] [main/DEBUG]: Skipping Lnet/minecraft/network/protocol/common/custom/HiveDebugPayload$HiveInfo;
[09:33:46] [main/DEBUG]: Skipping Lnet/minecraft/network/protocol/common/custom/GoalDebugPayload;
[09:33:46] [main/DEBUG]: Skipping Lnet/minecraft/network/protocol/common/custom/GoalDebugPayload$DebugGoal;
[09:33:46] [main/DEBUG]: Skipping Lnet/minecraft/network/protocol/common/custom/GameTestClearMarkersDebugPayload;
[09:33:46] [main/DEBUG]: Skipping Lnet/minecraft/network/protocol/common/custom/GameTestAddMarkerDebugPayload;
[09:33:46] [main/DEBUG]: Skipping Lnet/minecraft/network/protocol/common/custom/GameEventListenerDebugPayload;
[09:33:46] [main/DEBUG]: Skipping Lnet/minecraft/network/protocol/common/custom/GameEventDebugPayload;
[09:33:46] [main/DEBUG]: Skipping Lnet/minecraft/network/protocol/common/custom/DiscardedPayload;
[09:33:46] [main/DEBUG]: Skipping Lnet/minecraft/network/protocol/common/custom/BreezeDebugPayload;
[09:33:46] [main/DEBUG]: Skipping Lnet/minecraft/network/protocol/common/custom/BreezeDebugPayload$BreezeInfo;
[09:33:46] [main/DEBUG]: Skipping Lnet/minecraft/network/protocol/common/custom/BrandPayload;
[09:33:46] [main/DEBUG]: Skipping Lnet/minecraft/network/protocol/common/custom/BrainDebugPayload;
[09:33:46] [main/DEBUG]: Skipping Lnet/minecraft/network/protocol/common/custom/BrainDebugPayload$BrainDump;
[09:33:46] [main/DEBUG]: Skipping Lnet/minecraft/network/protocol/common/custom/BeeDebugPayload;
[09:33:46] [main/DEBUG]: Skipping Lnet/minecraft/network/protocol/common/custom/BeeDebugPayload$BeeInfo;
[09:33:46] [main/DEBUG]: Skipping Lnet/minecraft/network/protocol/common/custom/CustomPacketPayload;
[09:33:46] [main/DEBUG]: Skipping Lnet/minecraft/network/protocol/common/custom/CustomPacketPayload$TypeAndCodec;
[09:33:46] [main/DEBUG]: Skipping Lnet/minecraft/network/protocol/common/custom/CustomPacketPayload$Type;
[09:33:46] [main/DEBUG]: Skipping Lnet/minecraft/network/protocol/common/custom/CustomPacketPayload$FallbackProvider;
[09:33:46] [main/DEBUG]: Skipping Lnet/minecraft/network/protocol/common/custom/CustomPacketPayload$1;
[09:33:46] [main/DEBUG]: Skipping Lnet/minecraft/network/protocol/common/ServerboundResourcePackPacket;
[09:33:46] [main/DEBUG]: Skipping Lnet/minecraft/network/protocol/common/ServerboundResourcePackPacket$Action;
[09:33:46] [main/DEBUG]: Skipping Lnet/minecraft/network/protocol/common/ServerboundPongPacket;
[09:33:46] [main/DEBUG]: Skipping Lnet/minecraft/network/protocol/common/ServerboundKeepAlivePacket;
[09:33:46] [main/DEBUG]: Skipping Lnet/minecraft/network/protocol/common/ServerboundClientInformationPacket;
[09:33:46] [main/DEBUG]: Skipping Lnet/minecraft/network/protocol/common/ServerCommonPacketListener;
[09:33:46] [main/DEBUG]: Skipping Lnet/minecraft/network/protocol/common/CommonPacketTypes;
[09:33:46] [main/DEBUG]: Skipping Lnet/minecraft/network/protocol/common/ClientboundUpdateTagsPacket;
[09:33:46] [main/DEBUG]: Skipping Lnet/minecraft/network/protocol/common/ClientboundTransferPacket;
[09:33:46] [main/DEBUG]: Skipping Lnet/minecraft/network/protocol/common/ClientboundStoreCookiePacket;
[09:33:46] [main/DEBUG]: Skipping Lnet/minecraft/network/protocol/common/ClientboundServerLinksPacket;
[09:33:46] [main/DEBUG]: Skipping Lnet/minecraft/network/protocol/common/ClientboundResourcePackPushPacket;
[09:33:46] [main/DEBUG]: Skipping Lnet/minecraft/network/protocol/common/ClientboundResourcePackPopPacket;
[09:33:46] [main/DEBUG]: Skipping Lnet/minecraft/network/protocol/common/ClientboundPingPacket;
[09:33:46] [main/DEBUG]: Skipping Lnet/minecraft/network/protocol/common/ClientboundKeepAlivePacket;
[09:33:46] [main/DEBUG]: Skipping Lnet/minecraft/network/protocol/common/ClientboundDisconnectPacket;
[09:33:46] [main/DEBUG]: Skipping Lnet/minecraft/network/protocol/common/ClientboundCustomReportDetailsPacket;
[09:33:46] [main/DEBUG]: Skipping Lnet/minecraft/network/protocol/common/ClientCommonPacketListener;
[09:33:46] [main/DEBUG]: Skipping Lnet/minecraft/network/protocol/common/ServerboundCustomPayloadPacket;
[09:33:46] [main/DEBUG]: Skipping Lnet/minecraft/network/protocol/common/ClientboundCustomPayloadPacket;
[09:33:46] [main/DEBUG]: Skipping Lnet/minecraft/network/protocol/ProtocolInfoBuilder;
[09:33:46] [main/DEBUG]: Skipping Lnet/minecraft/network/protocol/ProtocolInfoBuilder$Implementation;
[09:33:46] [main/DEBUG]: Skipping Lnet/minecraft/network/protocol/ProtocolInfoBuilder$CodecEntry;
[09:33:46] [main/DEBUG]: Skipping Lnet/minecraft/network/protocol/ProtocolInfoBuilder$1;
[09:33:46] [main/DEBUG]: Skipping Lnet/minecraft/network/protocol/ProtocolCodecBuilder;
[09:33:46] [main/DEBUG]: Skipping Lnet/minecraft/network/protocol/PacketUtils;
[09:33:46] [main/DEBUG]: Skipping Lnet/minecraft/network/protocol/PacketType;
[09:33:46] [main/DEBUG]: Skipping Lnet/minecraft/network/protocol/PacketFlow;
[09:33:46] [main/DEBUG]: Skipping Lnet/minecraft/network/protocol/Packet;
[09:33:46] [main/DEBUG]: Skipping Lnet/minecraft/network/protocol/BundlerInfo;
[09:33:46] [main/DEBUG]: Skipping Lnet/minecraft/network/protocol/BundlerInfo$Bundler;
[09:33:46] [main/DEBUG]: Skipping Lnet/minecraft/network/protocol/BundlerInfo$1;
[09:33:46] [main/DEBUG]: Skipping Lnet/minecraft/network/protocol/BundlerInfo$1$1;
[09:33:46] [main/DEBUG]: Skipping Lnet/minecraft/network/protocol/BundlePacket;
[09:33:46] [main/DEBUG]: Skipping Lnet/minecraft/network/protocol/BundleDelimiterPacket;
[09:33:46] [main/DEBUG]: Skipping Lnet/minecraft/network/package-info;
[09:33:46] [main/DEBUG]: Skipping Lnet/minecraft/network/codec/package-info;
[09:33:46] [main/DEBUG]: Skipping Lnet/minecraft/network/codec/StreamMemberEncoder;
[09:33:46] [main/DEBUG]: Skipping Lnet/minecraft/network/codec/StreamEncoder;
[09:33:46] [main/DEBUG]: Skipping Lnet/minecraft/network/codec/StreamDecoder;
[09:33:46] [main/DEBUG]: Skipping Lnet/minecraft/network/codec/StreamCodec;
[09:33:46] [main/DEBUG]: Skipping Lnet/minecraft/network/codec/StreamCodec$CodecOperation;
[09:33:46] [main/DEBUG]: Skipping Lnet/minecraft/network/codec/StreamCodec$9;
[09:33:46] [main/DEBUG]: Skipping Lnet/minecraft/network/codec/StreamCodec$8;
[09:33:46] [main/DEBUG]: Skipping Lnet/minecraft/network/codec/StreamCodec$7;
[09:33:46] [main/DEBUG]: Skipping Lnet/minecraft/network/codec/StreamCodec$6;
[09:33:46] [main/DEBUG]: Skipping Lnet/minecraft/network/codec/StreamCodec$5;
[09:33:46] [main/DEBUG]: Skipping Lnet/minecraft/network/codec/StreamCodec$4;
[09:33:46] [main/DEBUG]: Skipping Lnet/minecraft/network/codec/StreamCodec$3;
[09:33:46] [main/DEBUG]: Skipping Lnet/minecraft/network/codec/StreamCodec$2;
[09:33:46] [main/DEBUG]: Skipping Lnet/minecraft/network/codec/StreamCodec$13;
[09:33:46] [main/DEBUG]: Skipping Lnet/minecraft/network/codec/StreamCodec$12;
[09:33:46] [main/DEBUG]: Skipping Lnet/minecraft/network/codec/StreamCodec$11;
[09:33:46] [main/DEBUG]: Skipping Lnet/minecraft/network/codec/StreamCodec$10;
[09:33:46] [main/DEBUG]: Skipping Lnet/minecraft/network/codec/StreamCodec$1;
[09:33:46] [main/DEBUG]: Skipping Lnet/minecraft/network/codec/IdDispatchCodec;
[09:33:46] [main/DEBUG]: Skipping Lnet/minecraft/network/codec/IdDispatchCodec$Entry;
[09:33:46] [main/DEBUG]: Skipping Lnet/minecraft/network/codec/IdDispatchCodec$Builder;
[09:33:46] [main/DEBUG]: Skipping Lnet/minecraft/network/codec/ByteBufCodecs;
[09:33:47] [main/DEBUG]: Skipping Lnet/minecraft/network/codec/ByteBufCodecs$9;
[09:33:47] [main/DEBUG]: Skipping Lnet/minecraft/network/codec/ByteBufCodecs$8;
[09:33:47] [main/DEBUG]: Skipping Lnet/minecraft/network/codec/ByteBufCodecs$7;
[09:33:47] [main/DEBUG]: Skipping Lnet/minecraft/network/codec/ByteBufCodecs$6;
[09:33:47] [main/DEBUG]: Skipping Lnet/minecraft/network/codec/ByteBufCodecs$5;
[09:33:47] [main/DEBUG]: Skipping Lnet/minecraft/network/codec/ByteBufCodecs$4;
[09:33:47] [main/DEBUG]: Skipping Lnet/minecraft/network/codec/ByteBufCodecs$3;
[09:33:47] [main/DEBUG]: Skipping Lnet/minecraft/network/codec/ByteBufCodecs$28;
[09:33:47] [main/DEBUG]: Skipping Lnet/minecraft/network/codec/ByteBufCodecs$27;
[09:33:47] [main/DEBUG]: Skipping Lnet/minecraft/network/codec/ByteBufCodecs$26;
[09:33:47] [main/DEBUG]: Skipping Lnet/minecraft/network/codec/ByteBufCodecs$25;
[09:33:47] [main/DEBUG]: Skipping Lnet/minecraft/network/codec/ByteBufCodecs$24;
[09:33:47] [main/DEBUG]: Skipping Lnet/minecraft/network/codec/ByteBufCodecs$23;
[09:33:47] [main/DEBUG]: Skipping Lnet/minecraft/network/codec/ByteBufCodecs$22;
[09:33:47] [main/DEBUG]: Skipping Lnet/minecraft/network/codec/ByteBufCodecs$21;
[09:33:47] [main/DEBUG]: Skipping Lnet/minecraft/network/codec/ByteBufCodecs$20;
[09:33:47] [main/DEBUG]: Skipping Lnet/minecraft/network/codec/ByteBufCodecs$2;
[09:33:47] [main/DEBUG]: Skipping Lnet/minecraft/network/codec/ByteBufCodecs$19;
[09:33:47] [main/DEBUG]: Skipping Lnet/minecraft/network/codec/ByteBufCodecs$18;
[09:33:47] [main/DEBUG]: Skipping Lnet/minecraft/network/codec/ByteBufCodecs$17;
[09:33:47] [main/DEBUG]: Skipping Lnet/minecraft/network/codec/ByteBufCodecs$16;
[09:33:47] [main/DEBUG]: Skipping Lnet/minecraft/network/codec/ByteBufCodecs$15;
[09:33:47] [main/DEBUG]: Skipping Lnet/minecraft/network/codec/ByteBufCodecs$14;
[09:33:47] [main/DEBUG]: Skipping Lnet/minecraft/network/codec/ByteBufCodecs$13;
[09:33:47] [main/DEBUG]: Skipping Lnet/minecraft/network/codec/ByteBufCodecs$12;
[09:33:47] [main/DEBUG]: Skipping Lnet/minecraft/network/codec/ByteBufCodecs$11;
[09:33:47] [main/DEBUG]: Skipping Lnet/minecraft/network/codec/ByteBufCodecs$10;
[09:33:47] [main/DEBUG]: Skipping Lnet/minecraft/network/codec/ByteBufCodecs$1;
[09:33:47] [main/DEBUG]: Skipping Lnet/minecraft/network/chat/package-info;
[09:33:47] [main/DEBUG]: Skipping Lnet/minecraft/network/chat/numbers/package-info;
[09:33:47] [main/DEBUG]: Skipping Lnet/minecraft/network/chat/numbers/StyledFormat;
[09:33:47] [main/DEBUG]: Skipping Lnet/minecraft/network/chat/numbers/StyledFormat$1;
[09:33:47] [main/DEBUG]: Skipping Lnet/minecraft/network/chat/numbers/NumberFormatTypes;
[09:33:47] [main/DEBUG]: Skipping Lnet/minecraft/network/chat/numbers/NumberFormatType;
[09:33:47] [main/DEBUG]: Skipping Lnet/minecraft/network/chat/numbers/NumberFormat;
[09:33:47] [main/DEBUG]: Skipping Lnet/minecraft/network/chat/numbers/FixedFormat;
[09:33:47] [main/DEBUG]: Skipping Lnet/minecraft/network/chat/numbers/FixedFormat$1;
[09:33:47] [main/DEBUG]: Skipping Lnet/minecraft/network/chat/numbers/BlankFormat;
[09:33:47] [main/DEBUG]: Skipping Lnet/minecraft/network/chat/numbers/BlankFormat$1;
[09:33:47] [main/DEBUG]: Skipping Lnet/minecraft/network/chat/contents/package-info;
[09:33:47] [main/DEBUG]: Skipping Lnet/minecraft/network/chat/contents/TranslatableFormatException;
[09:33:47] [main/DEBUG]: Skipping Lnet/minecraft/network/chat/contents/StorageDataSource;
[09:33:47] [main/DEBUG]: Skipping Lnet/minecraft/network/chat/contents/SelectorContents;
[09:33:47] [main/DEBUG]: Skipping Lnet/minecraft/network/chat/contents/ScoreContents;
[09:33:47] [main/DEBUG]: Skipping Lnet/minecraft/network/chat/contents/PlainTextContents;
[09:33:47] [main/DEBUG]: Skipping Lnet/minecraft/network/chat/contents/PlainTextContents$LiteralContents;
[09:33:47] [main/DEBUG]: Skipping Lnet/minecraft/network/chat/contents/PlainTextContents$1;
[09:33:47] [main/DEBUG]: Skipping Lnet/minecraft/network/chat/contents/NbtContents;
[09:33:47] [main/DEBUG]: Skipping Lnet/minecraft/network/chat/contents/KeybindResolver;
[09:33:47] [main/DEBUG]: Skipping Lnet/minecraft/network/chat/contents/KeybindContents;
[09:33:47] [main/DEBUG]: Skipping Lnet/minecraft/network/chat/contents/EntityDataSource;
[09:33:47] [main/DEBUG]: Skipping Lnet/minecraft/network/chat/contents/DataSource;
[09:33:47] [main/DEBUG]: Skipping Lnet/minecraft/network/chat/contents/DataSource$Type;
[09:33:47] [main/DEBUG]: Skipping Lnet/minecraft/network/chat/contents/BlockDataSource;
[09:33:47] [main/DEBUG]: Skipping Lnet/minecraft/network/chat/contents/TranslatableContents;
[09:33:47] [main/DEBUG]: Skipping Lnet/minecraft/network/chat/ThrowingComponent;
[09:33:47] [main/DEBUG]: Skipping Lnet/minecraft/network/chat/TextColor;
[09:33:47] [main/DEBUG]: Skipping Lnet/minecraft/network/chat/SubStringSource;
[09:33:47] [main/DEBUG]: Skipping Lnet/minecraft/network/chat/Style;
[09:33:47] [main/DEBUG]: Skipping Lnet/minecraft/network/chat/Style$Serializer;
[09:33:47] [main/DEBUG]: Skipping Lnet/minecraft/network/chat/Style$1Collector;
[09:33:47] [main/DEBUG]: Skipping Lnet/minecraft/network/chat/Style$1;
[09:33:47] [main/DEBUG]: Skipping Lnet/minecraft/network/chat/SignedMessageValidator;
[09:33:47] [main/DEBUG]: Skipping Lnet/minecraft/network/chat/SignedMessageValidator$KeyBased;
[09:33:47] [main/DEBUG]: Skipping Lnet/minecraft/network/chat/SignedMessageLink;
[09:33:47] [main/DEBUG]: Skipping Lnet/minecraft/network/chat/SignedMessageChain;
[09:33:47] [main/DEBUG]: Skipping Lnet/minecraft/network/chat/SignedMessageChain$Encoder;
[09:33:47] [main/DEBUG]: Skipping Lnet/minecraft/network/chat/SignedMessageChain$Decoder;
[09:33:47] [main/DEBUG]: Skipping Lnet/minecraft/network/chat/SignedMessageChain$DecodeException;
[09:33:47] [main/DEBUG]: Skipping Lnet/minecraft/network/chat/SignedMessageChain$1;
[09:33:47] [main/DEBUG]: Skipping Lnet/minecraft/network/chat/SignedMessageBody;
[09:33:47] [main/DEBUG]: Skipping Lnet/minecraft/network/chat/SignedMessageBody$Packed;
[09:33:47] [main/DEBUG]: Skipping Lnet/minecraft/network/chat/SignableCommand;
[09:33:47] [main/DEBUG]: Skipping Lnet/minecraft/network/chat/SignableCommand$Argument;
[09:33:47] [main/DEBUG]: Skipping Lnet/minecraft/network/chat/RemoteChatSession;
[09:33:47] [main/DEBUG]: Skipping Lnet/minecraft/network/chat/RemoteChatSession$Data;
[09:33:47] [main/DEBUG]: Skipping Lnet/minecraft/network/chat/PlayerChatMessage;
[09:33:47] [main/DEBUG]: Skipping Lnet/minecraft/network/chat/OutgoingChatMessage;
[09:33:47] [main/DEBUG]: Skipping Lnet/minecraft/network/chat/OutgoingChatMessage$Player;
[09:33:47] [main/DEBUG]: Skipping Lnet/minecraft/network/chat/OutgoingChatMessage$Disguised;
[09:33:47] [main/DEBUG]: Skipping Lnet/minecraft/network/chat/MutableComponent;
[09:33:47] [main/DEBUG]: Skipping Lnet/minecraft/network/chat/MessageSignatureCache;
[09:33:47] [main/DEBUG]: Skipping Lnet/minecraft/network/chat/MessageSignature;
[09:33:47] [main/DEBUG]: Skipping Lnet/minecraft/network/chat/MessageSignature$Packed;
[09:33:47] [main/DEBUG]: Skipping Lnet/minecraft/network/chat/LocalChatSession;
[09:33:47] [main/DEBUG]: Skipping Lnet/minecraft/network/chat/LastSeenTrackedEntry;
[09:33:47] [main/DEBUG]: Skipping Lnet/minecraft/network/chat/LastSeenMessagesValidator;
[09:33:47] [main/DEBUG]: Skipping Lnet/minecraft/network/chat/LastSeenMessagesTracker;
[09:33:47] [main/DEBUG]: Skipping Lnet/minecraft/network/chat/LastSeenMessagesTracker$Update;
[09:33:47] [main/DEBUG]: Skipping Lnet/minecraft/network/chat/LastSeenMessages;
[09:33:47] [main/DEBUG]: Skipping Lnet/minecraft/network/chat/LastSeenMessages$Update;
[09:33:47] [main/DEBUG]: Skipping Lnet/minecraft/network/chat/LastSeenMessages$Packed;
[09:33:47] [main/DEBUG]: Skipping Lnet/minecraft/network/chat/HoverEvent;
[09:33:47] [main/DEBUG]: Skipping Lnet/minecraft/network/chat/HoverEvent$TypedHoverEvent;
[09:33:47] [main/DEBUG]: Skipping Lnet/minecraft/network/chat/HoverEvent$LegacyConverter;
[09:33:47] [main/DEBUG]: Skipping Lnet/minecraft/network/chat/HoverEvent$ItemStackInfo;
[09:33:47] [main/DEBUG]: Skipping Lnet/minecraft/network/chat/HoverEvent$EntityTooltipInfo;
[09:33:47] [main/DEBUG]: Skipping Lnet/minecraft/network/chat/HoverEvent$Action;
[09:33:47] [main/DEBUG]: Skipping Lnet/minecraft/network/chat/HoverEvent$Action$1;
[09:33:47] [main/DEBUG]: Skipping Lnet/minecraft/network/chat/FormattedText;
[09:33:47] [main/DEBUG]: Skipping Lnet/minecraft/network/chat/FormattedText$StyledContentConsumer;
[09:33:47] [main/DEBUG]: Skipping Lnet/minecraft/network/chat/FormattedText$ContentConsumer;
[09:33:47] [main/DEBUG]: Skipping Lnet/minecraft/network/chat/FormattedText$4;
[09:33:47] [main/DEBUG]: Skipping Lnet/minecraft/network/chat/FormattedText$3;
[09:33:47] [main/DEBUG]: Skipping Lnet/minecraft/network/chat/FormattedText$2;
[09:33:47] [main/DEBUG]: Skipping Lnet/minecraft/network/chat/FormattedText$1;
[09:33:47] [main/DEBUG]: Skipping Lnet/minecraft/network/chat/FilterMask;
[09:33:47] [main/DEBUG]: Skipping Lnet/minecraft/network/chat/FilterMask$Type;
[09:33:47] [main/DEBUG]: Skipping Lnet/minecraft/network/chat/ComponentUtils;
[09:33:47] [main/DEBUG]: Skipping Lnet/minecraft/network/chat/ComponentSerialization;
[09:33:47] [main/DEBUG]: Skipping Lnet/minecraft/network/chat/ComponentSerialization$StrictEither;
[09:33:47] [main/DEBUG]: Skipping Lnet/minecraft/network/chat/ComponentSerialization$FuzzyCodec;
[09:33:47] [main/DEBUG]: Skipping Lnet/minecraft/network/chat/ComponentSerialization$1;
[09:33:47] [main/DEBUG]: Skipping Lnet/minecraft/network/chat/ComponentContents;
[09:33:47] [main/DEBUG]: Skipping Lnet/minecraft/network/chat/ComponentContents$Type;
[09:33:47] [main/DEBUG]: Skipping Lnet/minecraft/network/chat/Component;
[09:33:47] [main/DEBUG]: Skipping Lnet/minecraft/network/chat/Component$SerializerAdapter;
[09:33:47] [main/DEBUG]: Skipping Lnet/minecraft/network/chat/Component$Serializer;
[09:33:47] [main/DEBUG]: Skipping Lnet/minecraft/network/chat/CommonComponents;
[09:33:47] [main/DEBUG]: Skipping Lnet/minecraft/network/chat/ClickEvent;
[09:33:47] [main/DEBUG]: Skipping Lnet/minecraft/network/chat/ClickEvent$Action;
[09:33:47] [main/DEBUG]: Skipping Lnet/minecraft/network/chat/ChatTypeDecoration;
[09:33:47] [main/DEBUG]: Skipping Lnet/minecraft/network/chat/ChatTypeDecoration$Parameter;
[09:33:47] [main/DEBUG]: Skipping Lnet/minecraft/network/chat/ChatTypeDecoration$Parameter$Selector;
[09:33:47] [main/DEBUG]: Skipping Lnet/minecraft/network/chat/ChatType;
[09:33:47] [main/DEBUG]: Skipping Lnet/minecraft/network/chat/ChatType$Bound;
[09:33:47] [main/DEBUG]: Skipping Lnet/minecraft/network/chat/ChatDecorator;
[09:33:47] [main/DEBUG]: Skipping Lnet/minecraft/network/Varint21LengthFieldPrepender;
[09:33:47] [main/DEBUG]: Skipping Lnet/minecraft/network/Varint21FrameDecoder;
[09:33:47] [main/DEBUG]: Skipping Lnet/minecraft/network/VarLong;
[09:33:47] [main/DEBUG]: Skipping Lnet/minecraft/network/VarInt;
[09:33:47] [main/DEBUG]: Skipping Lnet/minecraft/network/Utf8String;
[09:33:47] [main/DEBUG]: Skipping Lnet/minecraft/network/UnconfiguredPipelineHandler;
[09:33:47] [main/DEBUG]: Skipping Lnet/minecraft/network/UnconfiguredPipelineHandler$OutboundConfigurationTask;
[09:33:47] [main/DEBUG]: Skipping Lnet/minecraft/network/UnconfiguredPipelineHandler$Outbound;
[09:33:47] [main/DEBUG]: Skipping Lnet/minecraft/network/UnconfiguredPipelineHandler$InboundConfigurationTask;
[09:33:47] [main/DEBUG]: Skipping Lnet/minecraft/network/UnconfiguredPipelineHandler$Inbound;
[09:33:47] [main/DEBUG]: Skipping Lnet/minecraft/network/TickablePacketListener;
[09:33:47] [main/DEBUG]: Skipping Lnet/minecraft/network/SkipPacketException;
[09:33:47] [main/DEBUG]: Skipping Lnet/minecraft/network/ServerboundPacketListener;
[09:33:47] [main/DEBUG]: Skipping Lnet/minecraft/network/RateKickingConnection;
[09:33:47] [main/DEBUG]: Skipping Lnet/minecraft/network/ProtocolSwapHandler;
[09:33:47] [main/DEBUG]: Skipping Lnet/minecraft/network/ProtocolInfo;
[09:33:47] [main/DEBUG]: Skipping Lnet/minecraft/network/ProtocolInfo$Unbound;
[09:33:47] [main/DEBUG]: Skipping Lnet/minecraft/network/ProtocolInfo$Unbound$PacketVisitor;
[09:33:47] [main/DEBUG]: Skipping Lnet/minecraft/network/PacketSendListener;
[09:33:47] [main/DEBUG]: Skipping Lnet/minecraft/network/PacketSendListener$2;
[09:33:47] [main/DEBUG]: Skipping Lnet/minecraft/network/PacketSendListener$1;
[09:33:47] [main/DEBUG]: Skipping Lnet/minecraft/network/PacketListener;
[09:33:47] [main/DEBUG]: Skipping Lnet/minecraft/network/PacketEncoder;
[09:33:47] [main/DEBUG]: Skipping Lnet/minecraft/network/PacketDecoder;
[09:33:47] [main/DEBUG]: Skipping Lnet/minecraft/network/PacketBundleUnpacker;
[09:33:47] [main/DEBUG]: Skipping Lnet/minecraft/network/PacketBundlePacker;
[09:33:47] [main/DEBUG]: Skipping Lnet/minecraft/network/NoOpFrameEncoder;
[09:33:47] [main/DEBUG]: Skipping Lnet/minecraft/network/NoOpFrameDecoder;
[09:33:47] [main/DEBUG]: Skipping Lnet/minecraft/network/MonitorFrameDecoder;
[09:33:47] [main/DEBUG]: Skipping Lnet/minecraft/network/HandlerNames;
[09:33:47] [main/DEBUG]: Skipping Lnet/minecraft/network/DisconnectionDetails;
[09:33:47] [main/DEBUG]: Skipping Lnet/minecraft/network/ConnectionProtocol;
[09:33:47] [main/DEBUG]: Skipping Lnet/minecraft/network/CompressionDecoder;
[09:33:47] [main/DEBUG]: Skipping Lnet/minecraft/network/ClientboundPacketListener;
[09:33:47] [main/DEBUG]: Skipping Lnet/minecraft/network/CipherEncoder;
[09:33:47] [main/DEBUG]: Skipping Lnet/minecraft/network/CipherDecoder;
[09:33:47] [main/DEBUG]: Skipping Lnet/minecraft/network/CipherBase;
[09:33:47] [main/DEBUG]: Skipping Lnet/minecraft/network/BandwidthDebugMonitor;
[09:33:47] [main/DEBUG]: Skipping Lnet/minecraft/network/RegistryFriendlyByteBuf;
[09:33:47] [main/DEBUG]: Skipping Lnet/minecraft/network/FriendlyByteBuf;
[09:33:47] [main/DEBUG]: Skipping Lnet/minecraft/network/Connection;
[09:33:47] [main/DEBUG]: Skipping Lnet/minecraft/network/Connection$3;
[09:33:47] [main/DEBUG]: Skipping Lnet/minecraft/network/Connection$2;
[09:33:47] [main/DEBUG]: Skipping Lnet/minecraft/network/Connection$1;
[09:33:47] [main/DEBUG]: Skipping Lnet/minecraft/network/CompressionEncoder;
[09:33:47] [main/DEBUG]: Skipping Lnet/minecraft/nbt/visitors/package-info;
[09:33:47] [main/DEBUG]: Skipping Lnet/minecraft/nbt/visitors/SkipFields;
[09:33:47] [main/DEBUG]: Skipping Lnet/minecraft/nbt/visitors/SkipAll;
[09:33:47] [main/DEBUG]: Skipping Lnet/minecraft/nbt/visitors/SkipAll$1;
[09:33:47] [main/DEBUG]: Skipping Lnet/minecraft/nbt/visitors/FieldTree;
[09:33:47] [main/DEBUG]: Skipping Lnet/minecraft/nbt/visitors/FieldSelector;
[09:33:47] [main/DEBUG]: Skipping Lnet/minecraft/nbt/visitors/CollectToTag;
[09:33:47] [main/DEBUG]: Skipping Lnet/minecraft/nbt/visitors/CollectFields;
[09:33:47] [main/DEBUG]: Skipping Lnet/minecraft/nbt/package-info;
[09:33:47] [main/DEBUG]: Skipping Lnet/minecraft/nbt/TextComponentTagVisitor;
[09:33:47] [main/DEBUG]: Skipping Lnet/minecraft/nbt/TagVisitor;
[09:33:47] [main/DEBUG]: Skipping Lnet/minecraft/nbt/TagTypes;
[09:33:47] [main/DEBUG]: Skipping Lnet/minecraft/nbt/TagType;
[09:33:47] [main/DEBUG]: Skipping Lnet/minecraft/nbt/TagType$VariableSize;
[09:33:47] [main/DEBUG]: Skipping Lnet/minecraft/nbt/TagType$StaticSize;
[09:33:47] [main/DEBUG]: Skipping Lnet/minecraft/nbt/TagType$2;
[09:33:47] [main/DEBUG]: Skipping Lnet/minecraft/nbt/TagType$1;
[09:33:47] [main/DEBUG]: Skipping Lnet/minecraft/nbt/TagParser;
[09:33:47] [main/DEBUG]: Skipping Lnet/minecraft/nbt/Tag;
[09:33:47] [main/DEBUG]: Skipping Lnet/minecraft/nbt/StringTagVisitor;
[09:33:47] [main/DEBUG]: Skipping Lnet/minecraft/nbt/StringTag;
[09:33:47] [main/DEBUG]: Skipping Lnet/minecraft/nbt/StringTag$1;
[09:33:47] [main/DEBUG]: Skipping Lnet/minecraft/nbt/StreamTagVisitor;
[09:33:47] [main/DEBUG]: Skipping Lnet/minecraft/nbt/StreamTagVisitor$ValueResult;
[09:33:47] [main/DEBUG]: Skipping Lnet/minecraft/nbt/StreamTagVisitor$EntryResult;
[09:33:47] [main/DEBUG]: Skipping Lnet/minecraft/nbt/SnbtPrinterTagVisitor;
[09:33:47] [main/DEBUG]: Skipping Lnet/minecraft/nbt/ShortTag;
[09:33:47] [main/DEBUG]: Skipping Lnet/minecraft/nbt/ShortTag$Cache;
[09:33:47] [main/DEBUG]: Skipping Lnet/minecraft/nbt/ShortTag$1;
[09:33:47] [main/DEBUG]: Skipping Lnet/minecraft/nbt/ReportedNbtException;
[09:33:47] [main/DEBUG]: Skipping Lnet/minecraft/nbt/NumericTag;
[09:33:47] [main/DEBUG]: Skipping Lnet/minecraft/nbt/NbtUtils;
[09:33:47] [main/DEBUG]: Skipping Lnet/minecraft/nbt/NbtOps;
[09:33:47] [main/DEBUG]: Skipping Lnet/minecraft/nbt/NbtOps$NbtRecordBuilder;
[09:33:47] [main/DEBUG]: Skipping Lnet/minecraft/nbt/NbtOps$LongListCollector;
[09:33:47] [main/DEBUG]: Skipping Lnet/minecraft/nbt/NbtOps$ListCollector;
[09:33:47] [main/DEBUG]: Skipping Lnet/minecraft/nbt/NbtOps$IntListCollector;
[09:33:47] [main/DEBUG]: Skipping Lnet/minecraft/nbt/NbtOps$InitialListCollector;
[09:33:47] [main/DEBUG]: Skipping Lnet/minecraft/nbt/NbtOps$HomogenousListCollector;
[09:33:47] [main/DEBUG]: Skipping Lnet/minecraft/nbt/NbtOps$HeterogenousListCollector;
[09:33:47] [main/DEBUG]: Skipping Lnet/minecraft/nbt/NbtOps$ByteListCollector;
[09:33:47] [main/DEBUG]: Skipping Lnet/minecraft/nbt/NbtOps$1;
[09:33:47] [main/DEBUG]: Skipping Lnet/minecraft/nbt/NbtIo;
[09:33:47] [main/DEBUG]: Skipping Lnet/minecraft/nbt/NbtIo$StringFallbackDataOutput;
[09:33:47] [main/DEBUG]: Skipping Lnet/minecraft/nbt/NbtIo$1;
[09:33:47] [main/DEBUG]: Skipping Lnet/minecraft/nbt/NbtFormatException;
[09:33:47] [main/DEBUG]: Skipping Lnet/minecraft/nbt/NbtException;
[09:33:47] [main/DEBUG]: Skipping Lnet/minecraft/nbt/NbtAccounterException;
[09:33:47] [main/DEBUG]: Skipping Lnet/minecraft/nbt/NbtAccounter;
[09:33:47] [main/DEBUG]: Skipping Lnet/minecraft/nbt/LongTag;
[09:33:47] [main/DEBUG]: Skipping Lnet/minecraft/nbt/LongTag$Cache;
[09:33:47] [main/DEBUG]: Skipping Lnet/minecraft/nbt/LongTag$1;
[09:33:47] [main/DEBUG]: Skipping Lnet/minecraft/nbt/LongArrayTag;
[09:33:47] [main/DEBUG]: Skipping Lnet/minecraft/nbt/LongArrayTag$1;
[09:33:47] [main/DEBUG]: Skipping Lnet/minecraft/nbt/ListTag;
[09:33:47] [main/DEBUG]: Skipping Lnet/minecraft/nbt/ListTag$2;
[09:33:47] [main/DEBUG]: Skipping Lnet/minecraft/nbt/ListTag$1;
[09:33:47] [main/DEBUG]: Skipping Lnet/minecraft/nbt/IntTag;
[09:33:47] [main/DEBUG]: Skipping Lnet/minecraft/nbt/IntTag$Cache;
[09:33:47] [main/DEBUG]: Skipping Lnet/minecraft/nbt/IntTag$1;
[09:33:47] [main/DEBUG]: Skipping Lnet/minecraft/nbt/IntArrayTag;
[09:33:47] [main/DEBUG]: Skipping Lnet/minecraft/nbt/IntArrayTag$1;
[09:33:47] [main/DEBUG]: Skipping Lnet/minecraft/nbt/FloatTag;
[09:33:47] [main/DEBUG]: Skipping Lnet/minecraft/nbt/FloatTag$1;
[09:33:47] [main/DEBUG]: Skipping Lnet/minecraft/nbt/EndTag;
[09:33:47] [main/DEBUG]: Skipping Lnet/minecraft/nbt/EndTag$1;
[09:33:47] [main/DEBUG]: Skipping Lnet/minecraft/nbt/DoubleTag;
[09:33:47] [main/DEBUG]: Skipping Lnet/minecraft/nbt/DoubleTag$1;
[09:33:47] [main/DEBUG]: Skipping Lnet/minecraft/nbt/CollectionTag;
[09:33:47] [main/DEBUG]: Skipping Lnet/minecraft/nbt/ByteTag;
[09:33:47] [main/DEBUG]: Skipping Lnet/minecraft/nbt/ByteTag$Cache;
[09:33:47] [main/DEBUG]: Skipping Lnet/minecraft/nbt/ByteTag$1;
[09:33:47] [main/DEBUG]: Skipping Lnet/minecraft/nbt/ByteArrayTag;
[09:33:47] [main/DEBUG]: Skipping Lnet/minecraft/nbt/ByteArrayTag$1;
[09:33:47] [main/DEBUG]: Skipping Lnet/minecraft/nbt/CompoundTag$3;
[09:33:47] [main/DEBUG]: Skipping Lnet/minecraft/nbt/CompoundTag;
[09:33:47] [main/DEBUG]: Skipping Lnet/minecraft/nbt/CompoundTag$2;
[09:33:47] [main/DEBUG]: Skipping Lnet/minecraft/nbt/CompoundTag$1;
[09:33:47] [main/DEBUG]: Skipping Lnet/minecraft/locale/package-info;
[09:33:47] [main/DEBUG]: Skipping Lnet/minecraft/locale/Language;
[09:33:47] [main/DEBUG]: Skipping Lnet/minecraft/locale/Language$1;
[09:33:47] [main/DEBUG]: Skipping Lnet/minecraft/gametest/framework/package-info;
[09:33:47] [main/DEBUG]: Skipping Lnet/minecraft/gametest/framework/TestReporter;
[09:33:47] [main/DEBUG]: Skipping Lnet/minecraft/gametest/framework/TestFunctionFinder;
[09:33:47] [main/DEBUG]: Skipping Lnet/minecraft/gametest/framework/TestFunctionArgument;
[09:33:47] [main/DEBUG]: Skipping Lnet/minecraft/gametest/framework/TestFunction;
[09:33:47] [main/DEBUG]: Skipping Lnet/minecraft/gametest/framework/TestFinder;
[09:33:47] [main/DEBUG]: Skipping Lnet/minecraft/gametest/framework/TestFinder$Builder;
[09:33:47] [main/DEBUG]: Skipping Lnet/minecraft/gametest/framework/TestCommand;
[09:33:47] [main/DEBUG]: Skipping Lnet/minecraft/gametest/framework/TestCommand$TestSummaryDisplayer;
[09:33:47] [main/DEBUG]: Skipping Lnet/minecraft/gametest/framework/TestCommand$TestBatchSummaryDisplayer;
[09:33:47] [main/DEBUG]: Skipping Lnet/minecraft/gametest/framework/TestCommand$Runner;
[09:33:47] [main/DEBUG]: Skipping Lnet/minecraft/gametest/framework/TestClassNameArgument;
[09:33:47] [main/DEBUG]: Skipping Lnet/minecraft/gametest/framework/StructureUtils;
[09:33:47] [main/DEBUG]: Skipping Lnet/minecraft/gametest/framework/StructureUtils$1;
[09:33:47] [main/DEBUG]: Skipping Lnet/minecraft/gametest/framework/StructureGridSpawner;
[09:33:47] [main/DEBUG]: Skipping Lnet/minecraft/gametest/framework/StructureBlockPosFinder;
[09:33:47] [main/DEBUG]: Skipping Lnet/minecraft/gametest/framework/RetryOptions;
[09:33:47] [main/DEBUG]: Skipping Lnet/minecraft/gametest/framework/ReportGameListener;
[09:33:47] [main/DEBUG]: Skipping Lnet/minecraft/gametest/framework/MultipleTestTracker;
[09:33:47] [main/DEBUG]: Skipping Lnet/minecraft/gametest/framework/MultipleTestTracker$1;
[09:33:47] [main/DEBUG]: Skipping Lnet/minecraft/gametest/framework/LogTestReporter;
[09:33:47] [main/DEBUG]: Skipping Lnet/minecraft/gametest/framework/JUnitLikeTestReporter;
[09:33:47] [main/DEBUG]: Skipping Lnet/minecraft/gametest/framework/GlobalTestReporter;
[09:33:47] [main/DEBUG]: Skipping Lnet/minecraft/gametest/framework/GameTestTimeoutException;
[09:33:47] [main/DEBUG]: Skipping Lnet/minecraft/gametest/framework/GameTestTicker;
[09:33:47] [main/DEBUG]: Transforming class Lnet/minecraft/gametest/framework/GameTestServer;
[09:33:47] [main/DEBUG]: Transforming net/minecraft/gametest/framework/GameTestServer METHOD <init>(Ljava/lang/Thread;Lnet/minecraft/world/level/storage/LevelStorageSource$LevelStorageAccess;Lnet/minecraft/server/packs/repository/PackRepository;Lnet/minecraft/server/WorldStem;Ljava/util/Collection;Lnet/minecraft/core/BlockPos;)V to access PUBLIC and LEAVE
[09:33:47] [main/DEBUG]: Skipping Lnet/minecraft/gametest/framework/GameTestServer$1;
[09:33:47] [main/DEBUG]: Skipping Lnet/minecraft/gametest/framework/GameTestSequence;
[09:33:47] [main/DEBUG]: Skipping Lnet/minecraft/gametest/framework/GameTestSequence$Condition;
[09:33:47] [main/DEBUG]: Skipping Lnet/minecraft/gametest/framework/GameTestRunner;
[09:33:47] [main/DEBUG]: Skipping Lnet/minecraft/gametest/framework/GameTestRunner$StructureSpawner;
[09:33:47] [main/DEBUG]: Skipping Lnet/minecraft/gametest/framework/GameTestRunner$GameTestBatcher;
[09:33:47] [main/DEBUG]: Skipping Lnet/minecraft/gametest/framework/GameTestRunner$Builder;
[09:33:47] [main/DEBUG]: Skipping Lnet/minecraft/gametest/framework/GameTestRunner$1;
[09:33:47] [main/DEBUG]: Skipping Lnet/minecraft/gametest/framework/GameTestListener;
[09:33:47] [main/DEBUG]: Skipping Lnet/minecraft/gametest/framework/GameTestInfo;
[09:33:47] [main/DEBUG]: Skipping Lnet/minecraft/gametest/framework/GameTestGenerator;
[09:33:47] [main/DEBUG]: Skipping Lnet/minecraft/gametest/framework/GameTestEvent;
[09:33:47] [main/DEBUG]: Skipping Lnet/minecraft/gametest/framework/GameTestBatchListener;
[09:33:47] [main/DEBUG]: Skipping Lnet/minecraft/gametest/framework/GameTestBatchFactory;
[09:33:47] [main/DEBUG]: Skipping Lnet/minecraft/gametest/framework/GameTestBatch;
[09:33:47] [main/DEBUG]: Skipping Lnet/minecraft/gametest/framework/GameTestAssertPosException;
[09:33:47] [main/DEBUG]: Skipping Lnet/minecraft/gametest/framework/GameTestAssertException;
[09:33:47] [main/DEBUG]: Skipping Lnet/minecraft/gametest/framework/GameTest;
[09:33:47] [main/DEBUG]: Skipping Lnet/minecraft/gametest/framework/ExhaustedAttemptsException;
[09:33:47] [main/DEBUG]: Skipping Lnet/minecraft/gametest/framework/BeforeBatch;
[09:33:47] [main/DEBUG]: Skipping Lnet/minecraft/gametest/framework/AfterBatch;
[09:33:47] [main/DEBUG]: Skipping Lnet/minecraft/gametest/framework/GameTestRegistry;
[09:33:47] [main/DEBUG]: Skipping Lnet/minecraft/gametest/framework/GameTestHelper;
[09:33:47] [main/DEBUG]: Skipping Lnet/minecraft/gametest/framework/GameTestHelper$2;
[09:33:47] [main/DEBUG]: Skipping Lnet/minecraft/gametest/framework/GameTestHelper$1;
[09:33:47] [main/DEBUG]: Skipping Lnet/minecraft/data/worldgen/placement/package-info;
[09:33:47] [main/DEBUG]: Skipping Lnet/minecraft/data/worldgen/placement/VillagePlacements;
[09:33:47] [main/DEBUG]: Skipping Lnet/minecraft/data/worldgen/placement/VegetationPlacements;
[09:33:47] [main/DEBUG]: Skipping Lnet/minecraft/data/worldgen/placement/TreePlacements;
[09:33:47] [main/DEBUG]: Skipping Lnet/minecraft/data/worldgen/placement/PlacementUtils;
[09:33:47] [main/DEBUG]: Skipping Lnet/minecraft/data/worldgen/placement/OrePlacements;
[09:33:47] [main/DEBUG]: Skipping Lnet/minecraft/data/worldgen/placement/NetherPlacements;
[09:33:47] [main/DEBUG]: Skipping Lnet/minecraft/data/worldgen/placement/MiscOverworldPlacements;
[09:33:47] [main/DEBUG]: Skipping Lnet/minecraft/data/worldgen/placement/EndPlacements;
[09:33:47] [main/DEBUG]: Skipping Lnet/minecraft/data/worldgen/placement/CavePlacements;
[09:33:47] [main/DEBUG]: Skipping Lnet/minecraft/data/worldgen/placement/AquaticPlacements;
[09:33:47] [main/DEBUG]: Skipping Lnet/minecraft/data/worldgen/package-info;
[09:33:47] [main/DEBUG]: Skipping Lnet/minecraft/data/worldgen/features/package-info;
[09:33:47] [main/DEBUG]: Skipping Lnet/minecraft/data/worldgen/features/VegetationFeatures;
[09:33:47] [main/DEBUG]: Skipping Lnet/minecraft/data/worldgen/features/TreeFeatures;
[09:33:47] [main/DEBUG]: Skipping Lnet/minecraft/data/worldgen/features/PileFeatures;
[09:33:47] [main/DEBUG]: Skipping Lnet/minecraft/data/worldgen/features/OreFeatures;
[09:33:47] [main/DEBUG]: Skipping Lnet/minecraft/data/worldgen/features/NetherFeatures;
[09:33:47] [main/DEBUG]: Skipping Lnet/minecraft/data/worldgen/features/MiscOverworldFeatures;
[09:33:47] [main/DEBUG]: Skipping Lnet/minecraft/data/worldgen/features/FeatureUtils;
[09:33:47] [main/DEBUG]: Skipping Lnet/minecraft/data/worldgen/features/EndFeatures;
[09:33:47] [main/DEBUG]: Skipping Lnet/minecraft/data/worldgen/features/CaveFeatures;
[09:33:47] [main/DEBUG]: Skipping Lnet/minecraft/data/worldgen/features/AquaticFeatures;
[09:33:47] [main/DEBUG]: Skipping Lnet/minecraft/data/worldgen/biome/package-info;
[09:33:47] [main/DEBUG]: Skipping Lnet/minecraft/data/worldgen/biome/OverworldBiomes;
[09:33:47] [main/DEBUG]: Skipping Lnet/minecraft/data/worldgen/biome/NetherBiomes;
[09:33:47] [main/DEBUG]: Skipping Lnet/minecraft/data/worldgen/biome/EndBiomes;
[09:33:47] [main/DEBUG]: Skipping Lnet/minecraft/data/worldgen/biome/BiomeData;
[09:33:47] [main/DEBUG]: Skipping Lnet/minecraft/data/worldgen/VillagePools;
[09:33:47] [main/DEBUG]: Skipping Lnet/minecraft/data/worldgen/TrialChambersStructurePools;
[09:33:47] [main/DEBUG]: Skipping Lnet/minecraft/data/worldgen/TrailRuinsStructurePools;
[09:33:47] [main/DEBUG]: Skipping Lnet/minecraft/data/worldgen/TerrainProvider;
[09:33:47] [main/DEBUG]: Skipping Lnet/minecraft/data/worldgen/TaigaVillagePools;
[09:33:47] [main/DEBUG]: Skipping Lnet/minecraft/data/worldgen/SurfaceRuleData;
[09:33:47] [main/DEBUG]: Skipping Lnet/minecraft/data/worldgen/Structures;
[09:33:47] [main/DEBUG]: Skipping Lnet/minecraft/data/worldgen/StructureSets;
[09:33:47] [main/DEBUG]: Skipping Lnet/minecraft/data/worldgen/SnowyVillagePools;
[09:33:47] [main/DEBUG]: Skipping Lnet/minecraft/data/worldgen/SavannaVillagePools;
[09:33:47] [main/DEBUG]: Skipping Lnet/minecraft/data/worldgen/ProcessorLists;
[09:33:47] [main/DEBUG]: Skipping Lnet/minecraft/data/worldgen/Pools;
[09:33:47] [main/DEBUG]: Skipping Lnet/minecraft/data/worldgen/PlainVillagePools;
[09:33:47] [main/DEBUG]: Skipping Lnet/minecraft/data/worldgen/PillagerOutpostPools;
[09:33:47] [main/DEBUG]: Skipping Lnet/minecraft/data/worldgen/NoiseData;
[09:33:47] [main/DEBUG]: Skipping Lnet/minecraft/data/worldgen/DimensionTypes;
[09:33:47] [main/DEBUG]: Skipping Lnet/minecraft/data/worldgen/DesertVillagePools;
[09:33:47] [main/DEBUG]: Skipping Lnet/minecraft/data/worldgen/Carvers;
[09:33:47] [main/DEBUG]: Skipping Lnet/minecraft/data/worldgen/BiomeDefaultFeatures;
[09:33:47] [main/DEBUG]: Skipping Lnet/minecraft/data/worldgen/BastionTreasureRoomPools;
[09:33:47] [main/DEBUG]: Skipping Lnet/minecraft/data/worldgen/BastionSharedPools;
[09:33:47] [main/DEBUG]: Skipping Lnet/minecraft/data/worldgen/BastionPieces;
[09:33:47] [main/DEBUG]: Skipping Lnet/minecraft/data/worldgen/BastionHousingUnitsPools;
[09:33:47] [main/DEBUG]: Skipping Lnet/minecraft/data/worldgen/BastionHoglinStablePools;
[09:33:47] [main/DEBUG]: Skipping Lnet/minecraft/data/worldgen/BastionBridgePools;
[09:33:47] [main/DEBUG]: Skipping Lnet/minecraft/data/worldgen/AncientCityStructurePools;
[09:33:47] [main/DEBUG]: Skipping Lnet/minecraft/data/worldgen/AncientCityStructurePieces;
[09:33:47] [main/DEBUG]: Skipping Lnet/minecraft/data/worldgen/BootstrapContext;
[09:33:47] [main/DEBUG]: Skipping Lnet/minecraft/data/tags/package-info;
[09:33:47] [main/DEBUG]: Skipping Lnet/minecraft/data/tags/VanillaItemTagsProvider;
[09:33:47] [main/DEBUG]: Skipping Lnet/minecraft/data/tags/VanillaEnchantmentTagsProvider;
[09:33:47] [main/DEBUG]: Skipping Lnet/minecraft/data/tags/VanillaBlockTagsProvider;
[09:33:47] [main/DEBUG]: Skipping Lnet/minecraft/data/tags/TradeRebalanceStructureTagsProvider;
[09:33:47] [main/DEBUG]: Skipping Lnet/minecraft/data/tags/TradeRebalanceEnchantmentTagsProvider;
[09:33:47] [main/DEBUG]: Skipping Lnet/minecraft/data/tags/EnchantmentTagsProvider;
[09:33:47] [main/DEBUG]: Skipping Lnet/minecraft/data/tags/WorldPresetTagsProvider;
[09:33:47] [main/DEBUG]: Transforming class Lnet/minecraft/data/tags/TagsProvider;
[09:33:47] [main/DEBUG]: Transforming net/minecraft/data/tags/TagsProvider INNERCLASS TagAppender to access PUBLIC and LEAVE
[09:33:47] [main/DEBUG]: Transforming net/minecraft/data/tags/TagsProvider FIELD f_126543_ to access PROTECTED and LEAVE
[09:33:47] [main/DEBUG]: Transforming net/minecraft/data/tags/TagsProvider METHOD m_6055_()Ljava/lang/String; to access PUBLIC and REMOVEFINAL
[09:33:47] [main/DEBUG]: Skipping Lnet/minecraft/data/tags/TagsProvider$TagLookup;
[09:33:47] [main/DEBUG]: Transforming class Lnet/minecraft/data/tags/TagsProvider$TagAppender;
[09:33:47] [main/DEBUG]: Transforming net/minecraft/data/tags/TagsProvider$TagAppender CLASS to access PUBLIC and LEAVE
[09:33:47] [main/DEBUG]: Skipping Lnet/minecraft/data/tags/TagsProvider$1CombinedData;
[09:33:47] [main/DEBUG]: Skipping Lnet/minecraft/data/tags/StructureTagsProvider;
[09:33:47] [main/DEBUG]: Skipping Lnet/minecraft/data/tags/PoiTypeTagsProvider;
[09:33:47] [main/DEBUG]: Skipping Lnet/minecraft/data/tags/PaintingVariantTagsProvider;
[09:33:47] [main/DEBUG]: Skipping Lnet/minecraft/data/tags/ItemTagsProvider;
[09:33:47] [main/DEBUG]: Transforming class Lnet/minecraft/data/tags/IntrinsicHolderTagsProvider;
[09:33:47] [main/DEBUG]: Transforming net/minecraft/data/tags/IntrinsicHolderTagsProvider INNERCLASS IntrinsicTagAppender to access PUBLIC and LEAVE
[09:33:47] [main/DEBUG]: Transforming class Lnet/minecraft/data/tags/IntrinsicHolderTagsProvider$IntrinsicTagAppender;
[09:33:47] [main/DEBUG]: Transforming net/minecraft/data/tags/IntrinsicHolderTagsProvider$IntrinsicTagAppender CLASS to access PUBLIC and LEAVE
[09:33:47] [main/DEBUG]: Skipping Lnet/minecraft/data/tags/InstrumentTagsProvider;
[09:33:47] [main/DEBUG]: Skipping Lnet/minecraft/data/tags/GameEventTagsProvider;
[09:33:47] [main/DEBUG]: Skipping Lnet/minecraft/data/tags/FluidTagsProvider;
[09:33:47] [main/DEBUG]: Skipping Lnet/minecraft/data/tags/FlatLevelGeneratorPresetTagsProvider;
[09:33:47] [main/DEBUG]: Skipping Lnet/minecraft/data/tags/EntityTypeTagsProvider;
[09:33:47] [main/DEBUG]: Skipping Lnet/minecraft/data/tags/DamageTypeTagsProvider;
[09:33:47] [main/DEBUG]: Skipping Lnet/minecraft/data/tags/CatVariantTagsProvider;
[09:33:47] [main/DEBUG]: Skipping Lnet/minecraft/data/tags/BiomeTagsProvider;
[09:33:47] [main/DEBUG]: Skipping Lnet/minecraft/data/tags/BannerPatternTagsProvider;
[09:33:47] [main/DEBUG]: Skipping Lnet/minecraft/data/structures/package-info;
[09:33:47] [main/DEBUG]: Skipping Lnet/minecraft/data/structures/StructureUpdater;
[09:33:47] [main/DEBUG]: Skipping Lnet/minecraft/data/structures/SnbtToNbt;
[09:33:47] [main/DEBUG]: Skipping Lnet/minecraft/data/structures/SnbtToNbt$TaskResult;
[09:33:47] [main/DEBUG]: Skipping Lnet/minecraft/data/structures/SnbtToNbt$StructureConversionException;
[09:33:47] [main/DEBUG]: Skipping Lnet/minecraft/data/structures/SnbtToNbt$Filter;
[09:33:47] [main/DEBUG]: Skipping Lnet/minecraft/data/structures/SnbtDatafixer;
[09:33:47] [main/DEBUG]: Skipping Lnet/minecraft/data/structures/NbtToSnbt;
[09:33:47] [main/DEBUG]: Skipping Lnet/minecraft/data/registries/package-info;
[09:33:47] [main/DEBUG]: Skipping Lnet/minecraft/data/registries/TradeRebalanceRegistries;
[09:33:47] [main/DEBUG]: Skipping Lnet/minecraft/data/registries/VanillaRegistries;
[09:33:47] [main/DEBUG]: Skipping Lnet/minecraft/data/registries/RegistryPatchGenerator;
[09:33:47] [main/DEBUG]: Transforming class Lnet/minecraft/data/registries/RegistriesDatapackGenerator;
[09:33:47] [main/DEBUG]: Transforming net/minecraft/data/registries/RegistriesDatapackGenerator METHOD m_6055_()Ljava/lang/String; to access PUBLIC and REMOVEFINAL
[09:33:47] [main/DEBUG]: Skipping Lnet/minecraft/data/recipes/packs/package-info;
[09:33:47] [main/DEBUG]: Transforming class Lnet/minecraft/data/recipes/packs/VanillaRecipeProvider;
[09:33:47] [main/DEBUG]: Transforming net/minecraft/data/recipes/packs/VanillaRecipeProvider FIELD f_243671_ to access PUBLIC and LEAVE
[09:33:47] [main/DEBUG]: Transforming net/minecraft/data/recipes/packs/VanillaRecipeProvider FIELD f_243779_ to access PUBLIC and LEAVE
[09:33:47] [main/DEBUG]: Transforming net/minecraft/data/recipes/packs/VanillaRecipeProvider FIELD f_243908_ to access PUBLIC and LEAVE
[09:33:47] [main/DEBUG]: Transforming net/minecraft/data/recipes/packs/VanillaRecipeProvider FIELD f_244369_ to access PUBLIC and LEAVE
[09:33:47] [main/DEBUG]: Transforming net/minecraft/data/recipes/packs/VanillaRecipeProvider FIELD f_243974_ to access PUBLIC and LEAVE
[09:33:47] [main/DEBUG]: Transforming net/minecraft/data/recipes/packs/VanillaRecipeProvider FIELD f_244628_ to access PUBLIC and LEAVE
[09:33:47] [main/DEBUG]: Transforming net/minecraft/data/recipes/packs/VanillaRecipeProvider FIELD f_244565_ to access PUBLIC and LEAVE
[09:33:47] [main/DEBUG]: Transforming net/minecraft/data/recipes/packs/VanillaRecipeProvider FIELD f_244430_ to access PUBLIC and LEAVE
[09:33:47] [main/DEBUG]: Skipping Lnet/minecraft/data/recipes/packs/VanillaRecipeProvider$TrimTemplate;
[09:33:47] [main/DEBUG]: Skipping Lnet/minecraft/data/recipes/packs/BundleRecipeProvider;
[09:33:47] [main/DEBUG]: Skipping Lnet/minecraft/data/recipes/package-info;
[09:33:47] [main/DEBUG]: Skipping Lnet/minecraft/data/recipes/SpecialRecipeBuilder;
[09:33:47] [main/DEBUG]: Skipping Lnet/minecraft/data/recipes/SmithingTrimRecipeBuilder;
[09:33:47] [main/DEBUG]: Skipping Lnet/minecraft/data/recipes/SmithingTransformRecipeBuilder;
[09:33:47] [main/DEBUG]: Skipping Lnet/minecraft/data/recipes/SingleItemRecipeBuilder;
[09:33:47] [main/DEBUG]: Skipping Lnet/minecraft/data/recipes/SimpleCookingRecipeBuilder;
[09:33:47] [main/DEBUG]: Skipping Lnet/minecraft/data/recipes/ShapelessRecipeBuilder;
[09:33:47] [main/DEBUG]: Skipping Lnet/minecraft/data/recipes/ShapedRecipeBuilder;
[09:33:47] [main/DEBUG]: Skipping Lnet/minecraft/data/recipes/RecipeCategory;
[09:33:47] [main/DEBUG]: Skipping Lnet/minecraft/data/recipes/RecipeBuilder;
[09:33:47] [main/DEBUG]: Skipping Lnet/minecraft/data/recipes/RecipeBuilder$1;
[09:33:47] [main/DEBUG]: Transforming class Lnet/minecraft/data/recipes/RecipeProvider;
[09:33:47] [main/DEBUG]: Transforming net/minecraft/data/recipes/RecipeProvider FIELD f_236355_ to access PROTECTED and LEAVE
[09:33:47] [main/DEBUG]: Transforming net/minecraft/data/recipes/RecipeProvider FIELD f_236356_ to access PROTECTED and LEAVE
[09:33:47] [main/DEBUG]: Transforming net/minecraft/data/recipes/RecipeProvider METHOD m_176658_(Lnet/minecraft/world/level/ItemLike;Lnet/minecraft/world/item/crafting/Ingredient;)Lnet/minecraft/data/recipes/RecipeBuilder; to access PROTECTED and LEAVE
[09:33:47] [main/DEBUG]: Transforming net/minecraft/data/recipes/RecipeProvider METHOD m_176678_(Lnet/minecraft/world/level/ItemLike;Lnet/minecraft/world/item/crafting/Ingredient;)Lnet/minecraft/data/recipes/RecipeBuilder; to access PROTECTED and LEAVE
[09:33:47] [main/DEBUG]: Transforming net/minecraft/data/recipes/RecipeProvider METHOD m_176684_(Lnet/minecraft/world/level/ItemLike;Lnet/minecraft/world/item/crafting/Ingredient;)Lnet/minecraft/data/recipes/RecipeBuilder; to access PROTECTED and LEAVE
[09:33:47] [main/DEBUG]: Transforming net/minecraft/data/recipes/RecipeProvider METHOD m_247347_(Lnet/minecraft/data/recipes/RecipeCategory;Lnet/minecraft/world/level/ItemLike;Lnet/minecraft/world/item/crafting/Ingredient;)Lnet/minecraft/data/recipes/RecipeBuilder; to access PROTECTED and LEAVE
[09:33:47] [main/DEBUG]: Transforming net/minecraft/data/recipes/RecipeProvider METHOD m_176720_(Lnet/minecraft/world/level/ItemLike;Lnet/minecraft/world/item/crafting/Ingredient;)Lnet/minecraft/data/recipes/RecipeBuilder; to access PROTECTED and LEAVE
[09:33:47] [main/DEBUG]: Transforming net/minecraft/data/recipes/RecipeProvider METHOD m_176726_(Lnet/minecraft/world/level/ItemLike;Lnet/minecraft/world/item/crafting/Ingredient;)Lnet/minecraft/data/recipes/RecipeBuilder; to access PROTECTED and LEAVE
[09:33:47] [main/DEBUG]: Transforming net/minecraft/data/recipes/RecipeProvider METHOD m_245864_(Lnet/minecraft/data/recipes/RecipeCategory;Lnet/minecraft/world/level/ItemLike;Lnet/minecraft/world/item/crafting/Ingredient;)Lnet/minecraft/data/recipes/RecipeBuilder; to access PROTECTED and LEAVE
[09:33:47] [main/DEBUG]: Transforming net/minecraft/data/recipes/RecipeProvider METHOD m_247174_(Lnet/minecraft/data/recipes/RecipeCategory;Lnet/minecraft/world/level/ItemLike;Lnet/minecraft/world/item/crafting/Ingredient;)Lnet/minecraft/data/recipes/RecipeBuilder; to access PROTECTED and LEAVE
[09:33:47] [main/DEBUG]: Transforming net/minecraft/data/recipes/RecipeProvider METHOD m_245792_(Lnet/minecraft/data/recipes/RecipeCategory;Lnet/minecraft/world/level/ItemLike;Lnet/minecraft/world/item/crafting/Ingredient;)Lnet/minecraft/data/recipes/ShapedRecipeBuilder; to access PROTECTED and LEAVE
[09:33:47] [main/DEBUG]: Transforming net/minecraft/data/recipes/RecipeProvider METHOD m_176523_(Lnet/minecraft/data/BlockFamily;Lnet/minecraft/data/BlockFamily$Variant;)Lnet/minecraft/world/level/block/Block; to access PROTECTED and LEAVE
[09:33:47] [main/DEBUG]: Skipping Lnet/minecraft/data/recipes/RecipeProvider$1;
[09:33:47] [main/DEBUG]: Skipping Lnet/minecraft/data/recipes/RecipeOutput;
[09:33:47] [main/DEBUG]: Skipping Lnet/minecraft/data/package-info;
[09:33:47] [main/DEBUG]: Skipping Lnet/minecraft/data/models/package-info;
[09:33:47] [main/DEBUG]: Skipping Lnet/minecraft/data/models/model/package-info;
[09:33:47] [main/DEBUG]: Skipping Lnet/minecraft/data/models/model/TexturedModel;
[09:33:47] [main/DEBUG]: Skipping Lnet/minecraft/data/models/model/TexturedModel$Provider;
[09:33:47] [main/DEBUG]: Skipping Lnet/minecraft/data/models/model/TextureSlot;
[09:33:47] [main/DEBUG]: Skipping Lnet/minecraft/data/models/model/TextureMapping;
[09:33:47] [main/DEBUG]: Skipping Lnet/minecraft/data/models/model/ModelTemplates;
[09:33:47] [main/DEBUG]: Skipping Lnet/minecraft/data/models/model/ModelTemplate;
[09:33:47] [main/DEBUG]: Skipping Lnet/minecraft/data/models/model/ModelTemplate$JsonFactory;
[09:33:47] [main/DEBUG]: Skipping Lnet/minecraft/data/models/model/ModelLocationUtils;
[09:33:47] [main/DEBUG]: Skipping Lnet/minecraft/data/models/model/DelegatedModel;
[09:33:47] [main/DEBUG]: Skipping Lnet/minecraft/data/models/blockstates/package-info;
[09:33:47] [main/DEBUG]: Skipping Lnet/minecraft/data/models/blockstates/VariantProperty;
[09:33:47] [main/DEBUG]: Skipping Lnet/minecraft/data/models/blockstates/VariantProperty$Value;
[09:33:47] [main/DEBUG]: Skipping Lnet/minecraft/data/models/blockstates/VariantProperties;
[09:33:47] [main/DEBUG]: Skipping Lnet/minecraft/data/models/blockstates/VariantProperties$Rotation;
[09:33:47] [main/DEBUG]: Skipping Lnet/minecraft/data/models/blockstates/Variant;
[09:33:47] [main/DEBUG]: Skipping Lnet/minecraft/data/models/blockstates/Selector;
[09:33:47] [main/DEBUG]: Skipping Lnet/minecraft/data/models/blockstates/PropertyDispatch;
[09:33:47] [main/DEBUG]: Skipping Lnet/minecraft/data/models/blockstates/PropertyDispatch$TriFunction;
[09:33:47] [main/DEBUG]: Skipping Lnet/minecraft/data/models/blockstates/PropertyDispatch$QuadFunction;
[09:33:47] [main/DEBUG]: Skipping Lnet/minecraft/data/models/blockstates/PropertyDispatch$PentaFunction;
[09:33:47] [main/DEBUG]: Skipping Lnet/minecraft/data/models/blockstates/PropertyDispatch$C5;
[09:33:47] [main/DEBUG]: Skipping Lnet/minecraft/data/models/blockstates/PropertyDispatch$C4;
[09:33:47] [main/DEBUG]: Skipping Lnet/minecraft/data/models/blockstates/PropertyDispatch$C3;
[09:33:47] [main/DEBUG]: Skipping Lnet/minecraft/data/models/blockstates/PropertyDispatch$C2;
[09:33:47] [main/DEBUG]: Skipping Lnet/minecraft/data/models/blockstates/PropertyDispatch$C1;
[09:33:47] [main/DEBUG]: Skipping Lnet/minecraft/data/models/blockstates/MultiVariantGenerator;
[09:33:47] [main/DEBUG]: Skipping Lnet/minecraft/data/models/blockstates/MultiPartGenerator;
[09:33:47] [main/DEBUG]: Skipping Lnet/minecraft/data/models/blockstates/MultiPartGenerator$Entry;
[09:33:47] [main/DEBUG]: Skipping Lnet/minecraft/data/models/blockstates/MultiPartGenerator$ConditionalEntry;
[09:33:47] [main/DEBUG]: Skipping Lnet/minecraft/data/models/blockstates/Condition;
[09:33:47] [main/DEBUG]: Skipping Lnet/minecraft/data/models/blockstates/Condition$TerminalCondition;
[09:33:47] [main/DEBUG]: Skipping Lnet/minecraft/data/models/blockstates/Condition$Operation;
[09:33:47] [main/DEBUG]: Skipping Lnet/minecraft/data/models/blockstates/Condition$CompositeCondition;
[09:33:47] [main/DEBUG]: Skipping Lnet/minecraft/data/models/blockstates/BlockStateGenerator;
[09:33:47] [main/DEBUG]: Skipping Lnet/minecraft/data/models/ModelProvider;
[09:33:47] [main/DEBUG]: Skipping Lnet/minecraft/data/models/ItemModelGenerators;
[09:33:47] [main/DEBUG]: Skipping Lnet/minecraft/data/models/ItemModelGenerators$TrimModelData;
[09:33:47] [main/DEBUG]: Skipping Lnet/minecraft/data/models/BlockModelGenerators;
[09:33:47] [main/DEBUG]: Skipping Lnet/minecraft/data/models/BlockModelGenerators$WoodProvider;
[09:33:47] [main/DEBUG]: Skipping Lnet/minecraft/data/models/BlockModelGenerators$TintState;
[09:33:47] [main/DEBUG]: Skipping Lnet/minecraft/data/models/BlockModelGenerators$BookSlotModelCacheKey;
[09:33:47] [main/DEBUG]: Skipping Lnet/minecraft/data/models/BlockModelGenerators$BlockStateGeneratorSupplier;
[09:33:47] [main/DEBUG]: Skipping Lnet/minecraft/data/models/BlockModelGenerators$BlockFamilyProvider;
[09:33:47] [main/DEBUG]: Skipping Lnet/minecraft/data/models/BlockModelGenerators$BlockEntityModelGenerator;
[09:33:47] [main/DEBUG]: Skipping Lnet/minecraft/data/models/BlockModelGenerators$1;
[09:33:47] [main/DEBUG]: Skipping Lnet/minecraft/data/metadata/package-info;
[09:33:47] [main/DEBUG]: Skipping Lnet/minecraft/data/metadata/PackMetadataGenerator;
[09:33:47] [main/DEBUG]: Skipping Lnet/minecraft/data/loot/packs/package-info;
[09:33:47] [main/DEBUG]: Skipping Lnet/minecraft/data/loot/packs/VanillaShearingLoot;
[09:33:47] [main/DEBUG]: Skipping Lnet/minecraft/data/loot/packs/VanillaPiglinBarterLoot;
[09:33:47] [main/DEBUG]: Skipping Lnet/minecraft/data/loot/packs/VanillaLootTableProvider;
[09:33:47] [main/DEBUG]: Skipping Lnet/minecraft/data/loot/packs/VanillaGiftLoot;
[09:33:47] [main/DEBUG]: Skipping Lnet/minecraft/data/loot/packs/VanillaFishingLoot;
[09:33:47] [main/DEBUG]: Skipping Lnet/minecraft/data/loot/packs/VanillaEquipmentLoot;
[09:33:47] [main/DEBUG]: Skipping Lnet/minecraft/data/loot/packs/VanillaEntityLoot;
[09:33:47] [main/DEBUG]: Skipping Lnet/minecraft/data/loot/packs/VanillaChestLoot;
[09:33:47] [main/DEBUG]: Skipping Lnet/minecraft/data/loot/packs/VanillaBlockLoot;
[09:33:47] [main/DEBUG]: Skipping Lnet/minecraft/data/loot/packs/VanillaArchaeologyLoot;
[09:33:47] [main/DEBUG]: Skipping Lnet/minecraft/data/loot/packs/TradeRebalanceLootTableProvider;
[09:33:47] [main/DEBUG]: Skipping Lnet/minecraft/data/loot/packs/TradeRebalanceChestLoot;
[09:33:47] [main/DEBUG]: Skipping Lnet/minecraft/data/loot/package-info;
[09:33:47] [main/DEBUG]: Skipping Lnet/minecraft/data/loot/LootTableSubProvider;
[09:33:47] [main/DEBUG]: Skipping Lnet/minecraft/data/loot/LootTableProvider;
[09:33:47] [main/DEBUG]: Skipping Lnet/minecraft/data/loot/LootTableProvider$SubProviderEntry;
[09:33:47] [main/DEBUG]: Transforming class Lnet/minecraft/data/loot/EntityLootSubProvider;
[09:33:47] [main/DEBUG]: Transforming net/minecraft/data/loot/EntityLootSubProvider METHOD m_245552_(Lnet/minecraft/world/entity/EntityType;)Z to access PROTECTED and LEAVE
[09:33:47] [main/DEBUG]: Transforming class Lnet/minecraft/data/loot/BlockLootSubProvider;
[09:33:47] [main/DEBUG]: Transforming net/minecraft/data/loot/BlockLootSubProvider METHOD m_246900_(Lnet/minecraft/world/level/block/Block;Lnet/minecraft/world/level/storage/loot/predicates/LootItemCondition$Builder;Lnet/minecraft/world/level/storage/loot/entries/LootPoolEntryContainer$Builder;)Lnet/minecraft/world/level/storage/loot/LootTable$Builder; to access PROTECTED and LEAVE
[09:33:47] [main/DEBUG]: Transforming net/minecraft/data/loot/BlockLootSubProvider METHOD m_245335_(Lnet/minecraft/world/level/ItemLike;)Lnet/minecraft/world/level/storage/loot/LootTable$Builder; to access PROTECTED and LEAVE
[09:33:47] [main/DEBUG]: Transforming net/minecraft/data/loot/BlockLootSubProvider METHOD m_245602_(Lnet/minecraft/world/level/ItemLike;)Lnet/minecraft/world/level/storage/loot/LootTable$Builder; to access PROTECTED and LEAVE
[09:33:47] [main/DEBUG]: Skipping Lnet/minecraft/data/info/package-info;
[09:33:47] [main/DEBUG]: Skipping Lnet/minecraft/data/info/RegistryDumpReport;
[09:33:47] [main/DEBUG]: Skipping Lnet/minecraft/data/info/PacketReport;
[09:33:47] [main/DEBUG]: Skipping Lnet/minecraft/data/info/ItemListReport;
[09:33:47] [main/DEBUG]: Skipping Lnet/minecraft/data/info/CommandsReport;
[09:33:47] [main/DEBUG]: Skipping Lnet/minecraft/data/info/BlockListReport;
[09:33:47] [main/DEBUG]: Skipping Lnet/minecraft/data/info/BiomeParametersDumpReport;
[09:33:47] [main/DEBUG]: Skipping Lnet/minecraft/data/advancements/packs/package-info;
[09:33:47] [main/DEBUG]: Skipping Lnet/minecraft/data/advancements/packs/VanillaTheEndAdvancements;
[09:33:47] [main/DEBUG]: Skipping Lnet/minecraft/data/advancements/packs/VanillaStoryAdvancements;
[09:33:47] [main/DEBUG]: Skipping Lnet/minecraft/data/advancements/packs/VanillaNetherAdvancements;
[09:33:47] [main/DEBUG]: Skipping Lnet/minecraft/data/advancements/packs/VanillaHusbandryAdvancements;
[09:33:47] [main/DEBUG]: Skipping Lnet/minecraft/data/advancements/packs/VanillaAdventureAdvancements;
[09:33:47] [main/DEBUG]: Skipping Lnet/minecraft/data/advancements/packs/VanillaAdvancementProvider;
[09:33:47] [main/DEBUG]: Skipping Lnet/minecraft/data/advancements/package-info;
[09:33:47] [main/DEBUG]: Skipping Lnet/minecraft/data/advancements/AdvancementSubProvider;
[09:33:47] [main/DEBUG]: Skipping Lnet/minecraft/data/advancements/AdvancementProvider;
[09:33:47] [main/DEBUG]: Skipping Lnet/minecraft/data/PackOutput;
[09:33:47] [main/DEBUG]: Skipping Lnet/minecraft/data/PackOutput$Target;
[09:33:47] [main/DEBUG]: Skipping Lnet/minecraft/data/PackOutput$PathProvider;
[09:33:47] [main/DEBUG]: Skipping Lnet/minecraft/data/DataProvider;
[09:33:47] [main/DEBUG]: Skipping Lnet/minecraft/data/DataProvider$Factory;
[09:33:47] [main/DEBUG]: Skipping Lnet/minecraft/data/CachedOutput;
[09:33:47] [main/DEBUG]: Skipping Lnet/minecraft/data/BlockFamily;
[09:33:47] [main/DEBUG]: Skipping Lnet/minecraft/data/BlockFamily$Variant;
[09:33:47] [main/DEBUG]: Skipping Lnet/minecraft/data/BlockFamily$Builder;
[09:33:47] [main/DEBUG]: Skipping Lnet/minecraft/data/BlockFamilies;
[09:33:47] [main/DEBUG]: Skipping Lnet/minecraft/data/Main;
[09:33:47] [main/DEBUG]: Skipping Lnet/minecraft/data/HashCache;
[09:33:47] [main/DEBUG]: Skipping Lnet/minecraft/data/HashCache$UpdateResult;
[09:33:47] [main/DEBUG]: Skipping Lnet/minecraft/data/HashCache$UpdateFunction;
[09:33:47] [main/DEBUG]: Skipping Lnet/minecraft/data/HashCache$ProviderCacheBuilder;
[09:33:47] [main/DEBUG]: Skipping Lnet/minecraft/data/HashCache$ProviderCache;
[09:33:47] [main/DEBUG]: Skipping Lnet/minecraft/data/HashCache$CacheUpdater;
[09:33:47] [main/DEBUG]: Skipping Lnet/minecraft/data/HashCache$1;
[09:33:47] [main/DEBUG]: Skipping Lnet/minecraft/data/DataGenerator;
[09:33:47] [main/DEBUG]: Skipping Lnet/minecraft/data/DataGenerator$PackGenerator;
[09:33:47] [main/DEBUG]: Skipping Lnet/minecraft/core/registries/package-info;
[09:33:47] [main/DEBUG]: Skipping Lnet/minecraft/core/registries/Registries;
[09:33:47] [main/DEBUG]: Skipping Lnet/minecraft/core/registries/BuiltInRegistries;
[09:33:47] [main/DEBUG]: Skipping Lnet/minecraft/core/registries/BuiltInRegistries$RegistryBootstrap;
[09:33:47] [main/DEBUG]: Skipping Lnet/minecraft/core/particles/package-info;
[09:33:47] [main/DEBUG]: Skipping Lnet/minecraft/core/particles/VibrationParticleOption;
[09:33:47] [main/DEBUG]: Transforming class Lnet/minecraft/core/particles/SimpleParticleType;
[09:33:47] [main/DEBUG]: Transforming net/minecraft/core/particles/SimpleParticleType METHOD <init>(Z)V to access PUBLIC and LEAVE
[09:33:47] [main/DEBUG]: Skipping Lnet/minecraft/core/particles/ShriekParticleOption;
[09:33:47] [main/DEBUG]: Skipping Lnet/minecraft/core/particles/SculkChargeParticleOptions;
[09:33:47] [main/DEBUG]: Skipping Lnet/minecraft/core/particles/ScalableParticleOptionsBase;
[09:33:47] [main/DEBUG]: Skipping Lnet/minecraft/core/particles/ParticleTypes;
[09:33:47] [main/DEBUG]: Skipping Lnet/minecraft/core/particles/ParticleTypes$1;
[09:33:47] [main/DEBUG]: Skipping Lnet/minecraft/core/particles/ParticleType;
[09:33:47] [main/DEBUG]: Skipping Lnet/minecraft/core/particles/ParticleOptions;
[09:33:47] [main/DEBUG]: Skipping Lnet/minecraft/core/particles/ParticleGroup;
[09:33:47] [main/DEBUG]: Skipping Lnet/minecraft/core/particles/DustParticleOptions;
[09:33:47] [main/DEBUG]: Skipping Lnet/minecraft/core/particles/DustColorTransitionOptions;
[09:33:47] [main/DEBUG]: Skipping Lnet/minecraft/core/particles/ColorParticleOption;
[09:33:47] [main/DEBUG]: Skipping Lnet/minecraft/core/particles/ItemParticleOption;
[09:33:47] [main/DEBUG]: Skipping Lnet/minecraft/core/particles/BlockParticleOption;
[09:33:47] [main/DEBUG]: Skipping Lnet/minecraft/core/package-info;
[09:33:47] [main/DEBUG]: Skipping Lnet/minecraft/core/dispenser/package-info;
[09:33:47] [main/DEBUG]: Skipping Lnet/minecraft/core/dispenser/ShulkerBoxDispenseBehavior;
[09:33:47] [main/DEBUG]: Skipping Lnet/minecraft/core/dispenser/ShearsDispenseItemBehavior;
[09:33:47] [main/DEBUG]: Skipping Lnet/minecraft/core/dispenser/ProjectileDispenseBehavior;
[09:33:47] [main/DEBUG]: Skipping Lnet/minecraft/core/dispenser/OptionalDispenseItemBehavior;
[09:33:47] [main/DEBUG]: Skipping Lnet/minecraft/core/dispenser/DefaultDispenseItemBehavior;
[09:33:47] [main/DEBUG]: Skipping Lnet/minecraft/core/dispenser/BlockSource;
[09:33:47] [main/DEBUG]: Skipping Lnet/minecraft/core/dispenser/DispenseItemBehavior;
[09:33:47] [main/DEBUG]: Skipping Lnet/minecraft/core/dispenser/DispenseItemBehavior$9;
[09:33:47] [main/DEBUG]: Skipping Lnet/minecraft/core/dispenser/DispenseItemBehavior$8;
[09:33:47] [main/DEBUG]: Skipping Lnet/minecraft/core/dispenser/DispenseItemBehavior$7;
[09:33:47] [main/DEBUG]: Skipping Lnet/minecraft/core/dispenser/DispenseItemBehavior$6;
[09:33:47] [main/DEBUG]: Skipping Lnet/minecraft/core/dispenser/DispenseItemBehavior$5;
[09:33:47] [main/DEBUG]: Skipping Lnet/minecraft/core/dispenser/DispenseItemBehavior$4;
[09:33:47] [main/DEBUG]: Skipping Lnet/minecraft/core/dispenser/DispenseItemBehavior$3;
[09:33:47] [main/DEBUG]: Skipping Lnet/minecraft/core/dispenser/DispenseItemBehavior$2;
[09:33:47] [main/DEBUG]: Skipping Lnet/minecraft/core/dispenser/DispenseItemBehavior$18;
[09:33:47] [main/DEBUG]: Skipping Lnet/minecraft/core/dispenser/DispenseItemBehavior$17;
[09:33:47] [main/DEBUG]: Skipping Lnet/minecraft/core/dispenser/DispenseItemBehavior$16;
[09:33:47] [main/DEBUG]: Skipping Lnet/minecraft/core/dispenser/DispenseItemBehavior$15;
[09:33:47] [main/DEBUG]: Skipping Lnet/minecraft/core/dispenser/DispenseItemBehavior$14;
[09:33:47] [main/DEBUG]: Skipping Lnet/minecraft/core/dispenser/DispenseItemBehavior$13;
[09:33:47] [main/DEBUG]: Skipping Lnet/minecraft/core/dispenser/DispenseItemBehavior$12;
[09:33:47] [main/DEBUG]: Skipping Lnet/minecraft/core/dispenser/DispenseItemBehavior$11;
[09:33:47] [main/DEBUG]: Skipping Lnet/minecraft/core/dispenser/DispenseItemBehavior$10;
[09:33:47] [main/DEBUG]: Skipping Lnet/minecraft/core/dispenser/DispenseItemBehavior$1;
[09:33:47] [main/DEBUG]: Skipping Lnet/minecraft/core/dispenser/BoatDispenseItemBehavior;
[09:33:47] [main/DEBUG]: Skipping Lnet/minecraft/core/component/package-info;
[09:33:47] [main/DEBUG]: Skipping Lnet/minecraft/core/component/TypedDataComponent;
[09:33:47] [main/DEBUG]: Skipping Lnet/minecraft/core/component/TypedDataComponent$1;
[09:33:47] [main/DEBUG]: Skipping Lnet/minecraft/core/component/PatchedDataComponentMap;
[09:33:47] [main/DEBUG]: Skipping Lnet/minecraft/core/component/DataComponents;
[09:33:47] [main/DEBUG]: Skipping Lnet/minecraft/core/component/DataComponentType;
[09:33:47] [main/DEBUG]: Skipping Lnet/minecraft/core/component/DataComponentType$Builder;
[09:33:47] [main/DEBUG]: Skipping Lnet/minecraft/core/component/DataComponentType$Builder$SimpleType;
[09:33:47] [main/DEBUG]: Skipping Lnet/minecraft/core/component/DataComponentPredicate;
[09:33:47] [main/DEBUG]: Skipping Lnet/minecraft/core/component/DataComponentPredicate$Builder;
[09:33:47] [main/DEBUG]: Skipping Lnet/minecraft/core/component/DataComponentPatch;
[09:33:47] [main/DEBUG]: Skipping Lnet/minecraft/core/component/DataComponentPatch$SplitResult;
[09:33:47] [main/DEBUG]: Skipping Lnet/minecraft/core/component/DataComponentPatch$PatchKey;
[09:33:47] [main/DEBUG]: Skipping Lnet/minecraft/core/component/DataComponentPatch$Builder;
[09:33:47] [main/DEBUG]: Skipping Lnet/minecraft/core/component/DataComponentPatch$1;
[09:33:47] [main/DEBUG]: Skipping Lnet/minecraft/core/component/DataComponentMap;
[09:33:47] [main/DEBUG]: Skipping Lnet/minecraft/core/component/DataComponentMap$Builder;
[09:33:47] [main/DEBUG]: Skipping Lnet/minecraft/core/component/DataComponentMap$Builder$SimpleMap;
[09:33:47] [main/DEBUG]: Skipping Lnet/minecraft/core/component/DataComponentMap$3;
[09:33:47] [main/DEBUG]: Skipping Lnet/minecraft/core/component/DataComponentMap$2;
[09:33:47] [main/DEBUG]: Skipping Lnet/minecraft/core/component/DataComponentMap$1;
[09:33:47] [main/DEBUG]: Skipping Lnet/minecraft/core/component/DataComponentHolder;
[09:33:47] [main/DEBUG]: Skipping Lnet/minecraft/core/cauldron/package-info;
[09:33:47] [main/DEBUG]: Skipping Lnet/minecraft/core/cauldron/CauldronInteraction;
[09:33:47] [main/DEBUG]: Skipping Lnet/minecraft/core/cauldron/CauldronInteraction$InteractionMap;
[09:33:47] [main/DEBUG]: Skipping Lnet/minecraft/core/WritableRegistry;
[09:33:47] [main/DEBUG]: Skipping Lnet/minecraft/core/Vec3i;
[09:33:47] [main/DEBUG]: Skipping Lnet/minecraft/core/UUIDUtil;
[09:33:47] [main/DEBUG]: Skipping Lnet/minecraft/core/UUIDUtil$1;
[09:33:47] [main/DEBUG]: Skipping Lnet/minecraft/core/SectionPos;
[09:33:47] [main/DEBUG]: Skipping Lnet/minecraft/core/SectionPos$1;
[09:33:47] [main/DEBUG]: Skipping Lnet/minecraft/core/Rotations;
[09:33:47] [main/DEBUG]: Skipping Lnet/minecraft/core/Rotations$1;
[09:33:47] [main/DEBUG]: Skipping Lnet/minecraft/core/RegistryCodecs;
[09:33:47] [main/DEBUG]: Skipping Lnet/minecraft/core/RegistryAccess;
[09:33:47] [main/DEBUG]: Skipping Lnet/minecraft/core/RegistryAccess$RegistryEntry;
[09:33:47] [main/DEBUG]: Skipping Lnet/minecraft/core/RegistryAccess$ImmutableRegistryAccess;
[09:33:47] [main/DEBUG]: Skipping Lnet/minecraft/core/RegistryAccess$Frozen;
[09:33:47] [main/DEBUG]: Skipping Lnet/minecraft/core/RegistryAccess$1FrozenAccess;
[09:33:47] [main/DEBUG]: Skipping Lnet/minecraft/core/RegistryAccess$1;
[09:33:47] [main/DEBUG]: Skipping Lnet/minecraft/core/Registry;
[09:33:47] [main/DEBUG]: Skipping Lnet/minecraft/core/Registry$2;
[09:33:47] [main/DEBUG]: Skipping Lnet/minecraft/core/Registry$1;
[09:33:47] [main/DEBUG]: Skipping Lnet/minecraft/core/RegistrationInfo;
[09:33:47] [main/DEBUG]: Skipping Lnet/minecraft/core/QuartPos;
[09:33:47] [main/DEBUG]: Skipping Lnet/minecraft/core/Position;
[09:33:47] [main/DEBUG]: Skipping Lnet/minecraft/core/NonNullList;
[09:33:47] [main/DEBUG]: Skipping Lnet/minecraft/core/LayeredRegistryAccess;
[09:33:47] [main/DEBUG]: Transforming class Lnet/minecraft/core/IdMapper;
[09:33:47] [main/DEBUG]: Transforming net/minecraft/core/IdMapper FIELD f_122653_ to access PROTECTED and LEAVE
[09:33:47] [main/DEBUG]: Transforming net/minecraft/core/IdMapper FIELD f_122654_ to access PROTECTED and LEAVE
[09:33:47] [main/DEBUG]: Transforming net/minecraft/core/IdMapper FIELD f_122655_ to access PROTECTED and LEAVE
[09:33:47] [main/DEBUG]: Skipping Lnet/minecraft/core/IdMap;
[09:33:47] [main/DEBUG]: Skipping Lnet/minecraft/core/HolderOwner;
[09:33:47] [main/DEBUG]: Skipping Lnet/minecraft/core/HolderLookup;
[09:33:47] [main/DEBUG]: Skipping Lnet/minecraft/core/HolderLookup$RegistryLookup;
[09:33:47] [main/DEBUG]: Skipping Lnet/minecraft/core/HolderLookup$RegistryLookup$Delegate;
[09:33:47] [main/DEBUG]: Skipping Lnet/minecraft/core/HolderLookup$RegistryLookup$1;
[09:33:47] [main/DEBUG]: Skipping Lnet/minecraft/core/HolderLookup$Provider;
[09:33:47] [main/DEBUG]: Skipping Lnet/minecraft/core/HolderLookup$Provider$2;
[09:33:47] [main/DEBUG]: Skipping Lnet/minecraft/core/HolderLookup$Provider$1;
[09:33:47] [main/DEBUG]: Skipping Lnet/minecraft/core/HolderGetter;
[09:33:47] [main/DEBUG]: Skipping Lnet/minecraft/core/HolderGetter$Provider;
[09:33:47] [main/DEBUG]: Skipping Lnet/minecraft/core/GlobalPos;
[09:33:47] [main/DEBUG]: Skipping Lnet/minecraft/core/FrontAndTop;
[09:33:47] [main/DEBUG]: Skipping Lnet/minecraft/core/Direction8;
[09:33:47] [main/DEBUG]: Skipping Lnet/minecraft/core/Direction;
[09:33:47] [main/DEBUG]: Skipping Lnet/minecraft/core/Direction$Plane;
[09:33:47] [main/DEBUG]: Skipping Lnet/minecraft/core/Direction$AxisDirection;
[09:33:47] [main/DEBUG]: Skipping Lnet/minecraft/core/Direction$Axis;
[09:33:47] [main/DEBUG]: Skipping Lnet/minecraft/core/Direction$Axis$3;
[09:33:47] [main/DEBUG]: Skipping Lnet/minecraft/core/Direction$Axis$2;
[09:33:47] [main/DEBUG]: Skipping Lnet/minecraft/core/Direction$Axis$1;
[09:33:47] [main/DEBUG]: Skipping Lnet/minecraft/core/DefaultedRegistry;
[09:33:47] [main/DEBUG]: Skipping Lnet/minecraft/core/Cursor3D;
[09:33:47] [main/DEBUG]: Skipping Lnet/minecraft/core/Cloner;
[09:33:47] [main/DEBUG]: Skipping Lnet/minecraft/core/Cloner$Factory;
[09:33:47] [main/DEBUG]: Skipping Lnet/minecraft/core/BlockPos;
[09:33:47] [main/DEBUG]: Skipping Lnet/minecraft/core/BlockPos$MutableBlockPos;
[09:33:47] [main/DEBUG]: Skipping Lnet/minecraft/core/BlockPos$6;
[09:33:47] [main/DEBUG]: Skipping Lnet/minecraft/core/BlockPos$5;
[09:33:47] [main/DEBUG]: Skipping Lnet/minecraft/core/BlockPos$4;
[09:33:47] [main/DEBUG]: Skipping Lnet/minecraft/core/BlockPos$3;
[09:33:47] [main/DEBUG]: Skipping Lnet/minecraft/core/BlockPos$2;
[09:33:47] [main/DEBUG]: Skipping Lnet/minecraft/core/BlockPos$1;
[09:33:47] [main/DEBUG]: Skipping Lnet/minecraft/core/BlockMath;
[09:33:47] [main/DEBUG]: Skipping Lnet/minecraft/core/BlockBox;
[09:33:47] [main/DEBUG]: Skipping Lnet/minecraft/core/BlockBox$1;
[09:33:47] [main/DEBUG]: Skipping Lnet/minecraft/core/AxisCycle;
[09:33:47] [main/DEBUG]: Skipping Lnet/minecraft/core/AxisCycle$3;
[09:33:47] [main/DEBUG]: Skipping Lnet/minecraft/core/AxisCycle$2;
[09:33:47] [main/DEBUG]: Skipping Lnet/minecraft/core/AxisCycle$1;
[09:33:47] [main/DEBUG]: Skipping Lnet/minecraft/core/RegistrySynchronization;
[09:33:47] [main/DEBUG]: Skipping Lnet/minecraft/core/RegistrySynchronization$PackedRegistryEntry;
[09:33:47] [main/DEBUG]: Skipping Lnet/minecraft/core/RegistrySetBuilder;
[09:33:47] [main/DEBUG]: Skipping Lnet/minecraft/core/RegistrySetBuilder$ValueAndHolder;
[09:33:47] [main/DEBUG]: Skipping Lnet/minecraft/core/RegistrySetBuilder$UniversalOwner;
[09:33:47] [main/DEBUG]: Skipping Lnet/minecraft/core/RegistrySetBuilder$UniversalLookup;
[09:33:47] [main/DEBUG]: Skipping Lnet/minecraft/core/RegistrySetBuilder$RegistryStub;
[09:33:47] [main/DEBUG]: Skipping Lnet/minecraft/core/RegistrySetBuilder$RegistryContents;
[09:33:47] [main/DEBUG]: Skipping Lnet/minecraft/core/RegistrySetBuilder$RegistryBootstrap;
[09:33:47] [main/DEBUG]: Skipping Lnet/minecraft/core/RegistrySetBuilder$RegisteredValue;
[09:33:47] [main/DEBUG]: Skipping Lnet/minecraft/core/RegistrySetBuilder$PatchedRegistries;
[09:33:47] [main/DEBUG]: Transforming class Lnet/minecraft/core/RegistrySetBuilder$LazyHolder;
[09:33:47] [main/DEBUG]: Transforming net/minecraft/core/RegistrySetBuilder$LazyHolder METHOD m_247654_(Ljava/lang/Object;)V to access PUBLIC and LEAVE
[09:33:47] [main/DEBUG]: Skipping Lnet/minecraft/core/RegistrySetBuilder$EmptyTagRegistryLookup;
[09:33:47] [main/DEBUG]: Skipping Lnet/minecraft/core/RegistrySetBuilder$EmptyTagLookupWrapper;
[09:33:47] [main/DEBUG]: Skipping Lnet/minecraft/core/RegistrySetBuilder$EmptyTagLookup;
[09:33:47] [main/DEBUG]: Skipping Lnet/minecraft/core/RegistrySetBuilder$BuildState;
[09:33:47] [main/DEBUG]: Skipping Lnet/minecraft/core/RegistrySetBuilder$BuildState$1;
[09:33:47] [main/DEBUG]: Skipping Lnet/minecraft/core/RegistrySetBuilder$3;
[09:33:47] [main/DEBUG]: Skipping Lnet/minecraft/core/RegistrySetBuilder$3$1;
[09:33:47] [main/DEBUG]: Skipping Lnet/minecraft/core/RegistrySetBuilder$2;
[09:33:47] [main/DEBUG]: Skipping Lnet/minecraft/core/RegistrySetBuilder$1Entry;
[09:33:47] [main/DEBUG]: Skipping Lnet/minecraft/core/RegistrySetBuilder$1;
[09:33:47] [main/DEBUG]: Transforming class Lnet/minecraft/core/MappedRegistry;
[09:33:47] [main/DEBUG]: Transforming net/minecraft/core/MappedRegistry FIELD f_244282_ to access PROTECTED and LEAVE
[09:33:47] [main/DEBUG]: Transforming net/minecraft/core/MappedRegistry METHOD m_245420_(Lnet/minecraft/resources/ResourceKey;)Lnet/minecraft/core/Holder$Reference; to access PROTECTED and LEAVE
[09:33:47] [main/DEBUG]: Skipping Lnet/minecraft/core/MappedRegistry$2;
[09:33:47] [main/DEBUG]: Skipping Lnet/minecraft/core/MappedRegistry$1;
[09:33:47] [main/DEBUG]: Skipping Lnet/minecraft/core/HolderSet;
[09:33:47] [main/DEBUG]: Transforming class Lnet/minecraft/core/HolderSet$Named;
[09:33:47] [main/DEBUG]: Transforming net/minecraft/core/HolderSet$Named METHOD <init>(Lnet/minecraft/core/HolderOwner;Lnet/minecraft/tags/TagKey;)V to access PUBLIC and LEAVE
[09:33:47] [main/DEBUG]: Transforming net/minecraft/core/HolderSet$Named METHOD m_205835_(Ljava/util/List;)V to access PUBLIC and LEAVE
[09:33:47] [main/DEBUG]: Skipping Lnet/minecraft/core/HolderSet$ListBacked;
[09:33:47] [main/DEBUG]: Skipping Lnet/minecraft/core/HolderSet$Direct;
[09:33:47] [main/DEBUG]: Skipping Lnet/minecraft/core/HolderSet$1;
[09:33:47] [main/DEBUG]: Skipping Lnet/minecraft/core/Holder;
[09:33:47] [main/DEBUG]: Transforming class Lnet/minecraft/core/Holder$Reference;
[09:33:47] [main/DEBUG]: Transforming net/minecraft/core/Holder$Reference INNERCLASS Type to access PUBLIC and LEAVE
[09:33:47] [main/DEBUG]: Transforming net/minecraft/core/Holder$Reference METHOD m_246870_(Lnet/minecraft/resources/ResourceKey;)V to access PUBLIC and LEAVE
[09:33:47] [main/DEBUG]: Transforming net/minecraft/core/Holder$Reference METHOD m_247654_(Ljava/lang/Object;)V to access PUBLIC and LEAVE
[09:33:47] [main/DEBUG]: Transforming net/minecraft/core/Holder$Reference METHOD m_205769_(Ljava/util/Collection;)V to access PUBLIC and LEAVE
[09:33:47] [main/DEBUG]: Transforming class Lnet/minecraft/core/Holder$Reference$Type;
[09:33:47] [main/DEBUG]: Transforming net/minecraft/core/Holder$Reference$Type CLASS to access PUBLIC and LEAVE
[09:33:47] [main/DEBUG]: Skipping Lnet/minecraft/core/Holder$Kind;
[09:33:47] [main/DEBUG]: Skipping Lnet/minecraft/core/Holder$Direct;
[09:33:47] [main/DEBUG]: Skipping Lnet/minecraft/core/DefaultedMappedRegistry;
[09:33:47] [main/DEBUG]: Skipping Lnet/minecraft/commands/synchronization/package-info;
[09:33:47] [main/DEBUG]: Skipping Lnet/minecraft/commands/synchronization/brigadier/package-info;
[09:33:47] [main/DEBUG]: Skipping Lnet/minecraft/commands/synchronization/brigadier/StringArgumentSerializer;
[09:33:47] [main/DEBUG]: Skipping Lnet/minecraft/commands/synchronization/brigadier/StringArgumentSerializer$Template;
[09:33:47] [main/DEBUG]: Skipping Lnet/minecraft/commands/synchronization/brigadier/StringArgumentSerializer$1;
[09:33:47] [main/DEBUG]: Skipping Lnet/minecraft/commands/synchronization/brigadier/LongArgumentInfo;
[09:33:47] [main/DEBUG]: Skipping Lnet/minecraft/commands/synchronization/brigadier/LongArgumentInfo$Template;
[09:33:47] [main/DEBUG]: Skipping Lnet/minecraft/commands/synchronization/brigadier/IntegerArgumentInfo;
[09:33:47] [main/DEBUG]: Skipping Lnet/minecraft/commands/synchronization/brigadier/IntegerArgumentInfo$Template;
[09:33:47] [main/DEBUG]: Skipping Lnet/minecraft/commands/synchronization/brigadier/FloatArgumentInfo;
[09:33:47] [main/DEBUG]: Skipping Lnet/minecraft/commands/synchronization/brigadier/FloatArgumentInfo$Template;
[09:33:47] [main/DEBUG]: Skipping Lnet/minecraft/commands/synchronization/brigadier/DoubleArgumentInfo;
[09:33:47] [main/DEBUG]: Skipping Lnet/minecraft/commands/synchronization/brigadier/DoubleArgumentInfo$Template;
[09:33:47] [main/DEBUG]: Skipping Lnet/minecraft/commands/synchronization/SuggestionProviders;
[09:33:47] [main/DEBUG]: Skipping Lnet/minecraft/commands/synchronization/SuggestionProviders$Wrapper;
[09:33:47] [main/DEBUG]: Skipping Lnet/minecraft/commands/synchronization/SingletonArgumentInfo;
[09:33:47] [main/DEBUG]: Skipping Lnet/minecraft/commands/synchronization/SingletonArgumentInfo$Template;
[09:33:47] [main/DEBUG]: Skipping Lnet/minecraft/commands/synchronization/ArgumentUtils;
[09:33:47] [main/DEBUG]: Skipping Lnet/minecraft/commands/synchronization/ArgumentTypeInfo;
[09:33:47] [main/DEBUG]: Skipping Lnet/minecraft/commands/synchronization/ArgumentTypeInfo$Template;
[09:33:47] [main/DEBUG]: Skipping Lnet/minecraft/commands/synchronization/ArgumentTypeInfos;
[09:33:47] [main/DEBUG]: Skipping Lnet/minecraft/commands/package-info;
[09:33:47] [main/DEBUG]: Skipping Lnet/minecraft/commands/functions/package-info;
[09:33:47] [main/DEBUG]: Skipping Lnet/minecraft/commands/functions/StringTemplate;
[09:33:47] [main/DEBUG]: Skipping Lnet/minecraft/commands/functions/PlainTextFunction;
[09:33:47] [main/DEBUG]: Skipping Lnet/minecraft/commands/functions/MacroFunction;
[09:33:47] [main/DEBUG]: Skipping Lnet/minecraft/commands/functions/MacroFunction$PlainTextEntry;
[09:33:47] [main/DEBUG]: Skipping Lnet/minecraft/commands/functions/MacroFunction$MacroEntry;
[09:33:47] [main/DEBUG]: Skipping Lnet/minecraft/commands/functions/MacroFunction$Entry;
[09:33:47] [main/DEBUG]: Skipping Lnet/minecraft/commands/functions/InstantiatedFunction;
[09:33:47] [main/DEBUG]: Skipping Lnet/minecraft/commands/functions/FunctionBuilder;
[09:33:47] [main/DEBUG]: Skipping Lnet/minecraft/commands/functions/CommandFunction;
[09:33:47] [main/DEBUG]: Skipping Lnet/minecraft/commands/execution/tasks/package-info;
[09:33:47] [main/DEBUG]: Skipping Lnet/minecraft/commands/execution/tasks/IsolatedCall;
[09:33:47] [main/DEBUG]: Skipping Lnet/minecraft/commands/execution/tasks/FallthroughTask;
[09:33:47] [main/DEBUG]: Skipping Lnet/minecraft/commands/execution/tasks/ExecuteCommand;
[09:33:47] [main/DEBUG]: Skipping Lnet/minecraft/commands/execution/tasks/ContinuationTask;
[09:33:47] [main/DEBUG]: Skipping Lnet/minecraft/commands/execution/tasks/ContinuationTask$TaskProvider;
[09:33:47] [main/DEBUG]: Skipping Lnet/minecraft/commands/execution/tasks/CallFunction;
[09:33:47] [main/DEBUG]: Skipping Lnet/minecraft/commands/execution/tasks/BuildContexts;
[09:33:47] [main/DEBUG]: Skipping Lnet/minecraft/commands/execution/tasks/BuildContexts$Unbound;
[09:33:47] [main/DEBUG]: Skipping Lnet/minecraft/commands/execution/tasks/BuildContexts$TopLevel;
[09:33:47] [main/DEBUG]: Skipping Lnet/minecraft/commands/execution/tasks/BuildContexts$Continuation;
[09:33:47] [main/DEBUG]: Skipping Lnet/minecraft/commands/execution/package-info;
[09:33:47] [main/DEBUG]: Skipping Lnet/minecraft/commands/execution/UnboundEntryAction;
[09:33:47] [main/DEBUG]: Skipping Lnet/minecraft/commands/execution/TraceCallbacks;
[09:33:47] [main/DEBUG]: Skipping Lnet/minecraft/commands/execution/Frame;
[09:33:47] [main/DEBUG]: Skipping Lnet/minecraft/commands/execution/Frame$FrameControl;
[09:33:47] [main/DEBUG]: Skipping Lnet/minecraft/commands/execution/ExecutionControl;
[09:33:47] [main/DEBUG]: Skipping Lnet/minecraft/commands/execution/ExecutionControl$1;
[09:33:47] [main/DEBUG]: Skipping Lnet/minecraft/commands/execution/ExecutionContext;
[09:33:47] [main/DEBUG]: Skipping Lnet/minecraft/commands/execution/EntryAction;
[09:33:47] [main/DEBUG]: Skipping Lnet/minecraft/commands/execution/CustomModifierExecutor;
[09:33:47] [main/DEBUG]: Skipping Lnet/minecraft/commands/execution/CustomModifierExecutor$ModifierAdapter;
[09:33:47] [main/DEBUG]: Skipping Lnet/minecraft/commands/execution/CustomCommandExecutor;
[09:33:47] [main/DEBUG]: Skipping Lnet/minecraft/commands/execution/CustomCommandExecutor$WithErrorHandling;
[09:33:47] [main/DEBUG]: Skipping Lnet/minecraft/commands/execution/CustomCommandExecutor$CommandAdapter;
[09:33:47] [main/DEBUG]: Skipping Lnet/minecraft/commands/execution/CommandQueueEntry;
[09:33:47] [main/DEBUG]: Skipping Lnet/minecraft/commands/execution/ChainModifiers;
[09:33:47] [main/DEBUG]: Skipping Lnet/minecraft/commands/arguments/selector/package-info;
[09:33:47] [main/DEBUG]: Skipping Lnet/minecraft/commands/arguments/selector/options/package-info;
[09:33:47] [main/DEBUG]: Transforming class Lnet/minecraft/commands/arguments/selector/options/EntitySelectorOptions;
[09:33:47] [main/DEBUG]: Transforming net/minecraft/commands/arguments/selector/options/EntitySelectorOptions METHOD m_121453_(Ljava/lang/String;Lnet/minecraft/commands/arguments/selector/options/EntitySelectorOptions$Modifier;Ljava/util/function/Predicate;Lnet/minecraft/network/chat/Component;)V to access PUBLIC and LEAVE
[09:33:47] [main/DEBUG]: Skipping Lnet/minecraft/commands/arguments/selector/options/EntitySelectorOptions$Option;
[09:33:47] [main/DEBUG]: Skipping Lnet/minecraft/commands/arguments/selector/options/EntitySelectorOptions$Modifier;
[09:33:47] [main/DEBUG]: Transforming class Lnet/minecraft/commands/arguments/selector/EntitySelectorParser;
[09:33:47] [main/DEBUG]: Transforming net/minecraft/commands/arguments/selector/EntitySelectorParser METHOD m_121229_()V to access PUBLIC and LEAVE
[09:33:47] [main/DEBUG]: Transforming net/minecraft/commands/arguments/selector/EntitySelectorParser METHOD m_121317_()V to access PUBLIC and LEAVE
[09:33:47] [main/DEBUG]: Skipping Lnet/minecraft/commands/arguments/selector/EntitySelector;
[09:33:47] [main/DEBUG]: Skipping Lnet/minecraft/commands/arguments/selector/EntitySelector$1;
[09:33:47] [main/DEBUG]: Skipping Lnet/minecraft/commands/arguments/package-info;
[09:33:47] [main/DEBUG]: Skipping Lnet/minecraft/commands/arguments/item/package-info;
[09:33:47] [main/DEBUG]: Skipping Lnet/minecraft/commands/arguments/item/ItemPredicateArgument;
[09:33:47] [main/DEBUG]: Skipping Lnet/minecraft/commands/arguments/item/ItemPredicateArgument$Result;
[09:33:47] [main/DEBUG]: Skipping Lnet/minecraft/commands/arguments/item/ItemPredicateArgument$PredicateWrapper;
[09:33:47] [main/DEBUG]: Skipping Lnet/minecraft/commands/arguments/item/ItemPredicateArgument$Context;
[09:33:47] [main/DEBUG]: Skipping Lnet/minecraft/commands/arguments/item/ItemPredicateArgument$ComponentWrapper;
[09:33:47] [main/DEBUG]: Skipping Lnet/minecraft/commands/arguments/item/ItemParser;
[09:33:47] [main/DEBUG]: Skipping Lnet/minecraft/commands/arguments/item/ItemParser$Visitor;
[09:33:47] [main/DEBUG]: Skipping Lnet/minecraft/commands/arguments/item/ItemParser$SuggestionsVisitor;
[09:33:47] [main/DEBUG]: Skipping Lnet/minecraft/commands/arguments/item/ItemParser$State;
[09:33:47] [main/DEBUG]: Skipping Lnet/minecraft/commands/arguments/item/ItemParser$ItemResult;
[09:33:47] [main/DEBUG]: Skipping Lnet/minecraft/commands/arguments/item/ItemParser$1;
[09:33:47] [main/DEBUG]: Skipping Lnet/minecraft/commands/arguments/item/ItemInput;
[09:33:47] [main/DEBUG]: Skipping Lnet/minecraft/commands/arguments/item/ItemArgument;
[09:33:47] [main/DEBUG]: Skipping Lnet/minecraft/commands/arguments/item/FunctionArgument;
[09:33:47] [main/DEBUG]: Skipping Lnet/minecraft/commands/arguments/item/FunctionArgument$Result;
[09:33:47] [main/DEBUG]: Skipping Lnet/minecraft/commands/arguments/item/FunctionArgument$2;
[09:33:47] [main/DEBUG]: Skipping Lnet/minecraft/commands/arguments/item/FunctionArgument$1;
[09:33:47] [main/DEBUG]: Skipping Lnet/minecraft/commands/arguments/item/ComponentPredicateParser;
[09:33:47] [main/DEBUG]: Skipping Lnet/minecraft/commands/arguments/item/ComponentPredicateParser$TagLookupRule;
[09:33:47] [main/DEBUG]: Skipping Lnet/minecraft/commands/arguments/item/ComponentPredicateParser$PredicateLookupRule;
[09:33:47] [main/DEBUG]: Skipping Lnet/minecraft/commands/arguments/item/ComponentPredicateParser$ElementLookupRule;
[09:33:47] [main/DEBUG]: Skipping Lnet/minecraft/commands/arguments/item/ComponentPredicateParser$Context;
[09:33:47] [main/DEBUG]: Skipping Lnet/minecraft/commands/arguments/item/ComponentPredicateParser$ComponentLookupRule;
[09:33:47] [main/DEBUG]: Skipping Lnet/minecraft/commands/arguments/coordinates/package-info;
[09:33:47] [main/DEBUG]: Skipping Lnet/minecraft/commands/arguments/coordinates/WorldCoordinates;
[09:33:47] [main/DEBUG]: Skipping Lnet/minecraft/commands/arguments/coordinates/WorldCoordinate;
[09:33:47] [main/DEBUG]: Skipping Lnet/minecraft/commands/arguments/coordinates/Vec3Argument;
[09:33:47] [main/DEBUG]: Skipping Lnet/minecraft/commands/arguments/coordinates/Vec2Argument;
[09:33:47] [main/DEBUG]: Skipping Lnet/minecraft/commands/arguments/coordinates/SwizzleArgument;
[09:33:47] [main/DEBUG]: Skipping Lnet/minecraft/commands/arguments/coordinates/RotationArgument;
[09:33:47] [main/DEBUG]: Skipping Lnet/minecraft/commands/arguments/coordinates/LocalCoordinates;
[09:33:47] [main/DEBUG]: Skipping Lnet/minecraft/commands/arguments/coordinates/Coordinates;
[09:33:47] [main/DEBUG]: Skipping Lnet/minecraft/commands/arguments/coordinates/ColumnPosArgument;
[09:33:47] [main/DEBUG]: Skipping Lnet/minecraft/commands/arguments/coordinates/BlockPosArgument;
[09:33:47] [main/DEBUG]: Skipping Lnet/minecraft/commands/arguments/blocks/package-info;
[09:33:47] [main/DEBUG]: Skipping Lnet/minecraft/commands/arguments/blocks/BlockStateParser;
[09:33:47] [main/DEBUG]: Skipping Lnet/minecraft/commands/arguments/blocks/BlockStateParser$TagResult;
[09:33:47] [main/DEBUG]: Skipping Lnet/minecraft/commands/arguments/blocks/BlockStateParser$BlockResult;
[09:33:47] [main/DEBUG]: Skipping Lnet/minecraft/commands/arguments/blocks/BlockStateArgument;
[09:33:47] [main/DEBUG]: Skipping Lnet/minecraft/commands/arguments/blocks/BlockPredicateArgument;
[09:33:47] [main/DEBUG]: Skipping Lnet/minecraft/commands/arguments/blocks/BlockPredicateArgument$TagPredicate;
[09:33:47] [main/DEBUG]: Skipping Lnet/minecraft/commands/arguments/blocks/BlockPredicateArgument$Result;
[09:33:47] [main/DEBUG]: Skipping Lnet/minecraft/commands/arguments/blocks/BlockPredicateArgument$BlockPredicate;
[09:33:47] [main/DEBUG]: Skipping Lnet/minecraft/commands/arguments/blocks/BlockInput;
[09:33:47] [main/DEBUG]: Skipping Lnet/minecraft/commands/arguments/UuidArgument;
[09:33:47] [main/DEBUG]: Skipping Lnet/minecraft/commands/arguments/TimeArgument;
[09:33:47] [main/DEBUG]: Skipping Lnet/minecraft/commands/arguments/TimeArgument$Info;
[09:33:47] [main/DEBUG]: Skipping Lnet/minecraft/commands/arguments/TimeArgument$Info$Template;
[09:33:47] [main/DEBUG]: Skipping Lnet/minecraft/commands/arguments/TemplateRotationArgument;
[09:33:47] [main/DEBUG]: Skipping Lnet/minecraft/commands/arguments/TemplateMirrorArgument;
[09:33:47] [main/DEBUG]: Skipping Lnet/minecraft/commands/arguments/StyleArgument;
[09:33:47] [main/DEBUG]: Skipping Lnet/minecraft/commands/arguments/StringRepresentableArgument;
[09:33:47] [main/DEBUG]: Skipping Lnet/minecraft/commands/arguments/SlotsArgument;
[09:33:47] [main/DEBUG]: Skipping Lnet/minecraft/commands/arguments/SlotArgument;
[09:33:47] [main/DEBUG]: Skipping Lnet/minecraft/commands/arguments/SignedArgument;
[09:33:47] [main/DEBUG]: Skipping Lnet/minecraft/commands/arguments/ScoreboardSlotArgument;
[09:33:47] [main/DEBUG]: Skipping Lnet/minecraft/commands/arguments/ScoreHolderArgument;
[09:33:47] [main/DEBUG]: Skipping Lnet/minecraft/commands/arguments/ScoreHolderArgument$SelectorResult;
[09:33:47] [main/DEBUG]: Skipping Lnet/minecraft/commands/arguments/ScoreHolderArgument$Result;
[09:33:47] [main/DEBUG]: Skipping Lnet/minecraft/commands/arguments/ScoreHolderArgument$Info;
[09:33:47] [main/DEBUG]: Skipping Lnet/minecraft/commands/arguments/ScoreHolderArgument$Info$Template;
[09:33:47] [main/DEBUG]: Skipping Lnet/minecraft/commands/arguments/ResourceOrTagKeyArgument;
[09:33:47] [main/DEBUG]: Skipping Lnet/minecraft/commands/arguments/ResourceOrTagKeyArgument$TagResult;
[09:33:47] [main/DEBUG]: Skipping Lnet/minecraft/commands/arguments/ResourceOrTagKeyArgument$Result;
[09:33:47] [main/DEBUG]: Skipping Lnet/minecraft/commands/arguments/ResourceOrTagKeyArgument$ResourceResult;
[09:33:47] [main/DEBUG]: Skipping Lnet/minecraft/commands/arguments/ResourceOrTagKeyArgument$Info;
[09:33:47] [main/DEBUG]: Skipping Lnet/minecraft/commands/arguments/ResourceOrTagKeyArgument$Info$Template;
[09:33:47] [main/DEBUG]: Skipping Lnet/minecraft/commands/arguments/ResourceOrTagArgument;
[09:33:47] [main/DEBUG]: Skipping Lnet/minecraft/commands/arguments/ResourceOrTagArgument$TagResult;
[09:33:47] [main/DEBUG]: Skipping Lnet/minecraft/commands/arguments/ResourceOrTagArgument$Result;
[09:33:47] [main/DEBUG]: Skipping Lnet/minecraft/commands/arguments/ResourceOrTagArgument$ResourceResult;
[09:33:47] [main/DEBUG]: Skipping Lnet/minecraft/commands/arguments/ResourceOrTagArgument$Info;
[09:33:47] [main/DEBUG]: Skipping Lnet/minecraft/commands/arguments/ResourceOrTagArgument$Info$Template;
[09:33:47] [main/DEBUG]: Skipping Lnet/minecraft/commands/arguments/ResourceOrIdArgument;
[09:33:47] [main/DEBUG]: Skipping Lnet/minecraft/commands/arguments/ResourceOrIdArgument$LootTableArgument;
[09:33:47] [main/DEBUG]: Skipping Lnet/minecraft/commands/arguments/ResourceOrIdArgument$LootPredicateArgument;
[09:33:47] [main/DEBUG]: Skipping Lnet/minecraft/commands/arguments/ResourceOrIdArgument$LootModifierArgument;
[09:33:47] [main/DEBUG]: Skipping Lnet/minecraft/commands/arguments/ResourceKeyArgument;
[09:33:47] [main/DEBUG]: Skipping Lnet/minecraft/commands/arguments/ResourceKeyArgument$Info;
[09:33:47] [main/DEBUG]: Skipping Lnet/minecraft/commands/arguments/ResourceKeyArgument$Info$Template;
[09:33:47] [main/DEBUG]: Skipping Lnet/minecraft/commands/arguments/ResourceArgument;
[09:33:47] [main/DEBUG]: Skipping Lnet/minecraft/commands/arguments/ResourceArgument$Info;
[09:33:47] [main/DEBUG]: Skipping Lnet/minecraft/commands/arguments/ResourceArgument$Info$Template;
[09:33:47] [main/DEBUG]: Skipping Lnet/minecraft/commands/arguments/RangeArgument;
[09:33:47] [main/DEBUG]: Skipping Lnet/minecraft/commands/arguments/RangeArgument$Ints;
[09:33:47] [main/DEBUG]: Skipping Lnet/minecraft/commands/arguments/RangeArgument$Floats;
[09:33:47] [main/DEBUG]: Skipping Lnet/minecraft/commands/arguments/ParticleArgument;
[09:33:47] [main/DEBUG]: Skipping Lnet/minecraft/commands/arguments/OperationArgument;
[09:33:47] [main/DEBUG]: Skipping Lnet/minecraft/commands/arguments/OperationArgument$SimpleOperation;
[09:33:47] [main/DEBUG]: Skipping Lnet/minecraft/commands/arguments/OperationArgument$Operation;
[09:33:47] [main/DEBUG]: Skipping Lnet/minecraft/commands/arguments/ObjectiveCriteriaArgument;
[09:33:47] [main/DEBUG]: Skipping Lnet/minecraft/commands/arguments/NbtTagArgument;
[09:33:47] [main/DEBUG]: Skipping Lnet/minecraft/commands/arguments/NbtPathArgument;
[09:33:47] [main/DEBUG]: Skipping Lnet/minecraft/commands/arguments/NbtPathArgument$Node;
[09:33:47] [main/DEBUG]: Skipping Lnet/minecraft/commands/arguments/NbtPathArgument$NbtPath;
[09:33:47] [main/DEBUG]: Skipping Lnet/minecraft/commands/arguments/NbtPathArgument$MatchRootObjectNode;
[09:33:47] [main/DEBUG]: Skipping Lnet/minecraft/commands/arguments/NbtPathArgument$MatchObjectNode;
[09:33:47] [main/DEBUG]: Skipping Lnet/minecraft/commands/arguments/NbtPathArgument$MatchElementNode;
[09:33:47] [main/DEBUG]: Skipping Lnet/minecraft/commands/arguments/NbtPathArgument$IndexedElementNode;
[09:33:47] [main/DEBUG]: Skipping Lnet/minecraft/commands/arguments/NbtPathArgument$CompoundChildNode;
[09:33:47] [main/DEBUG]: Skipping Lnet/minecraft/commands/arguments/NbtPathArgument$AllElementsNode;
[09:33:47] [main/DEBUG]: Skipping Lnet/minecraft/commands/arguments/HeightmapTypeArgument;
[09:33:47] [main/DEBUG]: Skipping Lnet/minecraft/commands/arguments/GameProfileArgument;
[09:33:47] [main/DEBUG]: Skipping Lnet/minecraft/commands/arguments/GameProfileArgument$SelectorResult;
[09:33:47] [main/DEBUG]: Skipping Lnet/minecraft/commands/arguments/GameProfileArgument$Result;
[09:33:47] [main/DEBUG]: Skipping Lnet/minecraft/commands/arguments/GameModeArgument;
[09:33:47] [main/DEBUG]: Skipping Lnet/minecraft/commands/arguments/EntityAnchorArgument;
[09:33:47] [main/DEBUG]: Skipping Lnet/minecraft/commands/arguments/EntityAnchorArgument$Anchor;
[09:33:47] [main/DEBUG]: Skipping Lnet/minecraft/commands/arguments/DimensionArgument;
[09:33:47] [main/DEBUG]: Skipping Lnet/minecraft/commands/arguments/CompoundTagArgument;
[09:33:47] [main/DEBUG]: Skipping Lnet/minecraft/commands/arguments/ComponentArgument;
[09:33:47] [main/DEBUG]: Skipping Lnet/minecraft/commands/arguments/ColorArgument;
[09:33:47] [main/DEBUG]: Skipping Lnet/minecraft/commands/arguments/ArgumentSignatures;
[09:33:47] [main/DEBUG]: Skipping Lnet/minecraft/commands/arguments/ArgumentSignatures$Signer;
[09:33:47] [main/DEBUG]: Skipping Lnet/minecraft/commands/arguments/ArgumentSignatures$Entry;
[09:33:47] [main/DEBUG]: Skipping Lnet/minecraft/commands/arguments/AngleArgument;
[09:33:47] [main/DEBUG]: Skipping Lnet/minecraft/commands/arguments/AngleArgument$SingleAngle;
[09:33:47] [main/DEBUG]: Skipping Lnet/minecraft/commands/arguments/TeamArgument;
[09:33:47] [main/DEBUG]: Skipping Lnet/minecraft/commands/arguments/ResourceLocationArgument;
[09:33:47] [main/DEBUG]: Skipping Lnet/minecraft/commands/arguments/ObjectiveArgument;
[09:33:47] [main/DEBUG]: Skipping Lnet/minecraft/commands/arguments/MessageArgument;
[09:33:47] [main/DEBUG]: Skipping Lnet/minecraft/commands/arguments/MessageArgument$Part;
[09:33:47] [main/DEBUG]: Skipping Lnet/minecraft/commands/arguments/MessageArgument$Message;
[09:33:47] [main/DEBUG]: Skipping Lnet/minecraft/commands/arguments/EntityArgument;
[09:33:47] [main/DEBUG]: Skipping Lnet/minecraft/commands/arguments/EntityArgument$Info;
[09:33:47] [main/DEBUG]: Skipping Lnet/minecraft/commands/arguments/EntityArgument$Info$Template;
[09:33:47] [main/DEBUG]: Skipping Lnet/minecraft/commands/SharedSuggestionProvider;
[09:33:47] [main/DEBUG]: Skipping Lnet/minecraft/commands/SharedSuggestionProvider$TextCoordinates;
[09:33:47] [main/DEBUG]: Skipping Lnet/minecraft/commands/SharedSuggestionProvider$ElementSuggestionType;
[09:33:47] [main/DEBUG]: Skipping Lnet/minecraft/commands/ParserUtils;
[09:33:47] [main/DEBUG]: Skipping Lnet/minecraft/commands/FunctionInstantiationException;
[09:33:47] [main/DEBUG]: Skipping Lnet/minecraft/commands/ExecutionCommandSource;
[09:33:47] [main/DEBUG]: Skipping Lnet/minecraft/commands/CommandSource;
[09:33:47] [main/DEBUG]: Skipping Lnet/minecraft/commands/CommandSource$1;
[09:33:47] [main/DEBUG]: Skipping Lnet/minecraft/commands/CommandSigningContext;
[09:33:47] [main/DEBUG]: Skipping Lnet/minecraft/commands/CommandSigningContext$SignedArguments;
[09:33:47] [main/DEBUG]: Skipping Lnet/minecraft/commands/CommandSigningContext$1;
[09:33:47] [main/DEBUG]: Skipping Lnet/minecraft/commands/CommandResultCallback;
[09:33:47] [main/DEBUG]: Skipping Lnet/minecraft/commands/CommandResultCallback$1;
[09:33:47] [main/DEBUG]: Skipping Lnet/minecraft/commands/CommandBuildContext;
[09:33:47] [main/DEBUG]: Skipping Lnet/minecraft/commands/CommandBuildContext$1;
[09:33:47] [main/DEBUG]: Skipping Lnet/minecraft/commands/CacheableFunction;
[09:33:47] [main/DEBUG]: Skipping Lnet/minecraft/commands/BrigadierExceptions;
[09:33:47] [main/DEBUG]: Skipping Lnet/minecraft/commands/Commands;
[09:33:47] [main/DEBUG]: Skipping Lnet/minecraft/commands/Commands$ParseFunction;
[09:33:47] [main/DEBUG]: Skipping Lnet/minecraft/commands/Commands$CommandSelection;
[09:33:47] [main/DEBUG]: Skipping Lnet/minecraft/commands/Commands$1;
[09:33:47] [main/DEBUG]: Skipping Lnet/minecraft/commands/Commands$1$1;
[09:33:47] [main/DEBUG]: Transforming class Lnet/minecraft/commands/CommandSourceStack;
[09:33:47] [main/DEBUG]: Transforming net/minecraft/commands/CommandSourceStack FIELD f_81288_ to access PUBLIC and LEAVE
[09:33:47] [main/DEBUG]: Skipping Lnet/minecraft/client/tutorial/package-info;
[09:33:47] [main/DEBUG]: Skipping Lnet/minecraft/client/tutorial/TutorialSteps;
[09:33:47] [main/DEBUG]: Skipping Lnet/minecraft/client/tutorial/TutorialStepInstance;
[09:33:47] [main/DEBUG]: Skipping Lnet/minecraft/client/tutorial/Tutorial;
[09:33:47] [main/DEBUG]: Skipping Lnet/minecraft/client/tutorial/Tutorial$TimedToast;
[09:33:47] [main/DEBUG]: Skipping Lnet/minecraft/client/tutorial/PunchTreeTutorialStepInstance;
[09:33:47] [main/DEBUG]: Skipping Lnet/minecraft/client/tutorial/OpenInventoryTutorialStep;
[09:33:47] [main/DEBUG]: Skipping Lnet/minecraft/client/tutorial/MovementTutorialStepInstance;
[09:33:47] [main/DEBUG]: Skipping Lnet/minecraft/client/tutorial/FindTreeTutorialStepInstance;
[09:33:47] [main/DEBUG]: Skipping Lnet/minecraft/client/tutorial/CraftPlanksTutorialStep;
[09:33:47] [main/DEBUG]: Skipping Lnet/minecraft/client/tutorial/CompletedTutorialStepInstance;
[09:33:47] [main/DEBUG]: Skipping Lnet/minecraft/client/tutorial/BundleTutorial;
[09:33:47] [main/DEBUG]: Skipping Lnet/minecraft/client/telemetry/package-info;
[09:33:47] [main/DEBUG]: Skipping Lnet/minecraft/client/telemetry/events/package-info;
[09:33:47] [main/DEBUG]: Skipping Lnet/minecraft/client/telemetry/events/WorldUnloadEvent;
[09:33:47] [main/DEBUG]: Skipping Lnet/minecraft/client/telemetry/events/WorldLoadTimesEvent;
[09:33:47] [main/DEBUG]: Skipping Lnet/minecraft/client/telemetry/events/WorldLoadEvent;
[09:33:47] [main/DEBUG]: Skipping Lnet/minecraft/client/telemetry/events/WorldLoadEvent$1;
[09:33:47] [main/DEBUG]: Skipping Lnet/minecraft/client/telemetry/events/PerformanceMetricsEvent;
[09:33:47] [main/DEBUG]: Skipping Lnet/minecraft/client/telemetry/events/GameLoadTimesEvent;
[09:33:47] [main/DEBUG]: Skipping Lnet/minecraft/client/telemetry/events/GameLoadTimesEvent$Measurement;
[09:33:47] [main/DEBUG]: Skipping Lnet/minecraft/client/telemetry/events/AggregatedTelemetryEvent;
[09:33:47] [main/DEBUG]: Skipping Lnet/minecraft/client/telemetry/WorldSessionTelemetryManager;
[09:33:47] [main/DEBUG]: Skipping Lnet/minecraft/client/telemetry/TelemetryPropertyMap;
[09:33:47] [main/DEBUG]: Skipping Lnet/minecraft/client/telemetry/TelemetryPropertyMap$Builder;
[09:33:47] [main/DEBUG]: Skipping Lnet/minecraft/client/telemetry/TelemetryPropertyMap$1;
[09:33:47] [main/DEBUG]: Skipping Lnet/minecraft/client/telemetry/TelemetryProperty;
[09:33:47] [main/DEBUG]: Skipping Lnet/minecraft/client/telemetry/TelemetryProperty$ServerType;
[09:33:47] [main/DEBUG]: Skipping Lnet/minecraft/client/telemetry/TelemetryProperty$GameMode;
[09:33:47] [main/DEBUG]: Skipping Lnet/minecraft/client/telemetry/TelemetryProperty$Exporter;
[09:33:47] [main/DEBUG]: Skipping Lnet/minecraft/client/telemetry/TelemetryLogManager;
[09:33:47] [main/DEBUG]: Skipping Lnet/minecraft/client/telemetry/TelemetryEventType;
[09:33:47] [main/DEBUG]: Skipping Lnet/minecraft/client/telemetry/TelemetryEventType$Builder;
[09:33:47] [main/DEBUG]: Skipping Lnet/minecraft/client/telemetry/TelemetryEventSender;
[09:33:47] [main/DEBUG]: Skipping Lnet/minecraft/client/telemetry/TelemetryEventLogger;
[09:33:47] [main/DEBUG]: Skipping Lnet/minecraft/client/telemetry/TelemetryEventLog;
[09:33:47] [main/DEBUG]: Skipping Lnet/minecraft/client/telemetry/TelemetryEventInstance;
[09:33:47] [main/DEBUG]: Skipping Lnet/minecraft/client/telemetry/ClientTelemetryManager;
[09:33:47] [main/DEBUG]: Skipping Lnet/minecraft/client/sounds/package-info;
[09:33:47] [main/DEBUG]: Skipping Lnet/minecraft/client/sounds/Weighted;
[09:33:47] [main/DEBUG]: Skipping Lnet/minecraft/client/sounds/WeighedSoundEvents;
[09:33:47] [main/DEBUG]: Skipping Lnet/minecraft/client/sounds/SoundManager;
[09:33:47] [main/DEBUG]: Skipping Lnet/minecraft/client/sounds/SoundManager$Preparations;
[09:33:47] [main/DEBUG]: Skipping Lnet/minecraft/client/sounds/SoundManager$Preparations$1;
[09:33:47] [main/DEBUG]: Skipping Lnet/minecraft/client/sounds/SoundManager$2;
[09:33:47] [main/DEBUG]: Skipping Lnet/minecraft/client/sounds/SoundManager$1;
[09:33:47] [main/DEBUG]: Skipping Lnet/minecraft/client/sounds/SoundEventListener;
[09:33:47] [main/DEBUG]: Skipping Lnet/minecraft/client/sounds/SoundEngineExecutor;
[09:33:47] [main/DEBUG]: Skipping Lnet/minecraft/client/sounds/SoundBufferLibrary;
[09:33:47] [main/DEBUG]: Skipping Lnet/minecraft/client/sounds/MusicManager;
[09:33:47] [main/DEBUG]: Skipping Lnet/minecraft/client/sounds/LoopingAudioStream;
[09:33:47] [main/DEBUG]: Skipping Lnet/minecraft/client/sounds/LoopingAudioStream$NoCloseBuffer;
[09:33:47] [main/DEBUG]: Skipping Lnet/minecraft/client/sounds/LoopingAudioStream$AudioStreamProvider;
[09:33:47] [main/DEBUG]: Skipping Lnet/minecraft/client/sounds/JOrbisAudioStream;
[09:33:47] [main/DEBUG]: Skipping Lnet/minecraft/client/sounds/FloatSampleSource;
[09:33:47] [main/DEBUG]: Skipping Lnet/minecraft/client/sounds/FiniteAudioStream;
[09:33:47] [main/DEBUG]: Skipping Lnet/minecraft/client/sounds/ChunkedSampleByteBuf;
[09:33:47] [main/DEBUG]: Skipping Lnet/minecraft/client/sounds/ChannelAccess;
[09:33:47] [main/DEBUG]: Skipping Lnet/minecraft/client/sounds/ChannelAccess$ChannelHandle;
[09:33:47] [main/DEBUG]: Skipping Lnet/minecraft/client/sounds/AudioStream;
[09:33:47] [main/DEBUG]: Transforming class Lnet/minecraft/client/sounds/SoundEngine;
[09:33:47] [main/DEBUG]: Transforming net/minecraft/client/sounds/SoundEngine FIELD f_120217_ to access PUBLIC and LEAVE
[09:33:47] [main/DEBUG]: Skipping Lnet/minecraft/client/sounds/SoundEngine$DeviceCheckState;
[09:33:47] [main/DEBUG]: Skipping Lnet/minecraft/client/server/package-info;
[09:33:47] [main/DEBUG]: Skipping Lnet/minecraft/client/server/LanServer;
[09:33:47] [main/DEBUG]: Skipping Lnet/minecraft/client/server/IntegratedPlayerList;
[09:33:47] [main/DEBUG]: Skipping Lnet/minecraft/client/server/LanServerPinger;
[09:33:47] [main/DEBUG]: Skipping Lnet/minecraft/client/server/LanServerDetection;
[09:33:47] [main/DEBUG]: Skipping Lnet/minecraft/client/server/LanServerDetection$LanServerList;
[09:33:47] [main/DEBUG]: Skipping Lnet/minecraft/client/server/LanServerDetection$LanServerDetector;
[09:33:47] [main/DEBUG]: Skipping Lnet/minecraft/client/server/IntegratedServer;
[09:33:47] [main/DEBUG]: Skipping Lnet/minecraft/client/searchtree/package-info;
[09:33:47] [main/DEBUG]: Skipping Lnet/minecraft/client/searchtree/SuffixArray;
[09:33:47] [main/DEBUG]: Skipping Lnet/minecraft/client/searchtree/SearchTree;
[09:33:47] [main/DEBUG]: Skipping Lnet/minecraft/client/searchtree/ResourceLocationSearchTree;
[09:33:47] [main/DEBUG]: Skipping Lnet/minecraft/client/searchtree/ResourceLocationSearchTree$2;
[09:33:47] [main/DEBUG]: Skipping Lnet/minecraft/client/searchtree/ResourceLocationSearchTree$1;
[09:33:47] [main/DEBUG]: Skipping Lnet/minecraft/client/searchtree/MergingUniqueIterator;
[09:33:47] [main/DEBUG]: Skipping Lnet/minecraft/client/searchtree/IntersectionIterator;
[09:33:47] [main/DEBUG]: Skipping Lnet/minecraft/client/searchtree/IdSearchTree;
[09:33:47] [main/DEBUG]: Skipping Lnet/minecraft/client/searchtree/FullTextSearchTree;
[09:33:47] [main/DEBUG]: Skipping Lnet/minecraft/client/resources/sounds/package-info;
[09:33:47] [main/DEBUG]: Skipping Lnet/minecraft/client/resources/sounds/UnderwaterAmbientSoundInstances;
[09:33:47] [main/DEBUG]: Skipping Lnet/minecraft/client/resources/sounds/UnderwaterAmbientSoundInstances$UnderwaterAmbientSoundInstance;
[09:33:47] [main/DEBUG]: Skipping Lnet/minecraft/client/resources/sounds/UnderwaterAmbientSoundInstances$SubSound;
[09:33:47] [main/DEBUG]: Skipping Lnet/minecraft/client/resources/sounds/UnderwaterAmbientSoundHandler;
[09:33:47] [main/DEBUG]: Skipping Lnet/minecraft/client/resources/sounds/TickableSoundInstance;
[09:33:47] [main/DEBUG]: Skipping Lnet/minecraft/client/resources/sounds/SoundEventRegistrationSerializer;
[09:33:47] [main/DEBUG]: Skipping Lnet/minecraft/client/resources/sounds/SoundEventRegistration;
[09:33:47] [main/DEBUG]: Skipping Lnet/minecraft/client/resources/sounds/Sound;
[09:33:47] [main/DEBUG]: Skipping Lnet/minecraft/client/resources/sounds/Sound$Type;
[09:33:47] [main/DEBUG]: Skipping Lnet/minecraft/client/resources/sounds/SnifferSoundInstance;
[09:33:47] [main/DEBUG]: Skipping Lnet/minecraft/client/resources/sounds/SimpleSoundInstance;
[09:33:47] [main/DEBUG]: Skipping Lnet/minecraft/client/resources/sounds/RidingMinecartSoundInstance;
[09:33:47] [main/DEBUG]: Skipping Lnet/minecraft/client/resources/sounds/MinecartSoundInstance;
[09:33:47] [main/DEBUG]: Skipping Lnet/minecraft/client/resources/sounds/GuardianAttackSoundInstance;
[09:33:47] [main/DEBUG]: Skipping Lnet/minecraft/client/resources/sounds/EntityBoundSoundInstance;
[09:33:47] [main/DEBUG]: Skipping Lnet/minecraft/client/resources/sounds/ElytraOnPlayerSoundInstance;
[09:33:47] [main/DEBUG]: Skipping Lnet/minecraft/client/resources/sounds/BubbleColumnAmbientSoundHandler;
[09:33:47] [main/DEBUG]: Skipping Lnet/minecraft/client/resources/sounds/BiomeAmbientSoundsHandler;
[09:33:47] [main/DEBUG]: Skipping Lnet/minecraft/client/resources/sounds/BiomeAmbientSoundsHandler$LoopSoundInstance;
[09:33:47] [main/DEBUG]: Skipping Lnet/minecraft/client/resources/sounds/BeeSoundInstance;
[09:33:47] [main/DEBUG]: Skipping Lnet/minecraft/client/resources/sounds/BeeFlyingSoundInstance;
[09:33:47] [main/DEBUG]: Skipping Lnet/minecraft/client/resources/sounds/BeeAggressiveSoundInstance;
[09:33:47] [main/DEBUG]: Skipping Lnet/minecraft/client/resources/sounds/AmbientSoundHandler;
[09:33:47] [main/DEBUG]: Skipping Lnet/minecraft/client/resources/sounds/AbstractTickableSoundInstance;
[09:33:47] [main/DEBUG]: Skipping Lnet/minecraft/client/resources/sounds/AbstractSoundInstance;
[09:33:47] [main/DEBUG]: Skipping Lnet/minecraft/client/resources/sounds/SoundInstance;
[09:33:47] [main/DEBUG]: Skipping Lnet/minecraft/client/resources/sounds/SoundInstance$Attenuation;
[09:33:47] [main/DEBUG]: Skipping Lnet/minecraft/client/resources/server/package-info;
[09:33:47] [main/DEBUG]: Skipping Lnet/minecraft/client/resources/server/ServerPackManager;
[09:33:47] [main/DEBUG]: Skipping Lnet/minecraft/client/resources/server/ServerPackManager$ServerPackData;
[09:33:47] [main/DEBUG]: Skipping Lnet/minecraft/client/resources/server/ServerPackManager$RemovalReason;
[09:33:47] [main/DEBUG]: Skipping Lnet/minecraft/client/resources/server/ServerPackManager$PackPromptStatus;
[09:33:47] [main/DEBUG]: Skipping Lnet/minecraft/client/resources/server/ServerPackManager$PackDownloadStatus;
[09:33:47] [main/DEBUG]: Skipping Lnet/minecraft/client/resources/server/ServerPackManager$ActivationStatus;
[09:33:47] [main/DEBUG]: Skipping Lnet/minecraft/client/resources/server/ServerPackManager$1;
[09:33:47] [main/DEBUG]: Skipping Lnet/minecraft/client/resources/server/PackReloadConfig;
[09:33:47] [main/DEBUG]: Skipping Lnet/minecraft/client/resources/server/PackReloadConfig$IdAndPath;
[09:33:47] [main/DEBUG]: Skipping Lnet/minecraft/client/resources/server/PackReloadConfig$Callbacks;
[09:33:47] [main/DEBUG]: Skipping Lnet/minecraft/client/resources/server/PackLoadFeedback;
[09:33:47] [main/DEBUG]: Skipping Lnet/minecraft/client/resources/server/PackLoadFeedback$Update;
[09:33:47] [main/DEBUG]: Skipping Lnet/minecraft/client/resources/server/PackLoadFeedback$FinalResult;
[09:33:47] [main/DEBUG]: Skipping Lnet/minecraft/client/resources/server/PackDownloader;
[09:33:47] [main/DEBUG]: Skipping Lnet/minecraft/client/resources/server/DownloadedPackSource;
[09:33:47] [main/DEBUG]: Skipping Lnet/minecraft/client/resources/server/DownloadedPackSource$8;
[09:33:47] [main/DEBUG]: Skipping Lnet/minecraft/client/resources/server/DownloadedPackSource$7;
[09:33:47] [main/DEBUG]: Skipping Lnet/minecraft/client/resources/server/DownloadedPackSource$6;
[09:33:47] [main/DEBUG]: Skipping Lnet/minecraft/client/resources/server/DownloadedPackSource$5;
[09:33:47] [main/DEBUG]: Skipping Lnet/minecraft/client/resources/server/DownloadedPackSource$4;
[09:33:47] [main/DEBUG]: Skipping Lnet/minecraft/client/resources/server/DownloadedPackSource$3;
[09:33:47] [main/DEBUG]: Skipping Lnet/minecraft/client/resources/server/DownloadedPackSource$2;
[09:33:47] [main/DEBUG]: Skipping Lnet/minecraft/client/resources/server/DownloadedPackSource$1;
[09:33:47] [main/DEBUG]: Skipping Lnet/minecraft/client/resources/package-info;
[09:33:47] [main/DEBUG]: Skipping Lnet/minecraft/client/resources/model/package-info;
[09:33:47] [main/DEBUG]: Skipping Lnet/minecraft/client/resources/model/UnbakedModel;
[09:33:47] [main/DEBUG]: Skipping Lnet/minecraft/client/resources/model/ModelState;
[09:33:47] [main/DEBUG]: Skipping Lnet/minecraft/client/resources/model/ModelResourceLocation;
[09:33:47] [main/DEBUG]: Skipping Lnet/minecraft/client/resources/model/Material;
[09:33:47] [main/DEBUG]: Skipping Lnet/minecraft/client/resources/model/BuiltInModel;
[09:33:47] [main/DEBUG]: Skipping Lnet/minecraft/client/resources/model/BlockStateModelLoader;
[09:33:47] [main/DEBUG]: Skipping Lnet/minecraft/client/resources/model/BlockStateModelLoader$ModelGroupKey;
[09:33:47] [main/DEBUG]: Skipping Lnet/minecraft/client/resources/model/BlockStateModelLoader$LoadedModel;
[09:33:47] [main/DEBUG]: Skipping Lnet/minecraft/client/resources/model/BlockStateModelLoader$LoadedJson;
[09:33:47] [main/DEBUG]: Skipping Lnet/minecraft/client/resources/model/BlockStateModelLoader$BlockStateDefinitionException;
[09:33:47] [main/DEBUG]: Skipping Lnet/minecraft/client/resources/model/BlockModelRotation;
[09:33:47] [main/DEBUG]: Skipping Lnet/minecraft/client/resources/model/AtlasSet;
[09:33:47] [main/DEBUG]: Skipping Lnet/minecraft/client/resources/model/AtlasSet$StitchResult;
[09:33:47] [main/DEBUG]: Skipping Lnet/minecraft/client/resources/model/AtlasSet$AtlasEntry;
[09:33:47] [main/DEBUG]: Skipping Lnet/minecraft/client/resources/model/WeightedBakedModel;
[09:33:47] [main/DEBUG]: Skipping Lnet/minecraft/client/resources/model/WeightedBakedModel$Builder;
[09:33:47] [main/DEBUG]: Skipping Lnet/minecraft/client/resources/model/SimpleBakedModel;
[09:33:47] [main/DEBUG]: Transforming class Lnet/minecraft/client/resources/model/SimpleBakedModel$Builder;
[09:33:47] [main/DEBUG]: Transforming net/minecraft/client/resources/model/SimpleBakedModel$Builder METHOD <init>(ZZZLnet/minecraft/client/renderer/block/model/ItemTransforms;Lnet/minecraft/client/renderer/block/model/ItemOverrides;)V to access PUBLIC and LEAVE
[09:33:47] [main/DEBUG]: Skipping Lnet/minecraft/client/resources/model/MultiPartBakedModel;
[09:33:47] [main/DEBUG]: Skipping Lnet/minecraft/client/resources/model/MultiPartBakedModel$Builder;
[09:33:47] [main/DEBUG]: Skipping Lnet/minecraft/client/resources/model/ModelManager;
[09:33:47] [main/DEBUG]: Skipping Lnet/minecraft/client/resources/model/ModelManager$ReloadState;
[09:33:47] [main/DEBUG]: Transforming class Lnet/minecraft/client/resources/model/ModelBakery;
[09:33:47] [main/DEBUG]: Transforming net/minecraft/client/resources/model/ModelBakery METHOD m_119364_(Lnet/minecraft/resources/ResourceLocation;)Lnet/minecraft/client/renderer/block/model/BlockModel; to access PROTECTED and LEAVE
[09:33:47] [main/DEBUG]: Skipping Lnet/minecraft/client/resources/model/ModelBakery$TextureGetter;
[09:33:47] [main/DEBUG]: Skipping Lnet/minecraft/client/resources/model/ModelBakery$ModelBakerImpl;
[09:33:47] [main/DEBUG]: Skipping Lnet/minecraft/client/resources/model/ModelBakery$BakedCacheKey;
[09:33:47] [main/DEBUG]: Skipping Lnet/minecraft/client/resources/model/ModelBaker;
[09:33:47] [main/DEBUG]: Skipping Lnet/minecraft/client/resources/model/BakedModel;
[09:33:47] [main/DEBUG]: Skipping Lnet/minecraft/client/resources/metadata/texture/package-info;
[09:33:47] [main/DEBUG]: Skipping Lnet/minecraft/client/resources/metadata/texture/TextureMetadataSectionSerializer;
[09:33:47] [main/DEBUG]: Skipping Lnet/minecraft/client/resources/metadata/texture/TextureMetadataSection;
[09:33:47] [main/DEBUG]: Skipping Lnet/minecraft/client/resources/metadata/package-info;
[09:33:47] [main/DEBUG]: Skipping Lnet/minecraft/client/resources/metadata/language/package-info;
[09:33:47] [main/DEBUG]: Skipping Lnet/minecraft/client/resources/metadata/language/LanguageMetadataSection;
[09:33:47] [main/DEBUG]: Skipping Lnet/minecraft/client/resources/metadata/gui/package-info;
[09:33:47] [main/DEBUG]: Skipping Lnet/minecraft/client/resources/metadata/gui/GuiSpriteScaling;
[09:33:47] [main/DEBUG]: Skipping Lnet/minecraft/client/resources/metadata/gui/GuiSpriteScaling$Type;
[09:33:47] [main/DEBUG]: Skipping Lnet/minecraft/client/resources/metadata/gui/GuiSpriteScaling$Tile;
[09:33:47] [main/DEBUG]: Skipping Lnet/minecraft/client/resources/metadata/gui/GuiSpriteScaling$Stretch;
[09:33:47] [main/DEBUG]: Skipping Lnet/minecraft/client/resources/metadata/gui/GuiSpriteScaling$NineSlice;
[09:33:47] [main/DEBUG]: Skipping Lnet/minecraft/client/resources/metadata/gui/GuiSpriteScaling$NineSlice$Border;
[09:33:47] [main/DEBUG]: Skipping Lnet/minecraft/client/resources/metadata/gui/GuiMetadataSection;
[09:33:47] [main/DEBUG]: Skipping Lnet/minecraft/client/resources/metadata/animation/package-info;
[09:33:47] [main/DEBUG]: Skipping Lnet/minecraft/client/resources/metadata/animation/VillagerMetadataSectionSerializer;
[09:33:47] [main/DEBUG]: Skipping Lnet/minecraft/client/resources/metadata/animation/VillagerMetaDataSection;
[09:33:47] [main/DEBUG]: Skipping Lnet/minecraft/client/resources/metadata/animation/VillagerMetaDataSection$Hat;
[09:33:47] [main/DEBUG]: Skipping Lnet/minecraft/client/resources/metadata/animation/FrameSize;
[09:33:47] [main/DEBUG]: Skipping Lnet/minecraft/client/resources/metadata/animation/AnimationMetadataSectionSerializer;
[09:33:47] [main/DEBUG]: Skipping Lnet/minecraft/client/resources/metadata/animation/AnimationMetadataSection;
[09:33:47] [main/DEBUG]: Skipping Lnet/minecraft/client/resources/metadata/animation/AnimationMetadataSection$FrameOutput;
[09:33:47] [main/DEBUG]: Skipping Lnet/minecraft/client/resources/metadata/animation/AnimationMetadataSection$1;
[09:33:47] [main/DEBUG]: Skipping Lnet/minecraft/client/resources/metadata/animation/AnimationFrame;
[09:33:47] [main/DEBUG]: Skipping Lnet/minecraft/client/resources/language/package-info;
[09:33:47] [main/DEBUG]: Skipping Lnet/minecraft/client/resources/language/LanguageInfo;
[09:33:47] [main/DEBUG]: Skipping Lnet/minecraft/client/resources/language/FormattedBidiReorder;
[09:33:47] [main/DEBUG]: Skipping Lnet/minecraft/client/resources/language/LanguageManager;
[09:33:47] [main/DEBUG]: Skipping Lnet/minecraft/client/resources/language/I18n;
[09:33:47] [main/DEBUG]: Skipping Lnet/minecraft/client/resources/language/ClientLanguage;
[09:33:47] [main/DEBUG]: Transforming class Lnet/minecraft/client/resources/TextureAtlasHolder;
[09:33:47] [main/DEBUG]: Transforming net/minecraft/client/resources/TextureAtlasHolder FIELD f_118884_ to access PROTECTED and LEAVE
[09:33:47] [main/DEBUG]: Skipping Lnet/minecraft/client/resources/SplashManager;
[09:33:47] [main/DEBUG]: Skipping Lnet/minecraft/client/resources/SkinManager;
[09:33:47] [main/DEBUG]: Skipping Lnet/minecraft/client/resources/SkinManager$TextureCache;
[09:33:47] [main/DEBUG]: Skipping Lnet/minecraft/client/resources/SkinManager$CacheKey;
[09:33:47] [main/DEBUG]: Skipping Lnet/minecraft/client/resources/SkinManager$2;
[09:33:47] [main/DEBUG]: Skipping Lnet/minecraft/client/resources/SkinManager$1;
[09:33:47] [main/DEBUG]: Skipping Lnet/minecraft/client/resources/PlayerSkin;
[09:33:47] [main/DEBUG]: Skipping Lnet/minecraft/client/resources/PlayerSkin$Model;
[09:33:47] [main/DEBUG]: Skipping Lnet/minecraft/client/resources/PaintingTextureManager;
[09:33:47] [main/DEBUG]: Skipping Lnet/minecraft/client/resources/MobEffectTextureManager;
[09:33:47] [main/DEBUG]: Skipping Lnet/minecraft/client/resources/MapDecorationTextureManager;
[09:33:47] [main/DEBUG]: Skipping Lnet/minecraft/client/resources/LegacyStuffWrapper;
[09:33:47] [main/DEBUG]: Skipping Lnet/minecraft/client/resources/IndexedAssetSource;
[09:33:47] [main/DEBUG]: Skipping Lnet/minecraft/client/resources/GrassColorReloadListener;
[09:33:47] [main/DEBUG]: Skipping Lnet/minecraft/client/resources/FoliageColorReloadListener;
[09:33:47] [main/DEBUG]: Skipping Lnet/minecraft/client/resources/DefaultPlayerSkin;
[09:33:47] [main/DEBUG]: Transforming class Lnet/minecraft/client/resources/ClientPackSource;
[09:33:47] [main/DEBUG]: Transforming net/minecraft/client/resources/ClientPackSource METHOD m_246691_(Ljava/nio/file/Path;)Lnet/minecraft/server/packs/VanillaPackResources; to access PUBLIC and LEAVE
[09:33:47] [main/DEBUG]: Skipping Lnet/minecraft/client/renderer/texture/package-info;
[09:33:47] [main/DEBUG]: Skipping Lnet/minecraft/client/renderer/texture/atlas/sources/package-info;
[09:33:47] [main/DEBUG]: Skipping Lnet/minecraft/client/renderer/texture/atlas/sources/Unstitcher;
[09:33:47] [main/DEBUG]: Skipping Lnet/minecraft/client/renderer/texture/atlas/sources/Unstitcher$RegionInstance;
[09:33:47] [main/DEBUG]: Skipping Lnet/minecraft/client/renderer/texture/atlas/sources/Unstitcher$Region;
[09:33:47] [main/DEBUG]: Skipping Lnet/minecraft/client/renderer/texture/atlas/sources/SourceFilter;
[09:33:47] [main/DEBUG]: Skipping Lnet/minecraft/client/renderer/texture/atlas/sources/SingleFile;
[09:33:47] [main/DEBUG]: Skipping Lnet/minecraft/client/renderer/texture/atlas/sources/PalettedPermutations;
[09:33:47] [main/DEBUG]: Skipping Lnet/minecraft/client/renderer/texture/atlas/sources/PalettedPermutations$PalettedSpriteSupplier;
[09:33:47] [main/DEBUG]: Skipping Lnet/minecraft/client/renderer/texture/atlas/sources/LazyLoadedImage;
[09:33:47] [main/DEBUG]: Skipping Lnet/minecraft/client/renderer/texture/atlas/sources/DirectoryLister;
[09:33:47] [main/DEBUG]: Skipping Lnet/minecraft/client/renderer/texture/atlas/package-info;
[09:33:47] [main/DEBUG]: Skipping Lnet/minecraft/client/renderer/texture/atlas/SpriteSources;
[09:33:47] [main/DEBUG]: Skipping Lnet/minecraft/client/renderer/texture/atlas/SpriteSourceType;
[09:33:47] [main/DEBUG]: Skipping Lnet/minecraft/client/renderer/texture/atlas/SpriteSourceList;
[09:33:47] [main/DEBUG]: Skipping Lnet/minecraft/client/renderer/texture/atlas/SpriteSourceList$1;
[09:33:47] [main/DEBUG]: Skipping Lnet/minecraft/client/renderer/texture/atlas/SpriteSource;
[09:33:47] [main/DEBUG]: Skipping Lnet/minecraft/client/renderer/texture/atlas/SpriteSource$SpriteSupplier;
[09:33:47] [main/DEBUG]: Skipping Lnet/minecraft/client/renderer/texture/atlas/SpriteSource$Output;
[09:33:47] [main/DEBUG]: Skipping Lnet/minecraft/client/renderer/texture/atlas/SpriteResourceLoader;
[09:33:47] [main/DEBUG]: Skipping Lnet/minecraft/client/renderer/texture/Tickable;
[09:33:47] [main/DEBUG]: Skipping Lnet/minecraft/client/renderer/texture/TextureManager;
[09:33:47] [main/DEBUG]: Skipping Lnet/minecraft/client/renderer/texture/StitcherException;
[09:33:47] [main/DEBUG]: Skipping Lnet/minecraft/client/renderer/texture/SpriteTicker;
[09:33:47] [main/DEBUG]: Skipping Lnet/minecraft/client/renderer/texture/SimpleTexture;
[09:33:47] [main/DEBUG]: Skipping Lnet/minecraft/client/renderer/texture/SimpleTexture$TextureImage;
[09:33:47] [main/DEBUG]: Skipping Lnet/minecraft/client/renderer/texture/PreloadedTexture;
[09:33:47] [main/DEBUG]: Skipping Lnet/minecraft/client/renderer/texture/OverlayTexture;
[09:33:47] [main/DEBUG]: Skipping Lnet/minecraft/client/renderer/texture/MissingTextureAtlasSprite;
[09:33:47] [main/DEBUG]: Skipping Lnet/minecraft/client/renderer/texture/HttpTexture;
[09:33:47] [main/DEBUG]: Skipping Lnet/minecraft/client/renderer/texture/DynamicTexture;
[09:33:47] [main/DEBUG]: Skipping Lnet/minecraft/client/renderer/texture/Dumpable;
[09:33:47] [main/DEBUG]: Skipping Lnet/minecraft/client/renderer/texture/TextureAtlasSprite;
[09:33:47] [main/DEBUG]: Skipping Lnet/minecraft/client/renderer/texture/TextureAtlasSprite$Ticker;
[09:33:47] [main/DEBUG]: Skipping Lnet/minecraft/client/renderer/texture/TextureAtlasSprite$1;
[09:33:47] [main/DEBUG]: Skipping Lnet/minecraft/client/renderer/texture/TextureAtlas;
[09:33:47] [main/DEBUG]: Skipping Lnet/minecraft/client/renderer/texture/Stitcher;
[09:33:47] [main/DEBUG]: Skipping Lnet/minecraft/client/renderer/texture/Stitcher$SpriteLoader;
[09:33:47] [main/DEBUG]: Skipping Lnet/minecraft/client/renderer/texture/Stitcher$Region;
[09:33:47] [main/DEBUG]: Skipping Lnet/minecraft/client/renderer/texture/Stitcher$Holder;
[09:33:47] [main/DEBUG]: Skipping Lnet/minecraft/client/renderer/texture/Stitcher$Entry;
[09:33:47] [main/DEBUG]: Skipping Lnet/minecraft/client/renderer/texture/SpriteLoader;
[09:33:47] [main/DEBUG]: Skipping Lnet/minecraft/client/renderer/texture/SpriteLoader$Preparations;
[09:33:47] [main/DEBUG]: Transforming class Lnet/minecraft/client/renderer/texture/SpriteContents;
[09:33:47] [main/DEBUG]: Transforming net/minecraft/client/renderer/texture/SpriteContents FIELD f_243731_ to access PUBLIC and LEAVE
[09:33:47] [main/DEBUG]: Transforming net/minecraft/client/renderer/texture/SpriteContents FIELD f_244575_ to access DEFAULT and LEAVE
[09:33:47] [main/DEBUG]: Transforming net/minecraft/client/renderer/texture/SpriteContents METHOD m_245088_()I to access DEFAULT and LEAVE
[09:33:47] [main/DEBUG]: Skipping Lnet/minecraft/client/renderer/texture/SpriteContents$Ticker;
[09:33:47] [main/DEBUG]: Skipping Lnet/minecraft/client/renderer/texture/SpriteContents$InterpolationData;
[09:33:47] [main/DEBUG]: Skipping Lnet/minecraft/client/renderer/texture/SpriteContents$FrameInfo;
[09:33:47] [main/DEBUG]: Skipping Lnet/minecraft/client/renderer/texture/SpriteContents$AnimatedTexture;
[09:33:47] [main/DEBUG]: Skipping Lnet/minecraft/client/renderer/texture/MipmapGenerator;
[09:33:47] [main/DEBUG]: Skipping Lnet/minecraft/client/renderer/texture/AbstractTexture;
[09:33:47] [main/DEBUG]: Skipping Lnet/minecraft/client/renderer/package-info;
[09:33:47] [main/DEBUG]: Skipping Lnet/minecraft/client/renderer/item/package-info;
[09:33:47] [main/DEBUG]: Skipping Lnet/minecraft/client/renderer/item/ItemPropertyFunction;
[09:33:47] [main/DEBUG]: Skipping Lnet/minecraft/client/renderer/item/CompassItemPropertyFunction;
[09:33:47] [main/DEBUG]: Skipping Lnet/minecraft/client/renderer/item/CompassItemPropertyFunction$CompassWobble;
[09:33:47] [main/DEBUG]: Skipping Lnet/minecraft/client/renderer/item/CompassItemPropertyFunction$CompassTarget;
[09:33:47] [main/DEBUG]: Skipping Lnet/minecraft/client/renderer/item/ClampedItemPropertyFunction;
[09:33:47] [main/DEBUG]: Skipping Lnet/minecraft/client/renderer/item/ItemProperties;
[09:33:47] [main/DEBUG]: Skipping Lnet/minecraft/client/renderer/item/ItemProperties$1;
[09:33:47] [main/DEBUG]: Skipping Lnet/minecraft/client/renderer/entity/player/package-info;
[09:33:47] [main/DEBUG]: Skipping Lnet/minecraft/client/renderer/entity/player/PlayerRenderer;
[09:33:47] [main/DEBUG]: Skipping Lnet/minecraft/client/renderer/entity/package-info;
[09:33:47] [main/DEBUG]: Skipping Lnet/minecraft/client/renderer/entity/layers/package-info;
[09:33:47] [main/DEBUG]: Skipping Lnet/minecraft/client/renderer/entity/layers/WolfCollarLayer;
[09:33:47] [main/DEBUG]: Skipping Lnet/minecraft/client/renderer/entity/layers/WolfArmorLayer;
[09:33:47] [main/DEBUG]: Skipping Lnet/minecraft/client/renderer/entity/layers/WitherArmorLayer;
[09:33:47] [main/DEBUG]: Skipping Lnet/minecraft/client/renderer/entity/layers/WitchItemLayer;
[09:33:47] [main/DEBUG]: Skipping Lnet/minecraft/client/renderer/entity/layers/WardenEmissiveLayer;
[09:33:47] [main/DEBUG]: Skipping Lnet/minecraft/client/renderer/entity/layers/WardenEmissiveLayer$DrawSelector;
[09:33:47] [main/DEBUG]: Skipping Lnet/minecraft/client/renderer/entity/layers/WardenEmissiveLayer$AlphaFunction;
[09:33:47] [main/DEBUG]: Skipping Lnet/minecraft/client/renderer/entity/layers/VillagerProfessionLayer;
[09:33:47] [main/DEBUG]: Skipping Lnet/minecraft/client/renderer/entity/layers/TropicalFishPatternLayer;
[09:33:47] [main/DEBUG]: Skipping Lnet/minecraft/client/renderer/entity/layers/TropicalFishPatternLayer$1;
[09:33:47] [main/DEBUG]: Skipping Lnet/minecraft/client/renderer/entity/layers/StuckInBodyLayer;
[09:33:47] [main/DEBUG]: Skipping Lnet/minecraft/client/renderer/entity/layers/SpinAttackEffectLayer;
[09:33:47] [main/DEBUG]: Skipping Lnet/minecraft/client/renderer/entity/layers/SpiderEyesLayer;
[09:33:47] [main/DEBUG]: Skipping Lnet/minecraft/client/renderer/entity/layers/SnowGolemHeadLayer;
[09:33:47] [main/DEBUG]: Skipping Lnet/minecraft/client/renderer/entity/layers/SlimeOuterLayer;
[09:33:47] [main/DEBUG]: Skipping Lnet/minecraft/client/renderer/entity/layers/SkeletonClothingLayer;
[09:33:47] [main/DEBUG]: Skipping Lnet/minecraft/client/renderer/entity/layers/ShulkerHeadLayer;
[09:33:47] [main/DEBUG]: Skipping Lnet/minecraft/client/renderer/entity/layers/SheepFurLayer;
[09:33:47] [main/DEBUG]: Skipping Lnet/minecraft/client/renderer/entity/layers/SaddleLayer;
[09:33:47] [main/DEBUG]: Skipping Lnet/minecraft/client/renderer/entity/layers/RenderLayer;
[09:33:47] [main/DEBUG]: Skipping Lnet/minecraft/client/renderer/entity/layers/PlayerItemInHandLayer;
[09:33:47] [main/DEBUG]: Skipping Lnet/minecraft/client/renderer/entity/layers/PhantomEyesLayer;
[09:33:47] [main/DEBUG]: Skipping Lnet/minecraft/client/renderer/entity/layers/ParrotOnShoulderLayer;
[09:33:47] [main/DEBUG]: Skipping Lnet/minecraft/client/renderer/entity/layers/PandaHoldsItemLayer;
[09:33:47] [main/DEBUG]: Skipping Lnet/minecraft/client/renderer/entity/layers/MushroomCowMushroomLayer;
[09:33:47] [main/DEBUG]: Skipping Lnet/minecraft/client/renderer/entity/layers/LlamaDecorLayer;
[09:33:47] [main/DEBUG]: Skipping Lnet/minecraft/client/renderer/entity/layers/ItemInHandLayer;
[09:33:47] [main/DEBUG]: Skipping Lnet/minecraft/client/renderer/entity/layers/IronGolemFlowerLayer;
[09:33:47] [main/DEBUG]: Skipping Lnet/minecraft/client/renderer/entity/layers/IronGolemCrackinessLayer;
[09:33:47] [main/DEBUG]: Skipping Lnet/minecraft/client/renderer/entity/layers/HorseMarkingLayer;
[09:33:47] [main/DEBUG]: Skipping Lnet/minecraft/client/renderer/entity/layers/HorseArmorLayer;
[09:33:47] [main/DEBUG]: Skipping Lnet/minecraft/client/renderer/entity/layers/FoxHeldItemLayer;
[09:33:47] [main/DEBUG]: Skipping Lnet/minecraft/client/renderer/entity/layers/EyesLayer;
[09:33:47] [main/DEBUG]: Skipping Lnet/minecraft/client/renderer/entity/layers/EnergySwirlLayer;
[09:33:47] [main/DEBUG]: Skipping Lnet/minecraft/client/renderer/entity/layers/EnderEyesLayer;
[09:33:47] [main/DEBUG]: Skipping Lnet/minecraft/client/renderer/entity/layers/DrownedOuterLayer;
[09:33:47] [main/DEBUG]: Skipping Lnet/minecraft/client/renderer/entity/layers/DolphinCarryingItemLayer;
[09:33:47] [main/DEBUG]: Skipping Lnet/minecraft/client/renderer/entity/layers/Deadmau5EarsLayer;
[09:33:47] [main/DEBUG]: Skipping Lnet/minecraft/client/renderer/entity/layers/CustomHeadLayer;
[09:33:47] [main/DEBUG]: Skipping Lnet/minecraft/client/renderer/entity/layers/CrossedArmsItemLayer;
[09:33:47] [main/DEBUG]: Skipping Lnet/minecraft/client/renderer/entity/layers/CreeperPowerLayer;
[09:33:47] [main/DEBUG]: Skipping Lnet/minecraft/client/renderer/entity/layers/CatCollarLayer;
[09:33:47] [main/DEBUG]: Skipping Lnet/minecraft/client/renderer/entity/layers/CarriedBlockLayer;
[09:33:47] [main/DEBUG]: Skipping Lnet/minecraft/client/renderer/entity/layers/CapeLayer;
[09:33:47] [main/DEBUG]: Skipping Lnet/minecraft/client/renderer/entity/layers/BreezeWindLayer;
[09:33:47] [main/DEBUG]: Skipping Lnet/minecraft/client/renderer/entity/layers/BreezeEyesLayer;
[09:33:47] [main/DEBUG]: Skipping Lnet/minecraft/client/renderer/entity/layers/BeeStingerLayer;
[09:33:47] [main/DEBUG]: Skipping Lnet/minecraft/client/renderer/entity/layers/ArrowLayer;
[09:33:47] [main/DEBUG]: Skipping Lnet/minecraft/client/renderer/entity/layers/HumanoidArmorLayer;
[09:33:47] [main/DEBUG]: Skipping Lnet/minecraft/client/renderer/entity/layers/HumanoidArmorLayer$1;
[09:33:47] [main/DEBUG]: Transforming class Lnet/minecraft/client/renderer/entity/layers/ElytraLayer;
[09:33:47] [main/DEBUG]: Transforming net/minecraft/client/renderer/entity/layers/ElytraLayer FIELD f_116934_ to access PUBLIC and LEAVE
[09:33:47] [main/DEBUG]: Skipping Lnet/minecraft/client/renderer/entity/ZombieVillagerRenderer;
[09:33:47] [main/DEBUG]: Skipping Lnet/minecraft/client/renderer/entity/ZombieRenderer;
[09:33:47] [main/DEBUG]: Skipping Lnet/minecraft/client/renderer/entity/ZoglinRenderer;
[09:33:47] [main/DEBUG]: Skipping Lnet/minecraft/client/renderer/entity/WolfRenderer;
[09:33:47] [main/DEBUG]: Skipping Lnet/minecraft/client/renderer/entity/WitherSkullRenderer;
[09:33:47] [main/DEBUG]: Skipping Lnet/minecraft/client/renderer/entity/WitherSkeletonRenderer;
[09:33:47] [main/DEBUG]: Skipping Lnet/minecraft/client/renderer/entity/WitherBossRenderer;
[09:33:47] [main/DEBUG]: Skipping Lnet/minecraft/client/renderer/entity/WitchRenderer;
[09:33:47] [main/DEBUG]: Skipping Lnet/minecraft/client/renderer/entity/WindChargeRenderer;
[09:33:47] [main/DEBUG]: Skipping Lnet/minecraft/client/renderer/entity/WardenRenderer;
[09:33:47] [main/DEBUG]: Skipping Lnet/minecraft/client/renderer/entity/WanderingTraderRenderer;
[09:33:47] [main/DEBUG]: Skipping Lnet/minecraft/client/renderer/entity/VindicatorRenderer;
[09:33:47] [main/DEBUG]: Skipping Lnet/minecraft/client/renderer/entity/VindicatorRenderer$1;
[09:33:47] [main/DEBUG]: Skipping Lnet/minecraft/client/renderer/entity/VillagerRenderer;
[09:33:47] [main/DEBUG]: Skipping Lnet/minecraft/client/renderer/entity/VexRenderer;
[09:33:47] [main/DEBUG]: Skipping Lnet/minecraft/client/renderer/entity/UndeadHorseRenderer;
[09:33:47] [main/DEBUG]: Skipping Lnet/minecraft/client/renderer/entity/TurtleRenderer;
[09:33:47] [main/DEBUG]: Skipping Lnet/minecraft/client/renderer/entity/TropicalFishRenderer;
[09:33:47] [main/DEBUG]: Skipping Lnet/minecraft/client/renderer/entity/TropicalFishRenderer$1;
[09:33:47] [main/DEBUG]: Skipping Lnet/minecraft/client/renderer/entity/TntRenderer;
[09:33:47] [main/DEBUG]: Skipping Lnet/minecraft/client/renderer/entity/TntMinecartRenderer;
[09:33:47] [main/DEBUG]: Skipping Lnet/minecraft/client/renderer/entity/TippableArrowRenderer;
[09:33:47] [main/DEBUG]: Skipping Lnet/minecraft/client/renderer/entity/ThrownTridentRenderer;
[09:33:47] [main/DEBUG]: Skipping Lnet/minecraft/client/renderer/entity/ThrownItemRenderer;
[09:33:47] [main/DEBUG]: Skipping Lnet/minecraft/client/renderer/entity/TadpoleRenderer;
[09:33:47] [main/DEBUG]: Skipping Lnet/minecraft/client/renderer/entity/StriderRenderer;
[09:33:47] [main/DEBUG]: Skipping Lnet/minecraft/client/renderer/entity/StrayRenderer;
[09:33:47] [main/DEBUG]: Skipping Lnet/minecraft/client/renderer/entity/SquidRenderer;
[09:33:47] [main/DEBUG]: Skipping Lnet/minecraft/client/renderer/entity/SpiderRenderer;
[09:33:47] [main/DEBUG]: Skipping Lnet/minecraft/client/renderer/entity/SpectralArrowRenderer;
[09:33:47] [main/DEBUG]: Skipping Lnet/minecraft/client/renderer/entity/SnowGolemRenderer;
[09:33:47] [main/DEBUG]: Skipping Lnet/minecraft/client/renderer/entity/SnifferRenderer;
[09:33:47] [main/DEBUG]: Skipping Lnet/minecraft/client/renderer/entity/SlimeRenderer;
[09:33:47] [main/DEBUG]: Skipping Lnet/minecraft/client/renderer/entity/SkeletonRenderer;
[09:33:47] [main/DEBUG]: Skipping Lnet/minecraft/client/renderer/entity/SilverfishRenderer;
[09:33:47] [main/DEBUG]: Skipping Lnet/minecraft/client/renderer/entity/ShulkerRenderer;
[09:33:47] [main/DEBUG]: Skipping Lnet/minecraft/client/renderer/entity/ShulkerBulletRenderer;
[09:33:47] [main/DEBUG]: Skipping Lnet/minecraft/client/renderer/entity/SheepRenderer;
[09:33:47] [main/DEBUG]: Skipping Lnet/minecraft/client/renderer/entity/SalmonRenderer;
[09:33:47] [main/DEBUG]: Skipping Lnet/minecraft/client/renderer/entity/RenderLayerParent;
[09:33:47] [main/DEBUG]: Skipping Lnet/minecraft/client/renderer/entity/RavagerRenderer;
[09:33:47] [main/DEBUG]: Skipping Lnet/minecraft/client/renderer/entity/RabbitRenderer;
[09:33:47] [main/DEBUG]: Skipping Lnet/minecraft/client/renderer/entity/RabbitRenderer$1;
[09:33:47] [main/DEBUG]: Skipping Lnet/minecraft/client/renderer/entity/PufferfishRenderer;
[09:33:47] [main/DEBUG]: Skipping Lnet/minecraft/client/renderer/entity/PolarBearRenderer;
[09:33:47] [main/DEBUG]: Skipping Lnet/minecraft/client/renderer/entity/PillagerRenderer;
[09:33:47] [main/DEBUG]: Skipping Lnet/minecraft/client/renderer/entity/PiglinRenderer;
[09:33:47] [main/DEBUG]: Skipping Lnet/minecraft/client/renderer/entity/PigRenderer;
[09:33:47] [main/DEBUG]: Skipping Lnet/minecraft/client/renderer/entity/PhantomRenderer;
[09:33:47] [main/DEBUG]: Skipping Lnet/minecraft/client/renderer/entity/ParrotRenderer;
[09:33:47] [main/DEBUG]: Skipping Lnet/minecraft/client/renderer/entity/ParrotRenderer$1;
[09:33:47] [main/DEBUG]: Skipping Lnet/minecraft/client/renderer/entity/PandaRenderer;
[09:33:47] [main/DEBUG]: Skipping Lnet/minecraft/client/renderer/entity/PaintingRenderer;
[09:33:47] [main/DEBUG]: Skipping Lnet/minecraft/client/renderer/entity/OminousItemSpawnerRenderer;
[09:33:47] [main/DEBUG]: Skipping Lnet/minecraft/client/renderer/entity/OcelotRenderer;
[09:33:47] [main/DEBUG]: Skipping Lnet/minecraft/client/renderer/entity/NoopRenderer;
[09:33:47] [main/DEBUG]: Skipping Lnet/minecraft/client/renderer/entity/MushroomCowRenderer;
[09:33:47] [main/DEBUG]: Skipping Lnet/minecraft/client/renderer/entity/MobRenderer;
[09:33:47] [main/DEBUG]: Skipping Lnet/minecraft/client/renderer/entity/MinecartRenderer;
[09:33:47] [main/DEBUG]: Skipping Lnet/minecraft/client/renderer/entity/MagmaCubeRenderer;
[09:33:47] [main/DEBUG]: Skipping Lnet/minecraft/client/renderer/entity/LlamaSpitRenderer;
[09:33:47] [main/DEBUG]: Skipping Lnet/minecraft/client/renderer/entity/LlamaRenderer;
[09:33:47] [main/DEBUG]: Skipping Lnet/minecraft/client/renderer/entity/LlamaRenderer$1;
[09:33:47] [main/DEBUG]: Skipping Lnet/minecraft/client/renderer/entity/LightningBoltRenderer;
[09:33:47] [main/DEBUG]: Skipping Lnet/minecraft/client/renderer/entity/LeashKnotRenderer;
[09:33:47] [main/DEBUG]: Skipping Lnet/minecraft/client/renderer/entity/ItemEntityRenderer;
[09:33:47] [main/DEBUG]: Skipping Lnet/minecraft/client/renderer/entity/IronGolemRenderer;
[09:33:47] [main/DEBUG]: Skipping Lnet/minecraft/client/renderer/entity/IllusionerRenderer;
[09:33:47] [main/DEBUG]: Skipping Lnet/minecraft/client/renderer/entity/IllusionerRenderer$1;
[09:33:47] [main/DEBUG]: Skipping Lnet/minecraft/client/renderer/entity/IllagerRenderer;
[09:33:47] [main/DEBUG]: Skipping Lnet/minecraft/client/renderer/entity/HuskRenderer;
[09:33:47] [main/DEBUG]: Skipping Lnet/minecraft/client/renderer/entity/HumanoidMobRenderer;
[09:33:47] [main/DEBUG]: Skipping Lnet/minecraft/client/renderer/entity/HorseRenderer;
[09:33:47] [main/DEBUG]: Skipping Lnet/minecraft/client/renderer/entity/HoglinRenderer;
[09:33:47] [main/DEBUG]: Skipping Lnet/minecraft/client/renderer/entity/GuardianRenderer;
[09:33:47] [main/DEBUG]: Skipping Lnet/minecraft/client/renderer/entity/GoatRenderer;
[09:33:47] [main/DEBUG]: Skipping Lnet/minecraft/client/renderer/entity/GlowSquidRenderer;
[09:33:47] [main/DEBUG]: Skipping Lnet/minecraft/client/renderer/entity/GiantMobRenderer;
[09:33:47] [main/DEBUG]: Skipping Lnet/minecraft/client/renderer/entity/GhastRenderer;
[09:33:47] [main/DEBUG]: Skipping Lnet/minecraft/client/renderer/entity/FrogRenderer;
[09:33:47] [main/DEBUG]: Skipping Lnet/minecraft/client/renderer/entity/FoxRenderer;
[09:33:47] [main/DEBUG]: Skipping Lnet/minecraft/client/renderer/entity/FireworkEntityRenderer;
[09:33:47] [main/DEBUG]: Skipping Lnet/minecraft/client/renderer/entity/ExperienceOrbRenderer;
[09:33:47] [main/DEBUG]: Skipping Lnet/minecraft/client/renderer/entity/EvokerRenderer;
[09:33:47] [main/DEBUG]: Skipping Lnet/minecraft/client/renderer/entity/EvokerRenderer$1;
[09:33:47] [main/DEBUG]: Skipping Lnet/minecraft/client/renderer/entity/EvokerFangsRenderer;
[09:33:47] [main/DEBUG]: Transforming class Lnet/minecraft/client/renderer/entity/EntityRenderers;
[09:33:47] [main/DEBUG]: Transforming net/minecraft/client/renderer/entity/EntityRenderers METHOD m_174036_(Lnet/minecraft/world/entity/EntityType;Lnet/minecraft/client/renderer/entity/EntityRendererProvider;)V to access PUBLIC and LEAVE
[09:33:47] [main/DEBUG]: Skipping Lnet/minecraft/client/renderer/entity/EntityRendererProvider;
[09:33:47] [main/DEBUG]: Skipping Lnet/minecraft/client/renderer/entity/EntityRendererProvider$Context;
[09:33:47] [main/DEBUG]: Skipping Lnet/minecraft/client/renderer/entity/EndermiteRenderer;
[09:33:47] [main/DEBUG]: Skipping Lnet/minecraft/client/renderer/entity/EndermanRenderer;
[09:33:47] [main/DEBUG]: Skipping Lnet/minecraft/client/renderer/entity/EnderDragonRenderer;
[09:33:47] [main/DEBUG]: Skipping Lnet/minecraft/client/renderer/entity/EnderDragonRenderer$DragonModel;
[09:33:47] [main/DEBUG]: Skipping Lnet/minecraft/client/renderer/entity/EndCrystalRenderer;
[09:33:47] [main/DEBUG]: Skipping Lnet/minecraft/client/renderer/entity/ElderGuardianRenderer;
[09:33:47] [main/DEBUG]: Skipping Lnet/minecraft/client/renderer/entity/DrownedRenderer;
[09:33:47] [main/DEBUG]: Skipping Lnet/minecraft/client/renderer/entity/DragonFireballRenderer;
[09:33:47] [main/DEBUG]: Skipping Lnet/minecraft/client/renderer/entity/DolphinRenderer;
[09:33:47] [main/DEBUG]: Skipping Lnet/minecraft/client/renderer/entity/DisplayRenderer;
[09:33:47] [main/DEBUG]: Skipping Lnet/minecraft/client/renderer/entity/DisplayRenderer$TextDisplayRenderer;
[09:33:47] [main/DEBUG]: Skipping Lnet/minecraft/client/renderer/entity/DisplayRenderer$ItemDisplayRenderer;
[09:33:47] [main/DEBUG]: Skipping Lnet/minecraft/client/renderer/entity/DisplayRenderer$BlockDisplayRenderer;
[09:33:47] [main/DEBUG]: Skipping Lnet/minecraft/client/renderer/entity/DisplayRenderer$1;
[09:33:47] [main/DEBUG]: Skipping Lnet/minecraft/client/renderer/entity/CreeperRenderer;
[09:33:47] [main/DEBUG]: Skipping Lnet/minecraft/client/renderer/entity/CowRenderer;
[09:33:47] [main/DEBUG]: Skipping Lnet/minecraft/client/renderer/entity/CodRenderer;
[09:33:47] [main/DEBUG]: Skipping Lnet/minecraft/client/renderer/entity/ChickenRenderer;
[09:33:47] [main/DEBUG]: Skipping Lnet/minecraft/client/renderer/entity/ChestedHorseRenderer;
[09:33:47] [main/DEBUG]: Skipping Lnet/minecraft/client/renderer/entity/CaveSpiderRenderer;
[09:33:47] [main/DEBUG]: Skipping Lnet/minecraft/client/renderer/entity/CatRenderer;
[09:33:47] [main/DEBUG]: Skipping Lnet/minecraft/client/renderer/entity/CamelRenderer;
[09:33:47] [main/DEBUG]: Skipping Lnet/minecraft/client/renderer/entity/BreezeRenderer;
[09:33:47] [main/DEBUG]: Skipping Lnet/minecraft/client/renderer/entity/BoggedRenderer;
[09:33:47] [main/DEBUG]: Skipping Lnet/minecraft/client/renderer/entity/BlazeRenderer;
[09:33:47] [main/DEBUG]: Skipping Lnet/minecraft/client/renderer/entity/BeeRenderer;
[09:33:47] [main/DEBUG]: Skipping Lnet/minecraft/client/renderer/entity/BatRenderer;
[09:33:47] [main/DEBUG]: Skipping Lnet/minecraft/client/renderer/entity/AxolotlRenderer;
[09:33:47] [main/DEBUG]: Skipping Lnet/minecraft/client/renderer/entity/ArrowRenderer;
[09:33:47] [main/DEBUG]: Skipping Lnet/minecraft/client/renderer/entity/ArmorStandRenderer;
[09:33:47] [main/DEBUG]: Skipping Lnet/minecraft/client/renderer/entity/ArmadilloRenderer;
[09:33:47] [main/DEBUG]: Skipping Lnet/minecraft/client/renderer/entity/AllayRenderer;
[09:33:47] [main/DEBUG]: Skipping Lnet/minecraft/client/renderer/entity/AbstractZombieRenderer;
[09:33:47] [main/DEBUG]: Skipping Lnet/minecraft/client/renderer/entity/AbstractHorseRenderer;
[09:33:47] [main/DEBUG]: Transforming class Lnet/minecraft/client/renderer/entity/LivingEntityRenderer;
[09:33:47] [main/DEBUG]: Transforming net/minecraft/client/renderer/entity/LivingEntityRenderer METHOD m_115326_(Lnet/minecraft/client/renderer/entity/layers/RenderLayer;)Z to access PUBLIC and LEAVE
[09:33:47] [main/DEBUG]: Skipping Lnet/minecraft/client/renderer/entity/LivingEntityRenderer$1;
[09:33:47] [main/DEBUG]: Transforming class Lnet/minecraft/client/renderer/entity/ItemRenderer;
[09:33:47] [main/DEBUG]: Transforming net/minecraft/client/renderer/entity/ItemRenderer METHOD m_115189_(Lnet/minecraft/client/resources/model/BakedModel;Lnet/minecraft/world/item/ItemStack;IILcom/mojang/blaze3d/vertex/PoseStack;Lcom/mojang/blaze3d/vertex/VertexConsumer;)V to access PUBLIC and LEAVE
[09:33:47] [main/DEBUG]: Transforming net/minecraft/client/renderer/entity/ItemRenderer METHOD m_115162_(Lcom/mojang/blaze3d/vertex/PoseStack;Lcom/mojang/blaze3d/vertex/VertexConsumer;Ljava/util/List;Lnet/minecraft/world/item/ItemStack;II)V to access PUBLIC and LEAVE
[09:33:47] [main/DEBUG]: Skipping Lnet/minecraft/client/renderer/entity/ItemFrameRenderer;
[09:33:47] [main/DEBUG]: Skipping Lnet/minecraft/client/renderer/entity/FishingHookRenderer;
[09:33:47] [main/DEBUG]: Skipping Lnet/minecraft/client/renderer/entity/FallingBlockRenderer;
[09:33:47] [main/DEBUG]: Skipping Lnet/minecraft/client/renderer/entity/EntityRenderer;
[09:33:47] [main/DEBUG]: Transforming class Lnet/minecraft/client/renderer/entity/EntityRenderDispatcher;
[09:33:47] [main/DEBUG]: Transforming net/minecraft/client/renderer/entity/EntityRenderDispatcher FIELD f_114362_ to access PUBLIC and LEAVE
[09:33:47] [main/DEBUG]: Skipping Lnet/minecraft/client/renderer/entity/BoatRenderer;
[09:33:47] [main/DEBUG]: Skipping Lnet/minecraft/client/renderer/debug/package-info;
[09:33:47] [main/DEBUG]: Skipping Lnet/minecraft/client/renderer/debug/WorldGenAttemptRenderer;
[09:33:47] [main/DEBUG]: Skipping Lnet/minecraft/client/renderer/debug/WaterDebugRenderer;
[09:33:47] [main/DEBUG]: Skipping Lnet/minecraft/client/renderer/debug/VillageSectionsDebugRenderer;
[09:33:47] [main/DEBUG]: Skipping Lnet/minecraft/client/renderer/debug/SupportBlockRenderer;
[09:33:47] [main/DEBUG]: Skipping Lnet/minecraft/client/renderer/debug/StructureRenderer;
[09:33:47] [main/DEBUG]: Skipping Lnet/minecraft/client/renderer/debug/SolidFaceRenderer;
[09:33:47] [main/DEBUG]: Skipping Lnet/minecraft/client/renderer/debug/RaidDebugRenderer;
[09:33:47] [main/DEBUG]: Skipping Lnet/minecraft/client/renderer/debug/PathfindingRenderer;
[09:33:47] [main/DEBUG]: Skipping Lnet/minecraft/client/renderer/debug/NeighborsUpdateRenderer;
[09:33:47] [main/DEBUG]: Skipping Lnet/minecraft/client/renderer/debug/LightSectionDebugRenderer;
[09:33:47] [main/DEBUG]: Skipping Lnet/minecraft/client/renderer/debug/LightSectionDebugRenderer$SectionData;
[09:33:47] [main/DEBUG]: Skipping Lnet/minecraft/client/renderer/debug/LightDebugRenderer;
[09:33:47] [main/DEBUG]: Skipping Lnet/minecraft/client/renderer/debug/HeightMapRenderer;
[09:33:47] [main/DEBUG]: Skipping Lnet/minecraft/client/renderer/debug/HeightMapRenderer$1;
[09:33:47] [main/DEBUG]: Skipping Lnet/minecraft/client/renderer/debug/GoalSelectorDebugRenderer;
[09:33:47] [main/DEBUG]: Skipping Lnet/minecraft/client/renderer/debug/GoalSelectorDebugRenderer$EntityGoalInfo;
[09:33:47] [main/DEBUG]: Skipping Lnet/minecraft/client/renderer/debug/GameTestDebugRenderer;
[09:33:47] [main/DEBUG]: Skipping Lnet/minecraft/client/renderer/debug/GameTestDebugRenderer$Marker;
[09:33:47] [main/DEBUG]: Skipping Lnet/minecraft/client/renderer/debug/GameEventListenerRenderer;
[09:33:47] [main/DEBUG]: Skipping Lnet/minecraft/client/renderer/debug/GameEventListenerRenderer$TrackedListener;
[09:33:47] [main/DEBUG]: Skipping Lnet/minecraft/client/renderer/debug/GameEventListenerRenderer$TrackedGameEvent;
[09:33:47] [main/DEBUG]: Skipping Lnet/minecraft/client/renderer/debug/DebugRenderer;
[09:33:47] [main/DEBUG]: Skipping Lnet/minecraft/client/renderer/debug/DebugRenderer$SimpleDebugRenderer;
[09:33:47] [main/DEBUG]: Skipping Lnet/minecraft/client/renderer/debug/CollisionBoxRenderer;
[09:33:47] [main/DEBUG]: Skipping Lnet/minecraft/client/renderer/debug/ChunkDebugRenderer;
[09:33:47] [main/DEBUG]: Skipping Lnet/minecraft/client/renderer/debug/ChunkDebugRenderer$ChunkData;
[09:33:47] [main/DEBUG]: Skipping Lnet/minecraft/client/renderer/debug/ChunkBorderRenderer;
[09:33:47] [main/DEBUG]: Skipping Lnet/minecraft/client/renderer/debug/BreezeDebugRenderer;
[09:33:47] [main/DEBUG]: Skipping Lnet/minecraft/client/renderer/debug/BrainDebugRenderer;
[09:33:47] [main/DEBUG]: Skipping Lnet/minecraft/client/renderer/debug/BrainDebugRenderer$PoiInfo;
[09:33:47] [main/DEBUG]: Skipping Lnet/minecraft/client/renderer/debug/BeeDebugRenderer;
[09:33:47] [main/DEBUG]: Skipping Lnet/minecraft/client/renderer/debug/BeeDebugRenderer$HiveDebugInfo;
[09:33:47] [main/DEBUG]: Skipping Lnet/minecraft/client/renderer/culling/package-info;
[09:33:47] [main/DEBUG]: Skipping Lnet/minecraft/client/renderer/culling/Frustum;
[09:33:47] [main/DEBUG]: Skipping Lnet/minecraft/client/renderer/chunk/package-info;
[09:33:47] [main/DEBUG]: Skipping Lnet/minecraft/client/renderer/chunk/VisibilitySet;
[09:33:47] [main/DEBUG]: Skipping Lnet/minecraft/client/renderer/chunk/VisGraph;
[09:33:47] [main/DEBUG]: Skipping Lnet/minecraft/client/renderer/chunk/VisGraph$1;
[09:33:47] [main/DEBUG]: Skipping Lnet/minecraft/client/renderer/chunk/SectionRenderDispatcher;
[09:33:47] [main/DEBUG]: Skipping Lnet/minecraft/client/renderer/chunk/SectionRenderDispatcher$SectionTaskResult;
[09:33:47] [main/DEBUG]: Skipping Lnet/minecraft/client/renderer/chunk/SectionRenderDispatcher$RenderSection;
[09:33:47] [main/DEBUG]: Skipping Lnet/minecraft/client/renderer/chunk/SectionRenderDispatcher$RenderSection$ResortTransparencyTask;
[09:33:47] [main/DEBUG]: Skipping Lnet/minecraft/client/renderer/chunk/SectionRenderDispatcher$RenderSection$RebuildTask;
[09:33:47] [main/DEBUG]: Skipping Lnet/minecraft/client/renderer/chunk/SectionRenderDispatcher$RenderSection$CompileTask;
[09:33:47] [main/DEBUG]: Skipping Lnet/minecraft/client/renderer/chunk/SectionRenderDispatcher$CompiledSection;
[09:33:47] [main/DEBUG]: Skipping Lnet/minecraft/client/renderer/chunk/SectionRenderDispatcher$CompiledSection$2;
[09:33:47] [main/DEBUG]: Skipping Lnet/minecraft/client/renderer/chunk/SectionRenderDispatcher$CompiledSection$1;
[09:33:47] [main/DEBUG]: Skipping Lnet/minecraft/client/renderer/chunk/RenderRegionCache;
[09:33:47] [main/DEBUG]: Skipping Lnet/minecraft/client/renderer/chunk/RenderRegionCache$ChunkInfo;
[09:33:47] [main/DEBUG]: Skipping Lnet/minecraft/client/renderer/chunk/RenderChunk;
[09:33:47] [main/DEBUG]: Skipping Lnet/minecraft/client/renderer/chunk/SectionCompiler;
[09:33:47] [main/DEBUG]: Skipping Lnet/minecraft/client/renderer/chunk/SectionCompiler$Results;
[09:33:47] [main/DEBUG]: Skipping Lnet/minecraft/client/renderer/chunk/RenderChunkRegion;
[09:33:47] [main/DEBUG]: Skipping Lnet/minecraft/client/renderer/blockentity/package-info;
[09:33:47] [main/DEBUG]: Skipping Lnet/minecraft/client/renderer/blockentity/VaultRenderer;
[09:33:47] [main/DEBUG]: Skipping Lnet/minecraft/client/renderer/blockentity/TrialSpawnerRenderer;
[09:33:47] [main/DEBUG]: Skipping Lnet/minecraft/client/renderer/blockentity/TheEndPortalRenderer;
[09:33:47] [main/DEBUG]: Skipping Lnet/minecraft/client/renderer/blockentity/TheEndGatewayRenderer;
[09:33:47] [main/DEBUG]: Skipping Lnet/minecraft/client/renderer/blockentity/StructureBlockRenderer;
[09:33:47] [main/DEBUG]: Skipping Lnet/minecraft/client/renderer/blockentity/StructureBlockRenderer$1;
[09:33:47] [main/DEBUG]: Skipping Lnet/minecraft/client/renderer/blockentity/SpawnerRenderer;
[09:33:47] [main/DEBUG]: Skipping Lnet/minecraft/client/renderer/blockentity/SignRenderer;
[09:33:47] [main/DEBUG]: Skipping Lnet/minecraft/client/renderer/blockentity/SignRenderer$SignModel;
[09:33:47] [main/DEBUG]: Skipping Lnet/minecraft/client/renderer/blockentity/ShulkerBoxRenderer;
[09:33:47] [main/DEBUG]: Skipping Lnet/minecraft/client/renderer/blockentity/LecternRenderer;
[09:33:47] [main/DEBUG]: Skipping Lnet/minecraft/client/renderer/blockentity/HangingSignRenderer;
[09:33:47] [main/DEBUG]: Skipping Lnet/minecraft/client/renderer/blockentity/HangingSignRenderer$HangingSignModel;
[09:33:47] [main/DEBUG]: Skipping Lnet/minecraft/client/renderer/blockentity/EnchantTableRenderer;
[09:33:47] [main/DEBUG]: Skipping Lnet/minecraft/client/renderer/blockentity/DecoratedPotRenderer;
[09:33:47] [main/DEBUG]: Skipping Lnet/minecraft/client/renderer/blockentity/ConduitRenderer;
[09:33:47] [main/DEBUG]: Skipping Lnet/minecraft/client/renderer/blockentity/CampfireRenderer;
[09:33:47] [main/DEBUG]: Skipping Lnet/minecraft/client/renderer/blockentity/BrushableBlockRenderer;
[09:33:47] [main/DEBUG]: Skipping Lnet/minecraft/client/renderer/blockentity/BrushableBlockRenderer$1;
[09:33:47] [main/DEBUG]: Skipping Lnet/minecraft/client/renderer/blockentity/BrightnessCombiner;
[09:33:47] [main/DEBUG]: Skipping Lnet/minecraft/client/renderer/blockentity/BlockEntityRendererProvider;
[09:33:47] [main/DEBUG]: Skipping Lnet/minecraft/client/renderer/blockentity/BlockEntityRendererProvider$Context;
[09:33:47] [main/DEBUG]: Skipping Lnet/minecraft/client/renderer/blockentity/BlockEntityRenderer;
[09:33:47] [main/DEBUG]: Transforming class Lnet/minecraft/client/renderer/blockentity/BlockEntityRenderDispatcher;
[09:33:47] [main/DEBUG]: Transforming net/minecraft/client/renderer/blockentity/BlockEntityRenderDispatcher FIELD f_112253_ to access PUBLIC and LEAVE
[09:33:47] [main/DEBUG]: Skipping Lnet/minecraft/client/renderer/blockentity/BellRenderer;
[09:33:47] [main/DEBUG]: Skipping Lnet/minecraft/client/renderer/blockentity/BedRenderer;
[09:33:47] [main/DEBUG]: Skipping Lnet/minecraft/client/renderer/blockentity/BeaconRenderer;
[09:33:47] [main/DEBUG]: Skipping Lnet/minecraft/client/renderer/blockentity/BannerRenderer;
[09:33:47] [main/DEBUG]: Transforming class Lnet/minecraft/client/renderer/blockentity/SkullBlockRenderer;
[09:33:47] [main/DEBUG]: Transforming net/minecraft/client/renderer/blockentity/SkullBlockRenderer FIELD f_112519_ to access PUBLIC and LEAVE
[09:33:47] [main/DEBUG]: Transforming class Lnet/minecraft/client/renderer/blockentity/PistonHeadRenderer;
[09:33:47] [main/DEBUG]: Transforming net/minecraft/client/renderer/blockentity/PistonHeadRenderer FIELD f_112441_ to access PRIVATE and REMOVEFINAL
[09:33:47] [main/DEBUG]: Skipping Lnet/minecraft/client/renderer/blockentity/ChestRenderer;
[09:33:47] [main/DEBUG]: Transforming class Lnet/minecraft/client/renderer/blockentity/BlockEntityRenderers;
[09:33:47] [main/DEBUG]: Transforming net/minecraft/client/renderer/blockentity/BlockEntityRenderers METHOD m_173590_(Lnet/minecraft/world/level/block/entity/BlockEntityType;Lnet/minecraft/client/renderer/blockentity/BlockEntityRendererProvider;)V to access PUBLIC and LEAVE
[09:33:47] [main/DEBUG]: Skipping Lnet/minecraft/client/renderer/block/package-info;
[09:33:47] [main/DEBUG]: Skipping Lnet/minecraft/client/renderer/block/model/package-info;
[09:33:47] [main/DEBUG]: Skipping Lnet/minecraft/client/renderer/block/model/multipart/package-info;
[09:33:47] [main/DEBUG]: Skipping Lnet/minecraft/client/renderer/block/model/multipart/Selector;
[09:33:47] [main/DEBUG]: Skipping Lnet/minecraft/client/renderer/block/model/multipart/Selector$Deserializer;
[09:33:47] [main/DEBUG]: Skipping Lnet/minecraft/client/renderer/block/model/multipart/OrCondition;
[09:33:47] [main/DEBUG]: Skipping Lnet/minecraft/client/renderer/block/model/multipart/MultiPart;
[09:33:47] [main/DEBUG]: Skipping Lnet/minecraft/client/renderer/block/model/multipart/MultiPart$Deserializer;
[09:33:47] [main/DEBUG]: Skipping Lnet/minecraft/client/renderer/block/model/multipart/KeyValueCondition;
[09:33:47] [main/DEBUG]: Skipping Lnet/minecraft/client/renderer/block/model/multipart/Condition;
[09:33:47] [main/DEBUG]: Skipping Lnet/minecraft/client/renderer/block/model/multipart/AndCondition;
[09:33:47] [main/DEBUG]: Skipping Lnet/minecraft/client/renderer/block/model/Variant;
[09:33:47] [main/DEBUG]: Skipping Lnet/minecraft/client/renderer/block/model/Variant$Deserializer;
[09:33:47] [main/DEBUG]: Transforming class Lnet/minecraft/client/renderer/block/model/ItemOverride;
[09:33:47] [main/DEBUG]: Transforming net/minecraft/client/renderer/block/model/ItemOverride INNERCLASS Deserializer to access PUBLIC and LEAVE
[09:33:47] [main/DEBUG]: Skipping Lnet/minecraft/client/renderer/block/model/ItemOverride$Predicate;
[09:33:47] [main/DEBUG]: Transforming class Lnet/minecraft/client/renderer/block/model/ItemOverride$Deserializer;
[09:33:47] [main/DEBUG]: Transforming net/minecraft/client/renderer/block/model/ItemOverride$Deserializer CLASS to access PUBLIC and LEAVE
[09:33:47] [main/DEBUG]: Transforming net/minecraft/client/renderer/block/model/ItemOverride$Deserializer METHOD <init>()V to access PUBLIC and LEAVE
[09:33:47] [main/DEBUG]: Skipping Lnet/minecraft/client/renderer/block/model/BlockModelDefinition;
[09:33:47] [main/DEBUG]: Skipping Lnet/minecraft/client/renderer/block/model/BlockModelDefinition$MissingVariantException;
[09:33:47] [main/DEBUG]: Skipping Lnet/minecraft/client/renderer/block/model/BlockModelDefinition$Deserializer;
[09:33:47] [main/DEBUG]: Skipping Lnet/minecraft/client/renderer/block/model/BlockModelDefinition$Context;
[09:33:47] [main/DEBUG]: Transforming class Lnet/minecraft/client/renderer/block/model/BlockFaceUV;
[09:33:47] [main/DEBUG]: Transforming net/minecraft/client/renderer/block/model/BlockFaceUV INNERCLASS Deserializer to access PUBLIC and LEAVE
[09:33:47] [main/DEBUG]: Transforming class Lnet/minecraft/client/renderer/block/model/BlockFaceUV$Deserializer;
[09:33:47] [main/DEBUG]: Transforming net/minecraft/client/renderer/block/model/BlockFaceUV$Deserializer CLASS to access PUBLIC and LEAVE
[09:33:47] [main/DEBUG]: Transforming net/minecraft/client/renderer/block/model/BlockFaceUV$Deserializer METHOD <init>()V to access PUBLIC and LEAVE
[09:33:47] [main/DEBUG]: Skipping Lnet/minecraft/client/renderer/block/model/BlockElementRotation;
[09:33:47] [main/DEBUG]: Transforming class Lnet/minecraft/client/renderer/block/model/BlockElement;
[09:33:47] [main/DEBUG]: Transforming net/minecraft/client/renderer/block/model/BlockElement INNERCLASS Deserializer to access PUBLIC and LEAVE
[09:33:47] [main/DEBUG]: Transforming net/minecraft/client/renderer/block/model/BlockElement METHOD m_111320_(Lnet/minecraft/core/Direction;)[F to access PUBLIC and LEAVE
[09:33:47] [main/DEBUG]: Transforming class Lnet/minecraft/client/renderer/block/model/BlockElement$Deserializer;
[09:33:47] [main/DEBUG]: Transforming net/minecraft/client/renderer/block/model/BlockElement$Deserializer CLASS to access PUBLIC and LEAVE
[09:33:47] [main/DEBUG]: Transforming net/minecraft/client/renderer/block/model/BlockElement$Deserializer METHOD <init>()V to access PUBLIC and LEAVE
[09:33:47] [main/DEBUG]: Skipping Lnet/minecraft/client/renderer/block/model/BlockElement$1;
[09:33:47] [main/DEBUG]: Skipping Lnet/minecraft/client/renderer/block/model/MultiVariant;
[09:33:47] [main/DEBUG]: Skipping Lnet/minecraft/client/renderer/block/model/MultiVariant$Deserializer;
[09:33:47] [main/DEBUG]: Transforming class Lnet/minecraft/client/renderer/block/model/ItemTransforms;
[09:33:47] [main/DEBUG]: Transforming net/minecraft/client/renderer/block/model/ItemTransforms INNERCLASS Deserializer to access PUBLIC and LEAVE
[09:33:47] [main/DEBUG]: Transforming class Lnet/minecraft/client/renderer/block/model/ItemTransforms$Deserializer;
[09:33:47] [main/DEBUG]: Transforming net/minecraft/client/renderer/block/model/ItemTransforms$Deserializer CLASS to access PUBLIC and LEAVE
[09:33:47] [main/DEBUG]: Transforming net/minecraft/client/renderer/block/model/ItemTransforms$Deserializer METHOD <init>()V to access PUBLIC and LEAVE
[09:33:47] [main/DEBUG]: Skipping Lnet/minecraft/client/renderer/block/model/ItemTransforms$1;
[09:33:47] [main/DEBUG]: Transforming class Lnet/minecraft/client/renderer/block/model/ItemTransform;
[09:33:47] [main/DEBUG]: Transforming net/minecraft/client/renderer/block/model/ItemTransform INNERCLASS Deserializer to access PUBLIC and LEAVE
[09:33:47] [main/DEBUG]: Transforming class Lnet/minecraft/client/renderer/block/model/ItemTransform$Deserializer;
[09:33:47] [main/DEBUG]: Transforming net/minecraft/client/renderer/block/model/ItemTransform$Deserializer CLASS to access PUBLIC and LEAVE
[09:33:47] [main/DEBUG]: Transforming net/minecraft/client/renderer/block/model/ItemTransform$Deserializer FIELD f_111769_ to access PUBLIC and LEAVE
[09:33:47] [main/DEBUG]: Transforming net/minecraft/client/renderer/block/model/ItemTransform$Deserializer FIELD f_111770_ to access PUBLIC and LEAVE
[09:33:47] [main/DEBUG]: Transforming net/minecraft/client/renderer/block/model/ItemTransform$Deserializer FIELD f_111771_ to access PUBLIC and LEAVE
[09:33:47] [main/DEBUG]: Transforming net/minecraft/client/renderer/block/model/ItemTransform$Deserializer METHOD <init>()V to access PUBLIC and LEAVE
[09:33:47] [main/DEBUG]: Transforming class Lnet/minecraft/client/renderer/block/model/ItemOverrides;
[09:33:47] [main/DEBUG]: Transforming net/minecraft/client/renderer/block/model/ItemOverrides INNERCLASS BakedOverride to access PUBLIC and LEAVE
[09:33:47] [main/DEBUG]: Transforming net/minecraft/client/renderer/block/model/ItemOverrides METHOD <init>()V to access PROTECTED and LEAVE
[09:33:47] [main/DEBUG]: Skipping Lnet/minecraft/client/renderer/block/model/ItemOverrides$PropertyMatcher;
[09:33:47] [main/DEBUG]: Transforming class Lnet/minecraft/client/renderer/block/model/ItemOverrides$BakedOverride;
[09:33:47] [main/DEBUG]: Transforming net/minecraft/client/renderer/block/model/ItemOverrides$BakedOverride CLASS to access PUBLIC and LEAVE
[09:33:47] [main/DEBUG]: Transforming class Lnet/minecraft/client/renderer/block/model/ItemModelGenerator;
[09:33:47] [main/DEBUG]: Transforming net/minecraft/client/renderer/block/model/ItemModelGenerator METHOD m_111638_(ILjava/lang/String;Lnet/minecraft/client/renderer/texture/SpriteContents;)Ljava/util/List; to access PUBLIC and LEAVE
[09:33:47] [main/DEBUG]: Skipping Lnet/minecraft/client/renderer/block/model/ItemModelGenerator$SpanFacing;
[09:33:47] [main/DEBUG]: Skipping Lnet/minecraft/client/renderer/block/model/ItemModelGenerator$Span;
[09:33:47] [main/DEBUG]: Skipping Lnet/minecraft/client/renderer/block/model/FaceBakery;
[09:33:47] [main/DEBUG]: Skipping Lnet/minecraft/client/renderer/block/model/FaceBakery$1;
[09:33:47] [main/DEBUG]: Transforming class Lnet/minecraft/client/renderer/block/model/BlockModel;
[09:33:47] [main/DEBUG]: Transforming net/minecraft/client/renderer/block/model/BlockModel FIELD f_111424_ to access PUBLIC and LEAVE
[09:33:47] [main/DEBUG]: Transforming net/minecraft/client/renderer/block/model/BlockModel FIELD f_111417_ to access PUBLIC and LEAVE
[09:33:47] [main/DEBUG]: Transforming net/minecraft/client/renderer/block/model/BlockModel FIELD f_111418_ to access PUBLIC and LEAVE
[09:33:47] [main/DEBUG]: Transforming net/minecraft/client/renderer/block/model/BlockModel METHOD m_111437_(Lnet/minecraft/client/renderer/block/model/BlockElement;Lnet/minecraft/client/renderer/block/model/BlockElementFace;Lnet/minecraft/client/renderer/texture/TextureAtlasSprite;Lnet/minecraft/core/Direction;Lnet/minecraft/client/resources/model/ModelState;)Lnet/minecraft/client/renderer/block/model/BakedQuad; to access PUBLIC and LEAVE
[09:33:47] [main/DEBUG]: Skipping Lnet/minecraft/client/renderer/block/model/BlockModel$LoopException;
[09:33:47] [main/DEBUG]: Skipping Lnet/minecraft/client/renderer/block/model/BlockModel$GuiLight;
[09:33:47] [main/DEBUG]: Skipping Lnet/minecraft/client/renderer/block/model/BlockModel$Deserializer;
[09:33:47] [main/DEBUG]: Transforming class Lnet/minecraft/client/renderer/block/model/BlockElementFace;
[09:33:47] [main/DEBUG]: Transforming net/minecraft/client/renderer/block/model/BlockElementFace INNERCLASS Deserializer to access PUBLIC and LEAVE
[09:33:47] [main/DEBUG]: Transforming class Lnet/minecraft/client/renderer/block/model/BlockElementFace$Deserializer;
[09:33:47] [main/DEBUG]: Transforming net/minecraft/client/renderer/block/model/BlockElementFace$Deserializer CLASS to access PUBLIC and LEAVE
[09:33:47] [main/DEBUG]: Transforming net/minecraft/client/renderer/block/model/BlockElementFace$Deserializer METHOD <init>()V to access PUBLIC and LEAVE
[09:33:47] [main/DEBUG]: Skipping Lnet/minecraft/client/renderer/block/model/BakedQuad;
[09:33:47] [main/DEBUG]: Skipping Lnet/minecraft/client/renderer/block/ModelBlockRenderer;
[09:33:47] [main/DEBUG]: Skipping Lnet/minecraft/client/renderer/block/ModelBlockRenderer$SizeInfo;
[09:33:47] [main/DEBUG]: Skipping Lnet/minecraft/client/renderer/block/ModelBlockRenderer$Cache;
[09:33:47] [main/DEBUG]: Skipping Lnet/minecraft/client/renderer/block/ModelBlockRenderer$Cache$2;
[09:33:47] [main/DEBUG]: Skipping Lnet/minecraft/client/renderer/block/ModelBlockRenderer$Cache$1;
[09:33:47] [main/DEBUG]: Skipping Lnet/minecraft/client/renderer/block/ModelBlockRenderer$AmbientVertexRemap;
[09:33:47] [main/DEBUG]: Skipping Lnet/minecraft/client/renderer/block/ModelBlockRenderer$AmbientOcclusionFace;
[09:33:47] [main/DEBUG]: Skipping Lnet/minecraft/client/renderer/block/ModelBlockRenderer$AdjacencyInfo;
[09:33:47] [main/DEBUG]: Skipping Lnet/minecraft/client/renderer/block/ModelBlockRenderer$1;
[09:33:47] [main/DEBUG]: Skipping Lnet/minecraft/client/renderer/block/LiquidBlockRenderer;
[09:33:47] [main/DEBUG]: Skipping Lnet/minecraft/client/renderer/block/LiquidBlockRenderer$1;
[09:33:47] [main/DEBUG]: Skipping Lnet/minecraft/client/renderer/block/BlockRenderDispatcher;
[09:33:47] [main/DEBUG]: Skipping Lnet/minecraft/client/renderer/block/BlockRenderDispatcher$1;
[09:33:47] [main/DEBUG]: Skipping Lnet/minecraft/client/renderer/block/BlockModelShaper;
[09:33:47] [main/DEBUG]: Skipping Lnet/minecraft/client/renderer/VirtualScreen;
[09:33:47] [main/DEBUG]: Skipping Lnet/minecraft/client/renderer/ViewArea;
[09:33:47] [main/DEBUG]: Skipping Lnet/minecraft/client/renderer/SectionOcclusionGraph;
[09:33:47] [main/DEBUG]: Skipping Lnet/minecraft/client/renderer/SectionOcclusionGraph$SectionToNodeMap;
[09:33:47] [main/DEBUG]: Skipping Lnet/minecraft/client/renderer/SectionOcclusionGraph$Node;
[09:33:47] [main/DEBUG]: Skipping Lnet/minecraft/client/renderer/SectionOcclusionGraph$GraphStorage;
[09:33:47] [main/DEBUG]: Skipping Lnet/minecraft/client/renderer/SectionOcclusionGraph$GraphState;
[09:33:47] [main/DEBUG]: Skipping Lnet/minecraft/client/renderer/SectionOcclusionGraph$GraphEvents;
[09:33:47] [main/DEBUG]: Skipping Lnet/minecraft/client/renderer/SectionBufferBuilderPool;
[09:33:47] [main/DEBUG]: Skipping Lnet/minecraft/client/renderer/SectionBufferBuilderPack;
[09:33:47] [main/DEBUG]: Skipping Lnet/minecraft/client/renderer/RunningTrimmedMean;
[09:33:47] [main/DEBUG]: Transforming class Lnet/minecraft/client/renderer/RenderStateShard;
[09:33:47] [main/DEBUG]: Transforming net/minecraft/client/renderer/RenderStateShard INNERCLASS TextureStateShard to access PUBLIC and LEAVE
[09:33:47] [main/DEBUG]: Transforming net/minecraft/client/renderer/RenderStateShard INNERCLASS LayeringStateShard to access PUBLIC and LEAVE
[09:33:47] [main/DEBUG]: Transforming net/minecraft/client/renderer/RenderStateShard INNERCLASS EmptyTextureStateShard to access PUBLIC and LEAVE
[09:33:47] [main/DEBUG]: Transforming net/minecraft/client/renderer/RenderStateShard INNERCLASS WriteMaskStateShard to access PUBLIC and LEAVE
[09:33:47] [main/DEBUG]: Transforming net/minecraft/client/renderer/RenderStateShard INNERCLASS TransparencyStateShard to access PUBLIC and LEAVE
[09:33:47] [main/DEBUG]: Transforming net/minecraft/client/renderer/RenderStateShard INNERCLASS OverlayStateShard to access PUBLIC and LEAVE
[09:33:47] [main/DEBUG]: Transforming net/minecraft/client/renderer/RenderStateShard INNERCLASS OutputStateShard to access PUBLIC and LEAVE
[09:33:47] [main/DEBUG]: Transforming net/minecraft/client/renderer/RenderStateShard INNERCLASS MultiTextureStateShard to access PUBLIC and LEAVE
[09:33:47] [main/DEBUG]: Transforming net/minecraft/client/renderer/RenderStateShard INNERCLASS CullStateShard to access PUBLIC and LEAVE
[09:33:47] [main/DEBUG]: Transforming net/minecraft/client/renderer/RenderStateShard INNERCLASS ShaderStateShard to access PUBLIC and LEAVE
[09:33:47] [main/DEBUG]: Transforming net/minecraft/client/renderer/RenderStateShard INNERCLASS LightmapStateShard to access PUBLIC and LEAVE
[09:33:47] [main/DEBUG]: Transforming net/minecraft/client/renderer/RenderStateShard INNERCLASS DepthTestStateShard to access PUBLIC and LEAVE
[09:33:47] [main/DEBUG]: Transforming net/minecraft/client/renderer/RenderStateShard INNERCLASS TexturingStateShard to access PUBLIC and LEAVE
[09:33:47] [main/DEBUG]: Transforming net/minecraft/client/renderer/RenderStateShard INNERCLASS OffsetTexturingStateShard to access PUBLIC and LEAVE
[09:33:47] [main/DEBUG]: Transforming net/minecraft/client/renderer/RenderStateShard INNERCLASS BooleanStateShard to access PUBLIC and LEAVE
[09:33:47] [main/DEBUG]: Transforming net/minecraft/client/renderer/RenderStateShard FIELD f_110131_ to access PROTECTED and REMOVEFINAL
[09:33:47] [main/DEBUG]: Transforming class Lnet/minecraft/client/renderer/RenderStateShard$WriteMaskStateShard;
[09:33:47] [main/DEBUG]: Transforming net/minecraft/client/renderer/RenderStateShard$WriteMaskStateShard CLASS to access PUBLIC and LEAVE
[09:33:47] [main/DEBUG]: Transforming class Lnet/minecraft/client/renderer/RenderStateShard$TransparencyStateShard;
[09:33:47] [main/DEBUG]: Transforming net/minecraft/client/renderer/RenderStateShard$TransparencyStateShard CLASS to access PUBLIC and LEAVE
[09:33:47] [main/DEBUG]: Transforming class Lnet/minecraft/client/renderer/RenderStateShard$TexturingStateShard;
[09:33:47] [main/DEBUG]: Transforming net/minecraft/client/renderer/RenderStateShard$TexturingStateShard CLASS to access PUBLIC and LEAVE
[09:33:47] [main/DEBUG]: Transforming class Lnet/minecraft/client/renderer/RenderStateShard$TextureStateShard;
[09:33:47] [main/DEBUG]: Transforming net/minecraft/client/renderer/RenderStateShard$TextureStateShard CLASS to access PUBLIC and LEAVE
[09:33:47] [main/DEBUG]: Transforming net/minecraft/client/renderer/RenderStateShard$TextureStateShard FIELD f_110329_ to access PROTECTED and REMOVEFINAL
[09:33:47] [main/DEBUG]: Transforming net/minecraft/client/renderer/RenderStateShard$TextureStateShard FIELD f_110330_ to access PROTECTED and REMOVEFINAL
[09:33:47] [main/DEBUG]: Transforming class Lnet/minecraft/client/renderer/RenderStateShard$ShaderStateShard;
[09:33:47] [main/DEBUG]: Transforming net/minecraft/client/renderer/RenderStateShard$ShaderStateShard CLASS to access PUBLIC and LEAVE
[09:33:47] [main/DEBUG]: Transforming class Lnet/minecraft/client/renderer/RenderStateShard$OverlayStateShard;
[09:33:47] [main/DEBUG]: Transforming net/minecraft/client/renderer/RenderStateShard$OverlayStateShard CLASS to access PUBLIC and LEAVE
[09:33:47] [main/DEBUG]: Transforming class Lnet/minecraft/client/renderer/RenderStateShard$OutputStateShard;
[09:33:47] [main/DEBUG]: Transforming net/minecraft/client/renderer/RenderStateShard$OutputStateShard CLASS to access PUBLIC and LEAVE
[09:33:47] [main/DEBUG]: Transforming class Lnet/minecraft/client/renderer/RenderStateShard$OffsetTexturingStateShard;
[09:33:47] [main/DEBUG]: Transforming net/minecraft/client/renderer/RenderStateShard$OffsetTexturingStateShard CLASS to access PUBLIC and LEAVE
[09:33:47] [main/DEBUG]: Transforming class Lnet/minecraft/client/renderer/RenderStateShard$MultiTextureStateShard;
[09:33:47] [main/DEBUG]: Transforming net/minecraft/client/renderer/RenderStateShard$MultiTextureStateShard CLASS to access PUBLIC and LEAVE
[09:33:47] [main/DEBUG]: Skipping Lnet/minecraft/client/renderer/RenderStateShard$MultiTextureStateShard$Builder;
[09:33:47] [main/DEBUG]: Skipping Lnet/minecraft/client/renderer/RenderStateShard$LineStateShard;
[09:33:47] [main/DEBUG]: Transforming class Lnet/minecraft/client/renderer/RenderStateShard$LightmapStateShard;
[09:33:47] [main/DEBUG]: Transforming net/minecraft/client/renderer/RenderStateShard$LightmapStateShard CLASS to access PUBLIC and LEAVE
[09:33:47] [main/DEBUG]: Transforming class Lnet/minecraft/client/renderer/RenderStateShard$LayeringStateShard;
[09:33:47] [main/DEBUG]: Transforming net/minecraft/client/renderer/RenderStateShard$LayeringStateShard CLASS to access PUBLIC and LEAVE
[09:33:47] [main/DEBUG]: Transforming class Lnet/minecraft/client/renderer/RenderStateShard$EmptyTextureStateShard;
[09:33:47] [main/DEBUG]: Transforming net/minecraft/client/renderer/RenderStateShard$EmptyTextureStateShard CLASS to access PUBLIC and LEAVE
[09:33:47] [main/DEBUG]: Transforming class Lnet/minecraft/client/renderer/RenderStateShard$DepthTestStateShard;
[09:33:47] [main/DEBUG]: Transforming net/minecraft/client/renderer/RenderStateShard$DepthTestStateShard CLASS to access PUBLIC and LEAVE
[09:33:47] [main/DEBUG]: Transforming class Lnet/minecraft/client/renderer/RenderStateShard$CullStateShard;
[09:33:47] [main/DEBUG]: Transforming net/minecraft/client/renderer/RenderStateShard$CullStateShard CLASS to access PUBLIC and LEAVE
[09:33:47] [main/DEBUG]: Skipping Lnet/minecraft/client/renderer/RenderStateShard$ColorLogicStateShard;
[09:33:47] [main/DEBUG]: Transforming class Lnet/minecraft/client/renderer/RenderStateShard$BooleanStateShard;
[09:33:47] [main/DEBUG]: Transforming net/minecraft/client/renderer/RenderStateShard$BooleanStateShard CLASS to access PUBLIC and LEAVE
[09:33:47] [main/DEBUG]: Skipping Lnet/minecraft/client/renderer/RenderBuffers;
[09:33:47] [main/DEBUG]: Skipping Lnet/minecraft/client/renderer/Rect2i;
[09:33:47] [main/DEBUG]: Skipping Lnet/minecraft/client/renderer/PostPass;
[09:33:47] [main/DEBUG]: Skipping Lnet/minecraft/client/renderer/PanoramaRenderer;
[09:33:47] [main/DEBUG]: Skipping Lnet/minecraft/client/renderer/OutlineBufferSource;
[09:33:47] [main/DEBUG]: Skipping Lnet/minecraft/client/renderer/OutlineBufferSource$EntityOutlineGenerator;
[09:33:47] [main/DEBUG]: Skipping Lnet/minecraft/client/renderer/MultiBufferSource;
[09:33:47] [main/DEBUG]: Skipping Lnet/minecraft/client/renderer/MultiBufferSource$BufferSource;
[09:33:47] [main/DEBUG]: Skipping Lnet/minecraft/client/renderer/ItemModelShaper;
[09:33:47] [main/DEBUG]: Skipping Lnet/minecraft/client/renderer/GpuWarnlistManager;
[09:33:47] [main/DEBUG]: Skipping Lnet/minecraft/client/renderer/GpuWarnlistManager$Preparations;
[09:33:47] [main/DEBUG]: Skipping Lnet/minecraft/client/renderer/FaceInfo;
[09:33:47] [main/DEBUG]: Skipping Lnet/minecraft/client/renderer/FaceInfo$VertexInfo;
[09:33:47] [main/DEBUG]: Skipping Lnet/minecraft/client/renderer/FaceInfo$Constants;
[09:33:47] [main/DEBUG]: Skipping Lnet/minecraft/client/renderer/CubeMap;
[09:33:47] [main/DEBUG]: Skipping Lnet/minecraft/client/renderer/BlockEntityWithoutLevelRenderer;
[09:33:47] [main/DEBUG]: Skipping Lnet/minecraft/client/renderer/BiomeColors;
[09:33:47] [main/DEBUG]: Skipping Lnet/minecraft/client/renderer/SpriteCoordinateExpander;
[09:33:47] [main/DEBUG]: Skipping Lnet/minecraft/client/renderer/Sheets;
[09:33:47] [main/DEBUG]: Skipping Lnet/minecraft/client/renderer/Sheets$1;
[09:33:47] [main/DEBUG]: Skipping Lnet/minecraft/client/renderer/ShaderInstance;
[09:33:47] [main/DEBUG]: Skipping Lnet/minecraft/client/renderer/ShaderInstance$1;
[09:33:47] [main/DEBUG]: Skipping Lnet/minecraft/client/renderer/ScreenEffectRenderer;
[09:33:47] [main/DEBUG]: Transforming class Lnet/minecraft/client/renderer/RenderType;
[09:33:47] [main/DEBUG]: Transforming net/minecraft/client/renderer/RenderType INNERCLASS CompositeState to access PUBLIC and LEAVE
[09:33:47] [main/DEBUG]: Transforming net/minecraft/client/renderer/RenderType METHOD m_173215_(Ljava/lang/String;Lcom/mojang/blaze3d/vertex/VertexFormat;Lcom/mojang/blaze3d/vertex/VertexFormat$Mode;IZZLnet/minecraft/client/renderer/RenderType$CompositeState;)Lnet/minecraft/client/renderer/RenderType$CompositeRenderType; to access PUBLIC and LEAVE
[09:33:47] [main/DEBUG]: Skipping Lnet/minecraft/client/renderer/RenderType$OutlineProperty;
[09:33:47] [main/DEBUG]: Transforming class Lnet/minecraft/client/renderer/RenderType$CompositeState;
[09:33:47] [main/DEBUG]: Transforming net/minecraft/client/renderer/RenderType$CompositeState CLASS to access PUBLIC and LEAVE
[09:33:47] [main/DEBUG]: Skipping Lnet/minecraft/client/renderer/RenderType$CompositeState$CompositeStateBuilder;
[09:33:47] [main/DEBUG]: Skipping Lnet/minecraft/client/renderer/RenderType$CompositeRenderType;
[09:33:47] [main/DEBUG]: Skipping Lnet/minecraft/client/renderer/PostChain;
[09:33:47] [main/DEBUG]: Skipping Lnet/minecraft/client/renderer/LightTexture;
[09:33:47] [main/DEBUG]: Transforming class Lnet/minecraft/client/renderer/LevelRenderer;
[09:33:47] [main/DEBUG]: Transforming net/minecraft/client/renderer/LevelRenderer METHOD m_109817_()Z to access PUBLIC and LEAVE
[09:33:47] [main/DEBUG]: Skipping Lnet/minecraft/client/renderer/LevelRenderer$TransparencyShaderException;
[09:33:47] [main/DEBUG]: Skipping Lnet/minecraft/client/renderer/LevelRenderer$1;
[09:33:47] [main/DEBUG]: Skipping Lnet/minecraft/client/renderer/ItemInHandRenderer;
[09:33:47] [main/DEBUG]: Skipping Lnet/minecraft/client/renderer/ItemInHandRenderer$HandRenderSelection;
[09:33:47] [main/DEBUG]: Skipping Lnet/minecraft/client/renderer/ItemInHandRenderer$1;
[09:33:47] [main/DEBUG]: Skipping Lnet/minecraft/client/renderer/ItemBlockRenderTypes;
[09:33:47] [main/DEBUG]: Transforming class Lnet/minecraft/client/renderer/GameRenderer;
[09:33:47] [main/DEBUG]: Transforming net/minecraft/client/renderer/GameRenderer METHOD m_109128_(Lnet/minecraft/resources/ResourceLocation;)V to access PUBLIC and LEAVE
[09:33:47] [main/DEBUG]: Skipping Lnet/minecraft/client/renderer/GameRenderer$ResourceCache;
[09:33:47] [main/DEBUG]: Skipping Lnet/minecraft/client/renderer/GameRenderer$1;
[09:33:47] [main/DEBUG]: Skipping Lnet/minecraft/client/renderer/FogRenderer;
[09:33:47] [main/DEBUG]: Skipping Lnet/minecraft/client/renderer/FogRenderer$MobEffectFogFunction;
[09:33:47] [main/DEBUG]: Skipping Lnet/minecraft/client/renderer/FogRenderer$FogMode;
[09:33:47] [main/DEBUG]: Skipping Lnet/minecraft/client/renderer/FogRenderer$FogData;
[09:33:47] [main/DEBUG]: Skipping Lnet/minecraft/client/renderer/FogRenderer$DarknessFogFunction;
[09:33:47] [main/DEBUG]: Skipping Lnet/minecraft/client/renderer/FogRenderer$BlindnessFogFunction;
[09:33:47] [main/DEBUG]: Skipping Lnet/minecraft/client/renderer/EffectInstance;
[09:33:47] [main/DEBUG]: Skipping Lnet/minecraft/client/renderer/DimensionSpecialEffects;
[09:33:47] [main/DEBUG]: Skipping Lnet/minecraft/client/renderer/DimensionSpecialEffects$SkyType;
[09:33:47] [main/DEBUG]: Skipping Lnet/minecraft/client/renderer/DimensionSpecialEffects$OverworldEffects;
[09:33:47] [main/DEBUG]: Skipping Lnet/minecraft/client/renderer/DimensionSpecialEffects$NetherEffects;
[09:33:47] [main/DEBUG]: Skipping Lnet/minecraft/client/renderer/DimensionSpecialEffects$EndEffects;
[09:33:47] [main/DEBUG]: Skipping Lnet/minecraft/client/quickplay/package-info;
[09:33:47] [main/DEBUG]: Skipping Lnet/minecraft/client/quickplay/QuickPlayLog;
[09:33:47] [main/DEBUG]: Skipping Lnet/minecraft/client/quickplay/QuickPlayLog$Type;
[09:33:47] [main/DEBUG]: Skipping Lnet/minecraft/client/quickplay/QuickPlayLog$QuickPlayWorld;
[09:33:47] [main/DEBUG]: Skipping Lnet/minecraft/client/quickplay/QuickPlayLog$QuickPlayEntry;
[09:33:47] [main/DEBUG]: Skipping Lnet/minecraft/client/quickplay/QuickPlayLog$1;
[09:33:47] [main/DEBUG]: Skipping Lnet/minecraft/client/quickplay/QuickPlay;
[09:33:47] [main/DEBUG]: Skipping Lnet/minecraft/client/profiling/package-info;
[09:33:47] [main/DEBUG]: Skipping Lnet/minecraft/client/profiling/ClientMetricsSamplersProvider;
[09:33:47] [main/DEBUG]: Skipping Lnet/minecraft/client/player/package-info;
[09:33:47] [main/DEBUG]: Skipping Lnet/minecraft/client/player/inventory/package-info;
[09:33:47] [main/DEBUG]: Skipping Lnet/minecraft/client/player/inventory/Hotbar;
[09:33:47] [main/DEBUG]: Skipping Lnet/minecraft/client/player/KeyboardInput;
[09:33:47] [main/DEBUG]: Skipping Lnet/minecraft/client/player/Input;
[09:33:47] [main/DEBUG]: Skipping Lnet/minecraft/client/player/RemotePlayer;
[09:33:47] [main/DEBUG]: Transforming class Lnet/minecraft/client/player/LocalPlayer;
[09:33:47] [main/DEBUG]: Transforming net/minecraft/client/player/LocalPlayer METHOD m_8088_()I to access PUBLIC and LEAVE
[09:33:47] [main/DEBUG]: Skipping Lnet/minecraft/client/player/AbstractClientPlayer;
[09:33:47] [main/DEBUG]: Skipping Lnet/minecraft/client/particle/package-info;
[09:33:47] [main/DEBUG]: Skipping Lnet/minecraft/client/particle/WhiteSmokeParticle;
[09:33:47] [main/DEBUG]: Skipping Lnet/minecraft/client/particle/WhiteSmokeParticle$Provider;
[09:33:47] [main/DEBUG]: Skipping Lnet/minecraft/client/particle/WhiteAshParticle;
[09:33:47] [main/DEBUG]: Skipping Lnet/minecraft/client/particle/WhiteAshParticle$Provider;
[09:33:47] [main/DEBUG]: Skipping Lnet/minecraft/client/particle/WaterDropParticle;
[09:33:47] [main/DEBUG]: Skipping Lnet/minecraft/client/particle/WaterDropParticle$Provider;
[09:33:47] [main/DEBUG]: Skipping Lnet/minecraft/client/particle/WaterCurrentDownParticle;
[09:33:47] [main/DEBUG]: Skipping Lnet/minecraft/client/particle/WaterCurrentDownParticle$Provider;
[09:33:47] [main/DEBUG]: Skipping Lnet/minecraft/client/particle/WakeParticle;
[09:33:47] [main/DEBUG]: Skipping Lnet/minecraft/client/particle/WakeParticle$Provider;
[09:33:47] [main/DEBUG]: Skipping Lnet/minecraft/client/particle/TrialSpawnerDetectionParticle;
[09:33:47] [main/DEBUG]: Skipping Lnet/minecraft/client/particle/TrialSpawnerDetectionParticle$Provider;
[09:33:47] [main/DEBUG]: Skipping Lnet/minecraft/client/particle/TrackingEmitter;
[09:33:47] [main/DEBUG]: Skipping Lnet/minecraft/client/particle/TotemParticle;
[09:33:47] [main/DEBUG]: Skipping Lnet/minecraft/client/particle/TotemParticle$Provider;
[09:33:47] [main/DEBUG]: Skipping Lnet/minecraft/client/particle/TextureSheetParticle;
[09:33:47] [main/DEBUG]: Skipping Lnet/minecraft/client/particle/SuspendedTownParticle;
[09:33:47] [main/DEBUG]: Skipping Lnet/minecraft/client/particle/SuspendedTownParticle$Provider;
[09:33:47] [main/DEBUG]: Skipping Lnet/minecraft/client/particle/SuspendedTownParticle$HappyVillagerProvider;
[09:33:47] [main/DEBUG]: Skipping Lnet/minecraft/client/particle/SuspendedTownParticle$EggCrackProvider;
[09:33:47] [main/DEBUG]: Skipping Lnet/minecraft/client/particle/SuspendedTownParticle$DolphinSpeedProvider;
[09:33:47] [main/DEBUG]: Skipping Lnet/minecraft/client/particle/SuspendedTownParticle$ComposterFillProvider;
[09:33:47] [main/DEBUG]: Skipping Lnet/minecraft/client/particle/SuspendedParticle;
[09:33:47] [main/DEBUG]: Skipping Lnet/minecraft/client/particle/SuspendedParticle$WarpedSporeProvider;
[09:33:47] [main/DEBUG]: Skipping Lnet/minecraft/client/particle/SuspendedParticle$UnderwaterProvider;
[09:33:47] [main/DEBUG]: Skipping Lnet/minecraft/client/particle/SuspendedParticle$SporeBlossomAirProvider;
[09:33:47] [main/DEBUG]: Skipping Lnet/minecraft/client/particle/SuspendedParticle$SporeBlossomAirProvider$1;
[09:33:47] [main/DEBUG]: Skipping Lnet/minecraft/client/particle/SuspendedParticle$CrimsonSporeProvider;
[09:33:47] [main/DEBUG]: Skipping Lnet/minecraft/client/particle/SquidInkParticle;
[09:33:47] [main/DEBUG]: Skipping Lnet/minecraft/client/particle/SquidInkParticle$Provider;
[09:33:47] [main/DEBUG]: Skipping Lnet/minecraft/client/particle/SquidInkParticle$GlowInkProvider;
[09:33:47] [main/DEBUG]: Skipping Lnet/minecraft/client/particle/SpriteSet;
[09:33:47] [main/DEBUG]: Skipping Lnet/minecraft/client/particle/SplashParticle;
[09:33:47] [main/DEBUG]: Skipping Lnet/minecraft/client/particle/SplashParticle$Provider;
[09:33:47] [main/DEBUG]: Skipping Lnet/minecraft/client/particle/SpitParticle;
[09:33:47] [main/DEBUG]: Skipping Lnet/minecraft/client/particle/SpitParticle$Provider;
[09:33:47] [main/DEBUG]: Skipping Lnet/minecraft/client/particle/SpellParticle;
[09:33:47] [main/DEBUG]: Skipping Lnet/minecraft/client/particle/SpellParticle$WitchProvider;
[09:33:47] [main/DEBUG]: Skipping Lnet/minecraft/client/particle/SpellParticle$Provider;
[09:33:47] [main/DEBUG]: Skipping Lnet/minecraft/client/particle/SpellParticle$MobEffectProvider;
[09:33:47] [main/DEBUG]: Skipping Lnet/minecraft/client/particle/SpellParticle$InstantProvider;
[09:33:47] [main/DEBUG]: Skipping Lnet/minecraft/client/particle/SoulParticle;
[09:33:47] [main/DEBUG]: Skipping Lnet/minecraft/client/particle/SoulParticle$Provider;
[09:33:47] [main/DEBUG]: Skipping Lnet/minecraft/client/particle/SoulParticle$EmissiveProvider;
[09:33:47] [main/DEBUG]: Skipping Lnet/minecraft/client/particle/SonicBoomParticle;
[09:33:47] [main/DEBUG]: Skipping Lnet/minecraft/client/particle/SonicBoomParticle$Provider;
[09:33:47] [main/DEBUG]: Skipping Lnet/minecraft/client/particle/SnowflakeParticle;
[09:33:47] [main/DEBUG]: Skipping Lnet/minecraft/client/particle/SnowflakeParticle$Provider;
[09:33:47] [main/DEBUG]: Skipping Lnet/minecraft/client/particle/SmokeParticle;
[09:33:47] [main/DEBUG]: Skipping Lnet/minecraft/client/particle/SmokeParticle$Provider;
[09:33:47] [main/DEBUG]: Skipping Lnet/minecraft/client/particle/SingleQuadParticle;
[09:33:47] [main/DEBUG]: Skipping Lnet/minecraft/client/particle/SingleQuadParticle$FacingCameraMode;
[09:33:47] [main/DEBUG]: Skipping Lnet/minecraft/client/particle/SimpleAnimatedParticle;
[09:33:47] [main/DEBUG]: Skipping Lnet/minecraft/client/particle/ShriekParticle;
[09:33:47] [main/DEBUG]: Skipping Lnet/minecraft/client/particle/ShriekParticle$Provider;
[09:33:47] [main/DEBUG]: Skipping Lnet/minecraft/client/particle/SculkChargePopParticle;
[09:33:47] [main/DEBUG]: Skipping Lnet/minecraft/client/particle/SculkChargePopParticle$Provider;
[09:33:47] [main/DEBUG]: Skipping Lnet/minecraft/client/particle/SculkChargeParticle;
[09:33:47] [main/DEBUG]: Skipping Lnet/minecraft/client/particle/SculkChargeParticle$Provider;
[09:33:47] [main/DEBUG]: Skipping Lnet/minecraft/client/particle/RisingParticle;
[09:33:47] [main/DEBUG]: Skipping Lnet/minecraft/client/particle/PlayerCloudParticle;
[09:33:47] [main/DEBUG]: Skipping Lnet/minecraft/client/particle/PlayerCloudParticle$SneezeProvider;
[09:33:47] [main/DEBUG]: Skipping Lnet/minecraft/client/particle/PlayerCloudParticle$Provider;
[09:33:47] [main/DEBUG]: Skipping Lnet/minecraft/client/particle/ParticleRenderType;
[09:33:47] [main/DEBUG]: Skipping Lnet/minecraft/client/particle/ParticleRenderType$6;
[09:33:47] [main/DEBUG]: Skipping Lnet/minecraft/client/particle/ParticleRenderType$5;
[09:33:47] [main/DEBUG]: Skipping Lnet/minecraft/client/particle/ParticleRenderType$4;
[09:33:47] [main/DEBUG]: Skipping Lnet/minecraft/client/particle/ParticleRenderType$3;
[09:33:47] [main/DEBUG]: Skipping Lnet/minecraft/client/particle/ParticleRenderType$2;
[09:33:47] [main/DEBUG]: Skipping Lnet/minecraft/client/particle/ParticleRenderType$1;
[09:33:47] [main/DEBUG]: Skipping Lnet/minecraft/client/particle/ParticleProvider;
[09:33:47] [main/DEBUG]: Skipping Lnet/minecraft/client/particle/ParticleProvider$Sprite;
[09:33:47] [main/DEBUG]: Skipping Lnet/minecraft/client/particle/ParticleDescription;
[09:33:47] [main/DEBUG]: Skipping Lnet/minecraft/client/particle/NoteParticle;
[09:33:47] [main/DEBUG]: Skipping Lnet/minecraft/client/particle/NoteParticle$Provider;
[09:33:47] [main/DEBUG]: Skipping Lnet/minecraft/client/particle/NoRenderParticle;
[09:33:47] [main/DEBUG]: Skipping Lnet/minecraft/client/particle/MobAppearanceParticle;
[09:33:47] [main/DEBUG]: Skipping Lnet/minecraft/client/particle/MobAppearanceParticle$Provider;
[09:33:47] [main/DEBUG]: Skipping Lnet/minecraft/client/particle/LavaParticle;
[09:33:47] [main/DEBUG]: Skipping Lnet/minecraft/client/particle/LavaParticle$Provider;
[09:33:47] [main/DEBUG]: Skipping Lnet/minecraft/client/particle/LargeSmokeParticle;
[09:33:47] [main/DEBUG]: Skipping Lnet/minecraft/client/particle/LargeSmokeParticle$Provider;
[09:33:47] [main/DEBUG]: Skipping Lnet/minecraft/client/particle/ItemPickupParticle;
[09:33:47] [main/DEBUG]: Skipping Lnet/minecraft/client/particle/HugeExplosionSeedParticle;
[09:33:47] [main/DEBUG]: Skipping Lnet/minecraft/client/particle/HugeExplosionSeedParticle$Provider;
[09:33:47] [main/DEBUG]: Skipping Lnet/minecraft/client/particle/HugeExplosionParticle;
[09:33:47] [main/DEBUG]: Skipping Lnet/minecraft/client/particle/HugeExplosionParticle$Provider;
[09:33:47] [main/DEBUG]: Skipping Lnet/minecraft/client/particle/HeartParticle;
[09:33:47] [main/DEBUG]: Skipping Lnet/minecraft/client/particle/HeartParticle$Provider;
[09:33:47] [main/DEBUG]: Skipping Lnet/minecraft/client/particle/HeartParticle$AngryVillagerProvider;
[09:33:47] [main/DEBUG]: Skipping Lnet/minecraft/client/particle/GustSeedParticle;
[09:33:47] [main/DEBUG]: Skipping Lnet/minecraft/client/particle/GustSeedParticle$Provider;
[09:33:47] [main/DEBUG]: Skipping Lnet/minecraft/client/particle/GustParticle;
[09:33:47] [main/DEBUG]: Skipping Lnet/minecraft/client/particle/GustParticle$SmallProvider;
[09:33:47] [main/DEBUG]: Skipping Lnet/minecraft/client/particle/GustParticle$Provider;
[09:33:47] [main/DEBUG]: Skipping Lnet/minecraft/client/particle/GlowParticle;
[09:33:47] [main/DEBUG]: Skipping Lnet/minecraft/client/particle/GlowParticle$WaxOnProvider;
[09:33:47] [main/DEBUG]: Skipping Lnet/minecraft/client/particle/GlowParticle$WaxOffProvider;
[09:33:47] [main/DEBUG]: Skipping Lnet/minecraft/client/particle/GlowParticle$ScrapeProvider;
[09:33:47] [main/DEBUG]: Skipping Lnet/minecraft/client/particle/GlowParticle$GlowSquidProvider;
[09:33:47] [main/DEBUG]: Skipping Lnet/minecraft/client/particle/GlowParticle$ElectricSparkProvider;
[09:33:47] [main/DEBUG]: Skipping Lnet/minecraft/client/particle/FlyStraightTowardsParticle;
[09:33:47] [main/DEBUG]: Skipping Lnet/minecraft/client/particle/FlyStraightTowardsParticle$OminousSpawnProvider;
[09:33:47] [main/DEBUG]: Skipping Lnet/minecraft/client/particle/FlameParticle;
[09:33:47] [main/DEBUG]: Skipping Lnet/minecraft/client/particle/FlameParticle$SmallFlameProvider;
[09:33:47] [main/DEBUG]: Skipping Lnet/minecraft/client/particle/FlameParticle$Provider;
[09:33:47] [main/DEBUG]: Skipping Lnet/minecraft/client/particle/FallingDustParticle;
[09:33:47] [main/DEBUG]: Skipping Lnet/minecraft/client/particle/FallingDustParticle$Provider;
[09:33:47] [main/DEBUG]: Skipping Lnet/minecraft/client/particle/ExplodeParticle;
[09:33:47] [main/DEBUG]: Skipping Lnet/minecraft/client/particle/ExplodeParticle$Provider;
[09:33:47] [main/DEBUG]: Skipping Lnet/minecraft/client/particle/EndRodParticle;
[09:33:47] [main/DEBUG]: Skipping Lnet/minecraft/client/particle/EndRodParticle$Provider;
[09:33:47] [main/DEBUG]: Skipping Lnet/minecraft/client/particle/DustPlumeParticle;
[09:33:47] [main/DEBUG]: Skipping Lnet/minecraft/client/particle/DustPlumeParticle$Provider;
[09:33:47] [main/DEBUG]: Skipping Lnet/minecraft/client/particle/DustParticleBase;
[09:33:47] [main/DEBUG]: Skipping Lnet/minecraft/client/particle/DustParticle;
[09:33:47] [main/DEBUG]: Skipping Lnet/minecraft/client/particle/DustParticle$Provider;
[09:33:47] [main/DEBUG]: Skipping Lnet/minecraft/client/particle/DustColorTransitionParticle;
[09:33:47] [main/DEBUG]: Skipping Lnet/minecraft/client/particle/DustColorTransitionParticle$Provider;
[09:33:47] [main/DEBUG]: Skipping Lnet/minecraft/client/particle/DripParticle;
[09:33:47] [main/DEBUG]: Skipping Lnet/minecraft/client/particle/DripParticle$HoneyFallAndLandParticle;
[09:33:47] [main/DEBUG]: Skipping Lnet/minecraft/client/particle/DripParticle$FallingParticle;
[09:33:47] [main/DEBUG]: Skipping Lnet/minecraft/client/particle/DripParticle$FallAndLandParticle;
[09:33:47] [main/DEBUG]: Skipping Lnet/minecraft/client/particle/DripParticle$DripstoneFallAndLandParticle;
[09:33:47] [main/DEBUG]: Skipping Lnet/minecraft/client/particle/DripParticle$DripLandParticle;
[09:33:47] [main/DEBUG]: Skipping Lnet/minecraft/client/particle/DripParticle$DripHangParticle;
[09:33:47] [main/DEBUG]: Skipping Lnet/minecraft/client/particle/DripParticle$CoolingDripHangParticle;
[09:33:47] [main/DEBUG]: Skipping Lnet/minecraft/client/particle/DragonBreathParticle;
[09:33:47] [main/DEBUG]: Skipping Lnet/minecraft/client/particle/DragonBreathParticle$Provider;
[09:33:47] [main/DEBUG]: Skipping Lnet/minecraft/client/particle/CritParticle;
[09:33:47] [main/DEBUG]: Skipping Lnet/minecraft/client/particle/CritParticle$Provider;
[09:33:47] [main/DEBUG]: Skipping Lnet/minecraft/client/particle/CritParticle$MagicProvider;
[09:33:47] [main/DEBUG]: Skipping Lnet/minecraft/client/particle/CritParticle$DamageIndicatorProvider;
[09:33:47] [main/DEBUG]: Skipping Lnet/minecraft/client/particle/CherryParticle;
[09:33:47] [main/DEBUG]: Skipping Lnet/minecraft/client/particle/CampfireSmokeParticle;
[09:33:47] [main/DEBUG]: Skipping Lnet/minecraft/client/particle/CampfireSmokeParticle$SignalProvider;
[09:33:47] [main/DEBUG]: Skipping Lnet/minecraft/client/particle/CampfireSmokeParticle$CosyProvider;
[09:33:47] [main/DEBUG]: Skipping Lnet/minecraft/client/particle/BubblePopParticle;
[09:33:47] [main/DEBUG]: Skipping Lnet/minecraft/client/particle/BubblePopParticle$Provider;
[09:33:47] [main/DEBUG]: Skipping Lnet/minecraft/client/particle/BubbleParticle;
[09:33:47] [main/DEBUG]: Skipping Lnet/minecraft/client/particle/BubbleParticle$Provider;
[09:33:47] [main/DEBUG]: Skipping Lnet/minecraft/client/particle/BubbleColumnUpParticle;
[09:33:47] [main/DEBUG]: Skipping Lnet/minecraft/client/particle/BubbleColumnUpParticle$Provider;
[09:33:47] [main/DEBUG]: Skipping Lnet/minecraft/client/particle/BlockMarker;
[09:33:47] [main/DEBUG]: Skipping Lnet/minecraft/client/particle/BlockMarker$Provider;
[09:33:47] [main/DEBUG]: Skipping Lnet/minecraft/client/particle/BaseAshSmokeParticle;
[09:33:47] [main/DEBUG]: Skipping Lnet/minecraft/client/particle/AttackSweepParticle;
[09:33:47] [main/DEBUG]: Skipping Lnet/minecraft/client/particle/AttackSweepParticle$Provider;
[09:33:47] [main/DEBUG]: Skipping Lnet/minecraft/client/particle/AshParticle;
[09:33:47] [main/DEBUG]: Skipping Lnet/minecraft/client/particle/AshParticle$Provider;
[09:33:47] [main/DEBUG]: Skipping Lnet/minecraft/client/particle/VibrationSignalParticle;
[09:33:47] [main/DEBUG]: Skipping Lnet/minecraft/client/particle/VibrationSignalParticle$Provider;
[09:33:47] [main/DEBUG]: Skipping Lnet/minecraft/client/particle/TerrainParticle;
[09:33:47] [main/DEBUG]: Skipping Lnet/minecraft/client/particle/TerrainParticle$Provider;
[09:33:47] [main/DEBUG]: Skipping Lnet/minecraft/client/particle/TerrainParticle$DustPillarProvider;
[09:33:47] [main/DEBUG]: Skipping Lnet/minecraft/client/particle/ReversePortalParticle;
[09:33:47] [main/DEBUG]: Skipping Lnet/minecraft/client/particle/ReversePortalParticle$ReversePortalProvider;
[09:33:47] [main/DEBUG]: Skipping Lnet/minecraft/client/particle/PortalParticle;
[09:33:47] [main/DEBUG]: Skipping Lnet/minecraft/client/particle/PortalParticle$Provider;
[09:33:47] [main/DEBUG]: Transforming class Lnet/minecraft/client/particle/ParticleEngine;
[09:33:47] [main/DEBUG]: Transforming net/minecraft/client/particle/ParticleEngine INNERCLASS SpriteParticleRegistration to access PUBLIC and LEAVE
[09:33:47] [main/DEBUG]: Transforming net/minecraft/client/particle/ParticleEngine METHOD m_107381_(Lnet/minecraft/core/particles/ParticleType;Lnet/minecraft/client/particle/ParticleProvider;)V to access PUBLIC and LEAVE
[09:33:47] [main/DEBUG]: Transforming net/minecraft/client/particle/ParticleEngine METHOD m_272137_(Lnet/minecraft/core/particles/ParticleType;Lnet/minecraft/client/particle/ParticleProvider$Sprite;)V to access PUBLIC and LEAVE
[09:33:47] [main/DEBUG]: Transforming net/minecraft/client/particle/ParticleEngine METHOD m_107378_(Lnet/minecraft/core/particles/ParticleType;Lnet/minecraft/client/particle/ParticleEngine$SpriteParticleRegistration;)V to access PUBLIC and LEAVE
[09:33:47] [main/DEBUG]: Transforming class Lnet/minecraft/client/particle/ParticleEngine$SpriteParticleRegistration;
[09:33:47] [main/DEBUG]: Transforming net/minecraft/client/particle/ParticleEngine$SpriteParticleRegistration CLASS to access PUBLIC and LEAVE
[09:33:47] [main/DEBUG]: Skipping Lnet/minecraft/client/particle/ParticleEngine$MutableSpriteSet;
[09:33:47] [main/DEBUG]: Skipping Lnet/minecraft/client/particle/ParticleEngine$1ParticleDefinition;
[09:33:47] [main/DEBUG]: Skipping Lnet/minecraft/client/particle/Particle;
[09:33:47] [main/DEBUG]: Skipping Lnet/minecraft/client/particle/Particle$LifetimeAlpha;
[09:33:47] [main/DEBUG]: Skipping Lnet/minecraft/client/particle/FlyTowardsPositionParticle;
[09:33:47] [main/DEBUG]: Skipping Lnet/minecraft/client/particle/FlyTowardsPositionParticle$VaultConnectionProvider;
[09:33:47] [main/DEBUG]: Skipping Lnet/minecraft/client/particle/FlyTowardsPositionParticle$NautilusProvider;
[09:33:47] [main/DEBUG]: Skipping Lnet/minecraft/client/particle/FlyTowardsPositionParticle$EnchantProvider;
[09:33:47] [main/DEBUG]: Skipping Lnet/minecraft/client/particle/FireworkParticles;
[09:33:47] [main/DEBUG]: Skipping Lnet/minecraft/client/particle/FireworkParticles$Starter;
[09:33:47] [main/DEBUG]: Skipping Lnet/minecraft/client/particle/FireworkParticles$SparkProvider;
[09:33:47] [main/DEBUG]: Skipping Lnet/minecraft/client/particle/FireworkParticles$SparkParticle;
[09:33:47] [main/DEBUG]: Skipping Lnet/minecraft/client/particle/FireworkParticles$OverlayParticle;
[09:33:47] [main/DEBUG]: Skipping Lnet/minecraft/client/particle/FireworkParticles$FlashProvider;
[09:33:47] [main/DEBUG]: Skipping Lnet/minecraft/client/particle/FireworkParticles$1;
[09:33:47] [main/DEBUG]: Skipping Lnet/minecraft/client/particle/BreakingItemParticle;
[09:33:47] [main/DEBUG]: Skipping Lnet/minecraft/client/particle/BreakingItemParticle$SnowballProvider;
[09:33:47] [main/DEBUG]: Skipping Lnet/minecraft/client/particle/BreakingItemParticle$SlimeProvider;
[09:33:47] [main/DEBUG]: Skipping Lnet/minecraft/client/particle/BreakingItemParticle$Provider;
[09:33:47] [main/DEBUG]: Skipping Lnet/minecraft/client/particle/BreakingItemParticle$CobwebProvider;
[09:33:47] [main/DEBUG]: Skipping Lnet/minecraft/client/package-info;
[09:33:47] [main/DEBUG]: Skipping Lnet/minecraft/client/multiplayer/resolver/package-info;
[09:33:47] [main/DEBUG]: Skipping Lnet/minecraft/client/multiplayer/resolver/ServerRedirectHandler;
[09:33:47] [main/DEBUG]: Skipping Lnet/minecraft/client/multiplayer/resolver/ServerNameResolver;
[09:33:47] [main/DEBUG]: Skipping Lnet/minecraft/client/multiplayer/resolver/ServerAddressResolver;
[09:33:47] [main/DEBUG]: Skipping Lnet/minecraft/client/multiplayer/resolver/ServerAddress;
[09:33:47] [main/DEBUG]: Skipping Lnet/minecraft/client/multiplayer/resolver/ResolvedServerAddress;
[09:33:47] [main/DEBUG]: Skipping Lnet/minecraft/client/multiplayer/resolver/ResolvedServerAddress$1;
[09:33:47] [main/DEBUG]: Skipping Lnet/minecraft/client/multiplayer/resolver/AddressCheck;
[09:33:47] [main/DEBUG]: Skipping Lnet/minecraft/client/multiplayer/resolver/AddressCheck$1;
[09:33:47] [main/DEBUG]: Skipping Lnet/minecraft/client/multiplayer/prediction/package-info;
[09:33:47] [main/DEBUG]: Skipping Lnet/minecraft/client/multiplayer/prediction/PredictiveAction;
[09:33:47] [main/DEBUG]: Skipping Lnet/minecraft/client/multiplayer/prediction/BlockStatePredictionHandler;
[09:33:47] [main/DEBUG]: Skipping Lnet/minecraft/client/multiplayer/prediction/BlockStatePredictionHandler$ServerVerifiedState;
[09:33:47] [main/DEBUG]: Skipping Lnet/minecraft/client/multiplayer/package-info;
[09:33:47] [main/DEBUG]: Skipping Lnet/minecraft/client/multiplayer/chat/report/package-info;
[09:33:47] [main/DEBUG]: Skipping Lnet/minecraft/client/multiplayer/chat/report/SkinReport;
[09:33:47] [main/DEBUG]: Skipping Lnet/minecraft/client/multiplayer/chat/report/SkinReport$Builder;
[09:33:47] [main/DEBUG]: Skipping Lnet/minecraft/client/multiplayer/chat/report/ReportingContext;
[09:33:47] [main/DEBUG]: Skipping Lnet/minecraft/client/multiplayer/chat/report/ReportType;
[09:33:47] [main/DEBUG]: Skipping Lnet/minecraft/client/multiplayer/chat/report/ReportReason;
[09:33:47] [main/DEBUG]: Skipping Lnet/minecraft/client/multiplayer/chat/report/ReportEnvironment;
[09:33:47] [main/DEBUG]: Skipping Lnet/minecraft/client/multiplayer/chat/report/ReportEnvironment$Server;
[09:33:47] [main/DEBUG]: Skipping Lnet/minecraft/client/multiplayer/chat/report/ReportEnvironment$Server$ThirdParty;
[09:33:47] [main/DEBUG]: Skipping Lnet/minecraft/client/multiplayer/chat/report/ReportEnvironment$Server$Realm;
[09:33:47] [main/DEBUG]: Skipping Lnet/minecraft/client/multiplayer/chat/report/Report;
[09:33:47] [main/DEBUG]: Skipping Lnet/minecraft/client/multiplayer/chat/report/Report$Result;
[09:33:47] [main/DEBUG]: Skipping Lnet/minecraft/client/multiplayer/chat/report/Report$CannotBuildReason;
[09:33:47] [main/DEBUG]: Skipping Lnet/minecraft/client/multiplayer/chat/report/Report$Builder;
[09:33:47] [main/DEBUG]: Skipping Lnet/minecraft/client/multiplayer/chat/report/NameReport;
[09:33:47] [main/DEBUG]: Skipping Lnet/minecraft/client/multiplayer/chat/report/NameReport$Builder;
[09:33:47] [main/DEBUG]: Skipping Lnet/minecraft/client/multiplayer/chat/report/ChatReportContextBuilder;
[09:33:47] [main/DEBUG]: Skipping Lnet/minecraft/client/multiplayer/chat/report/ChatReportContextBuilder$Handler;
[09:33:47] [main/DEBUG]: Skipping Lnet/minecraft/client/multiplayer/chat/report/ChatReportContextBuilder$Collector;
[09:33:47] [main/DEBUG]: Skipping Lnet/minecraft/client/multiplayer/chat/report/ChatReport;
[09:33:47] [main/DEBUG]: Skipping Lnet/minecraft/client/multiplayer/chat/report/ChatReport$Builder;
[09:33:47] [main/DEBUG]: Skipping Lnet/minecraft/client/multiplayer/chat/report/BanReason;
[09:33:47] [main/DEBUG]: Skipping Lnet/minecraft/client/multiplayer/chat/report/AbuseReportSender;
[09:33:47] [main/DEBUG]: Skipping Lnet/minecraft/client/multiplayer/chat/report/AbuseReportSender$Services;
[09:33:47] [main/DEBUG]: Skipping Lnet/minecraft/client/multiplayer/chat/report/AbuseReportSender$SendException;
[09:33:47] [main/DEBUG]: Skipping Lnet/minecraft/client/multiplayer/chat/report/AbuseReportSender$1;
[09:33:47] [main/DEBUG]: Skipping Lnet/minecraft/client/multiplayer/chat/package-info;
[09:33:47] [main/DEBUG]: Skipping Lnet/minecraft/client/multiplayer/chat/LoggedChatMessage;
[09:33:47] [main/DEBUG]: Skipping Lnet/minecraft/client/multiplayer/chat/LoggedChatMessage$System;
[09:33:47] [main/DEBUG]: Skipping Lnet/minecraft/client/multiplayer/chat/LoggedChatMessage$Player;
[09:33:47] [main/DEBUG]: Skipping Lnet/minecraft/client/multiplayer/chat/LoggedChatEvent;
[09:33:47] [main/DEBUG]: Skipping Lnet/minecraft/client/multiplayer/chat/LoggedChatEvent$Type;
[09:33:47] [main/DEBUG]: Skipping Lnet/minecraft/client/multiplayer/chat/ChatTrustLevel;
[09:33:47] [main/DEBUG]: Skipping Lnet/minecraft/client/multiplayer/chat/ChatLog;
[09:33:47] [main/DEBUG]: Skipping Lnet/minecraft/client/multiplayer/chat/ChatListener;
[09:33:47] [main/DEBUG]: Skipping Lnet/minecraft/client/multiplayer/chat/ChatListener$Message;
[09:33:47] [main/DEBUG]: Skipping Lnet/minecraft/client/multiplayer/TransferState;
[09:33:47] [main/DEBUG]: Skipping Lnet/minecraft/client/multiplayer/TagCollector;
[09:33:47] [main/DEBUG]: Skipping Lnet/minecraft/client/multiplayer/ServerList;
[09:33:47] [main/DEBUG]: Skipping Lnet/minecraft/client/multiplayer/RegistryDataCollector;
[09:33:47] [main/DEBUG]: Skipping Lnet/minecraft/client/multiplayer/RegistryDataCollector$ContentsCollector;
[09:33:47] [main/DEBUG]: Skipping Lnet/minecraft/client/multiplayer/ProfileKeyPairManager;
[09:33:47] [main/DEBUG]: Skipping Lnet/minecraft/client/multiplayer/ProfileKeyPairManager$1;
[09:33:47] [main/DEBUG]: Skipping Lnet/minecraft/client/multiplayer/PingDebugMonitor;
[09:33:47] [main/DEBUG]: Skipping Lnet/minecraft/client/multiplayer/LevelLoadStatusManager;
[09:33:47] [main/DEBUG]: Skipping Lnet/minecraft/client/multiplayer/LevelLoadStatusManager$Status;
[09:33:47] [main/DEBUG]: Skipping Lnet/minecraft/client/multiplayer/LegacyServerPinger;
[09:33:47] [main/DEBUG]: Skipping Lnet/minecraft/client/multiplayer/LegacyServerPinger$Output;
[09:33:47] [main/DEBUG]: Skipping Lnet/minecraft/client/multiplayer/KnownPacksManager;
[09:33:47] [main/DEBUG]: Skipping Lnet/minecraft/client/multiplayer/DebugSampleSubscriber;
[09:33:47] [main/DEBUG]: Skipping Lnet/minecraft/client/multiplayer/CommonListenerCookie;
[09:33:47] [main/DEBUG]: Skipping Lnet/minecraft/client/multiplayer/ClientSuggestionProvider;
[09:33:47] [main/DEBUG]: Skipping Lnet/minecraft/client/multiplayer/ClientSuggestionProvider$1;
[09:33:47] [main/DEBUG]: Skipping Lnet/minecraft/client/multiplayer/ClientRegistryLayer;
[09:33:47] [main/DEBUG]: Skipping Lnet/minecraft/client/multiplayer/ClientAdvancements;
[09:33:47] [main/DEBUG]: Skipping Lnet/minecraft/client/multiplayer/ClientAdvancements$Listener;
[09:33:47] [main/DEBUG]: Skipping Lnet/minecraft/client/multiplayer/ChunkBatchSizeCalculator;
[09:33:47] [main/DEBUG]: Transforming class Lnet/minecraft/client/multiplayer/SessionSearchTrees;
[09:33:47] [main/DEBUG]: Transforming net/minecraft/client/multiplayer/SessionSearchTrees INNERCLASS Key to access PUBLIC and LEAVE
[09:33:47] [main/DEBUG]: Transforming net/minecraft/client/multiplayer/SessionSearchTrees FIELD f_337599_ to access PUBLIC and LEAVE
[09:33:47] [main/DEBUG]: Transforming net/minecraft/client/multiplayer/SessionSearchTrees FIELD f_336706_ to access PUBLIC and LEAVE
[09:33:47] [main/DEBUG]: Transforming class Lnet/minecraft/client/multiplayer/SessionSearchTrees$Key;
[09:33:47] [main/DEBUG]: Transforming net/minecraft/client/multiplayer/SessionSearchTrees$Key CLASS to access PUBLIC and LEAVE
[09:33:47] [main/DEBUG]: Transforming net/minecraft/client/multiplayer/SessionSearchTrees$Key METHOD <init>()V to access PUBLIC and LEAVE
[09:33:47] [main/DEBUG]: Skipping Lnet/minecraft/client/multiplayer/ServerStatusPinger;
[09:33:47] [main/DEBUG]: Skipping Lnet/minecraft/client/multiplayer/ServerStatusPinger$2;
[09:33:47] [main/DEBUG]: Skipping Lnet/minecraft/client/multiplayer/ServerStatusPinger$1;
[09:33:47] [main/DEBUG]: Skipping Lnet/minecraft/client/multiplayer/ServerData;
[09:33:47] [main/DEBUG]: Skipping Lnet/minecraft/client/multiplayer/ServerData$Type;
[09:33:47] [main/DEBUG]: Skipping Lnet/minecraft/client/multiplayer/ServerData$State;
[09:33:47] [main/DEBUG]: Skipping Lnet/minecraft/client/multiplayer/ServerData$ServerPackStatus;
[09:33:47] [main/DEBUG]: Skipping Lnet/minecraft/client/multiplayer/PlayerInfo;
[09:33:47] [main/DEBUG]: Skipping Lnet/minecraft/client/multiplayer/MultiPlayerGameMode;
[09:33:47] [main/DEBUG]: Transforming class Lnet/minecraft/client/multiplayer/ClientPacketListener;
[09:33:47] [main/DEBUG]: Transforming net/minecraft/client/multiplayer/ClientPacketListener FIELD f_104899_ to access PUBLIC and LEAVE
[09:33:47] [main/DEBUG]: Skipping Lnet/minecraft/client/multiplayer/ClientPacketListener$1;
[09:33:47] [main/DEBUG]: Skipping Lnet/minecraft/client/multiplayer/ClientLevel;
[09:33:47] [main/DEBUG]: Skipping Lnet/minecraft/client/multiplayer/ClientLevel$EntityCallbacks;
[09:33:47] [main/DEBUG]: Skipping Lnet/minecraft/client/multiplayer/ClientLevel$ClientLevelData;
[09:33:47] [main/DEBUG]: Skipping Lnet/minecraft/client/multiplayer/ClientLevel$1;
[09:33:47] [main/DEBUG]: Skipping Lnet/minecraft/client/multiplayer/ClientHandshakePacketListenerImpl;
[09:33:47] [main/DEBUG]: Skipping Lnet/minecraft/client/multiplayer/ClientHandshakePacketListenerImpl$State;
[09:33:47] [main/DEBUG]: Skipping Lnet/minecraft/client/multiplayer/ClientConfigurationPacketListenerImpl;
[09:33:47] [main/DEBUG]: Skipping Lnet/minecraft/client/multiplayer/ClientCommonPacketListenerImpl;
[09:33:47] [main/DEBUG]: Skipping Lnet/minecraft/client/multiplayer/ClientCommonPacketListenerImpl$PackConfirmScreen;
[09:33:47] [main/DEBUG]: Skipping Lnet/minecraft/client/multiplayer/ClientCommonPacketListenerImpl$PackConfirmScreen$PendingRequest;
[09:33:47] [main/DEBUG]: Skipping Lnet/minecraft/client/multiplayer/ClientCommonPacketListenerImpl$DeferredPacket;
[09:33:47] [main/DEBUG]: Skipping Lnet/minecraft/client/multiplayer/ClientChunkCache;
[09:33:47] [main/DEBUG]: Skipping Lnet/minecraft/client/multiplayer/ClientChunkCache$Storage;
[09:33:47] [main/DEBUG]: Skipping Lnet/minecraft/client/multiplayer/AccountProfileKeyPairManager;
[09:33:47] [main/DEBUG]: Skipping Lnet/minecraft/client/model/package-info;
[09:33:47] [main/DEBUG]: Skipping Lnet/minecraft/client/model/geom/package-info;
[09:33:47] [main/DEBUG]: Skipping Lnet/minecraft/client/model/geom/builders/package-info;
[09:33:47] [main/DEBUG]: Skipping Lnet/minecraft/client/model/geom/builders/UVPair;
[09:33:47] [main/DEBUG]: Skipping Lnet/minecraft/client/model/geom/builders/PartDefinition;
[09:33:47] [main/DEBUG]: Skipping Lnet/minecraft/client/model/geom/builders/MeshDefinition;
[09:33:47] [main/DEBUG]: Skipping Lnet/minecraft/client/model/geom/builders/MaterialDefinition;
[09:33:47] [main/DEBUG]: Skipping Lnet/minecraft/client/model/geom/builders/LayerDefinition;
[09:33:47] [main/DEBUG]: Skipping Lnet/minecraft/client/model/geom/builders/CubeListBuilder;
[09:33:47] [main/DEBUG]: Skipping Lnet/minecraft/client/model/geom/builders/CubeDeformation;
[09:33:47] [main/DEBUG]: Skipping Lnet/minecraft/client/model/geom/builders/CubeDefinition;
[09:33:47] [main/DEBUG]: Skipping Lnet/minecraft/client/model/geom/PartPose;
[09:33:47] [main/DEBUG]: Skipping Lnet/minecraft/client/model/geom/PartNames;
[09:33:47] [main/DEBUG]: Skipping Lnet/minecraft/client/model/geom/ModelPart;
[09:33:47] [main/DEBUG]: Skipping Lnet/minecraft/client/model/geom/ModelPart$Visitor;
[09:33:47] [main/DEBUG]: Skipping Lnet/minecraft/client/model/geom/ModelPart$Vertex;
[09:33:47] [main/DEBUG]: Skipping Lnet/minecraft/client/model/geom/ModelPart$Polygon;
[09:33:47] [main/DEBUG]: Skipping Lnet/minecraft/client/model/geom/ModelPart$Cube;
[09:33:47] [main/DEBUG]: Skipping Lnet/minecraft/client/model/geom/ModelLayerLocation;
[09:33:47] [main/DEBUG]: Skipping Lnet/minecraft/client/model/geom/EntityModelSet;
[09:33:47] [main/DEBUG]: Skipping Lnet/minecraft/client/model/geom/ModelLayers;
[09:33:47] [main/DEBUG]: Transforming class Lnet/minecraft/client/model/geom/LayerDefinitions;
[09:33:47] [main/DEBUG]: Transforming net/minecraft/client/model/geom/LayerDefinitions FIELD f_171106_ to access PUBLIC and LEAVE
[09:33:47] [main/DEBUG]: Transforming net/minecraft/client/model/geom/LayerDefinitions FIELD f_171107_ to access PUBLIC and LEAVE
[09:33:47] [main/DEBUG]: Skipping Lnet/minecraft/client/model/dragon/package-info;
[09:33:47] [main/DEBUG]: Skipping Lnet/minecraft/client/model/dragon/DragonHeadModel;
[09:33:47] [main/DEBUG]: Skipping Lnet/minecraft/client/model/ZombieVillagerModel;
[09:33:47] [main/DEBUG]: Skipping Lnet/minecraft/client/model/ZombieModel;
[09:33:47] [main/DEBUG]: Skipping Lnet/minecraft/client/model/WolfModel;
[09:33:47] [main/DEBUG]: Skipping Lnet/minecraft/client/model/WitherBossModel;
[09:33:47] [main/DEBUG]: Skipping Lnet/minecraft/client/model/WitchModel;
[09:33:47] [main/DEBUG]: Skipping Lnet/minecraft/client/model/WindChargeModel;
[09:33:47] [main/DEBUG]: Skipping Lnet/minecraft/client/model/WaterPatchModel;
[09:33:47] [main/DEBUG]: Skipping Lnet/minecraft/client/model/WardenModel;
[09:33:47] [main/DEBUG]: Skipping Lnet/minecraft/client/model/VillagerModel;
[09:33:47] [main/DEBUG]: Skipping Lnet/minecraft/client/model/VillagerHeadModel;
[09:33:47] [main/DEBUG]: Skipping Lnet/minecraft/client/model/VexModel;
[09:33:47] [main/DEBUG]: Skipping Lnet/minecraft/client/model/TurtleModel;
[09:33:47] [main/DEBUG]: Skipping Lnet/minecraft/client/model/TropicalFishModelB;
[09:33:47] [main/DEBUG]: Skipping Lnet/minecraft/client/model/TropicalFishModelA;
[09:33:47] [main/DEBUG]: Skipping Lnet/minecraft/client/model/TridentModel;
[09:33:47] [main/DEBUG]: Skipping Lnet/minecraft/client/model/TadpoleModel;
[09:33:47] [main/DEBUG]: Skipping Lnet/minecraft/client/model/StriderModel;
[09:33:47] [main/DEBUG]: Skipping Lnet/minecraft/client/model/SquidModel;
[09:33:47] [main/DEBUG]: Skipping Lnet/minecraft/client/model/SpiderModel;
[09:33:47] [main/DEBUG]: Skipping Lnet/minecraft/client/model/SnowGolemModel;
[09:33:47] [main/DEBUG]: Skipping Lnet/minecraft/client/model/SnifferModel;
[09:33:47] [main/DEBUG]: Skipping Lnet/minecraft/client/model/SlimeModel;
[09:33:47] [main/DEBUG]: Skipping Lnet/minecraft/client/model/SkullModelBase;
[09:33:47] [main/DEBUG]: Skipping Lnet/minecraft/client/model/SkullModel;
[09:33:47] [main/DEBUG]: Skipping Lnet/minecraft/client/model/SkeletonModel;
[09:33:47] [main/DEBUG]: Skipping Lnet/minecraft/client/model/SilverfishModel;
[09:33:47] [main/DEBUG]: Skipping Lnet/minecraft/client/model/ShulkerModel;
[09:33:47] [main/DEBUG]: Skipping Lnet/minecraft/client/model/ShulkerBulletModel;
[09:33:47] [main/DEBUG]: Skipping Lnet/minecraft/client/model/ShieldModel;
[09:33:47] [main/DEBUG]: Skipping Lnet/minecraft/client/model/SheepModel;
[09:33:47] [main/DEBUG]: Skipping Lnet/minecraft/client/model/SheepFurModel;
[09:33:47] [main/DEBUG]: Skipping Lnet/minecraft/client/model/SalmonModel;
[09:33:47] [main/DEBUG]: Skipping Lnet/minecraft/client/model/RavagerModel;
[09:33:47] [main/DEBUG]: Skipping Lnet/minecraft/client/model/RaftModel;
[09:33:47] [main/DEBUG]: Skipping Lnet/minecraft/client/model/RabbitModel;
[09:33:47] [main/DEBUG]: Skipping Lnet/minecraft/client/model/QuadrupedModel;
[09:33:47] [main/DEBUG]: Skipping Lnet/minecraft/client/model/PufferfishSmallModel;
[09:33:47] [main/DEBUG]: Skipping Lnet/minecraft/client/model/PufferfishMidModel;
[09:33:47] [main/DEBUG]: Skipping Lnet/minecraft/client/model/PufferfishBigModel;
[09:33:47] [main/DEBUG]: Skipping Lnet/minecraft/client/model/PolarBearModel;
[09:33:47] [main/DEBUG]: Skipping Lnet/minecraft/client/model/PlayerModel;
[09:33:47] [main/DEBUG]: Skipping Lnet/minecraft/client/model/PiglinModel;
[09:33:47] [main/DEBUG]: Skipping Lnet/minecraft/client/model/PiglinHeadModel;
[09:33:47] [main/DEBUG]: Skipping Lnet/minecraft/client/model/PigModel;
[09:33:47] [main/DEBUG]: Skipping Lnet/minecraft/client/model/PhantomModel;
[09:33:47] [main/DEBUG]: Skipping Lnet/minecraft/client/model/ParrotModel;
[09:33:47] [main/DEBUG]: Skipping Lnet/minecraft/client/model/ParrotModel$State;
[09:33:47] [main/DEBUG]: Skipping Lnet/minecraft/client/model/PandaModel;
[09:33:47] [main/DEBUG]: Skipping Lnet/minecraft/client/model/OcelotModel;
[09:33:47] [main/DEBUG]: Skipping Lnet/minecraft/client/model/ModelUtils;
[09:33:47] [main/DEBUG]: Skipping Lnet/minecraft/client/model/Model;
[09:33:47] [main/DEBUG]: Skipping Lnet/minecraft/client/model/MinecartModel;
[09:33:47] [main/DEBUG]: Skipping Lnet/minecraft/client/model/LlamaSpitModel;
[09:33:47] [main/DEBUG]: Skipping Lnet/minecraft/client/model/LlamaModel;
[09:33:47] [main/DEBUG]: Skipping Lnet/minecraft/client/model/ListModel;
[09:33:47] [main/DEBUG]: Skipping Lnet/minecraft/client/model/LeashKnotModel;
[09:33:47] [main/DEBUG]: Skipping Lnet/minecraft/client/model/LavaSlimeModel;
[09:33:47] [main/DEBUG]: Skipping Lnet/minecraft/client/model/IronGolemModel;
[09:33:47] [main/DEBUG]: Skipping Lnet/minecraft/client/model/IllagerModel;
[09:33:47] [main/DEBUG]: Skipping Lnet/minecraft/client/model/HumanoidArmorModel;
[09:33:47] [main/DEBUG]: Skipping Lnet/minecraft/client/model/HorseModel;
[09:33:47] [main/DEBUG]: Skipping Lnet/minecraft/client/model/HoglinModel;
[09:33:47] [main/DEBUG]: Skipping Lnet/minecraft/client/model/HierarchicalModel;
[09:33:47] [main/DEBUG]: Skipping Lnet/minecraft/client/model/HeadedModel;
[09:33:47] [main/DEBUG]: Skipping Lnet/minecraft/client/model/GuardianModel;
[09:33:47] [main/DEBUG]: Skipping Lnet/minecraft/client/model/GoatModel;
[09:33:47] [main/DEBUG]: Skipping Lnet/minecraft/client/model/GiantZombieModel;
[09:33:47] [main/DEBUG]: Skipping Lnet/minecraft/client/model/GhastModel;
[09:33:47] [main/DEBUG]: Skipping Lnet/minecraft/client/model/FrogModel;
[09:33:47] [main/DEBUG]: Skipping Lnet/minecraft/client/model/FoxModel;
[09:33:47] [main/DEBUG]: Skipping Lnet/minecraft/client/model/EvokerFangsModel;
[09:33:47] [main/DEBUG]: Skipping Lnet/minecraft/client/model/EntityModel;
[09:33:47] [main/DEBUG]: Skipping Lnet/minecraft/client/model/EndermiteModel;
[09:33:47] [main/DEBUG]: Skipping Lnet/minecraft/client/model/EndermanModel;
[09:33:47] [main/DEBUG]: Skipping Lnet/minecraft/client/model/ElytraModel;
[09:33:47] [main/DEBUG]: Skipping Lnet/minecraft/client/model/DrownedModel;
[09:33:47] [main/DEBUG]: Skipping Lnet/minecraft/client/model/DolphinModel;
[09:33:47] [main/DEBUG]: Skipping Lnet/minecraft/client/model/CreeperModel;
[09:33:47] [main/DEBUG]: Skipping Lnet/minecraft/client/model/CowModel;
[09:33:47] [main/DEBUG]: Skipping Lnet/minecraft/client/model/ColorableHierarchicalModel;
[09:33:47] [main/DEBUG]: Skipping Lnet/minecraft/client/model/ColorableAgeableListModel;
[09:33:47] [main/DEBUG]: Skipping Lnet/minecraft/client/model/CodModel;
[09:33:47] [main/DEBUG]: Skipping Lnet/minecraft/client/model/ChickenModel;
[09:33:47] [main/DEBUG]: Skipping Lnet/minecraft/client/model/ChestedHorseModel;
[09:33:47] [main/DEBUG]: Skipping Lnet/minecraft/client/model/ChestRaftModel;
[09:33:47] [main/DEBUG]: Skipping Lnet/minecraft/client/model/ChestBoatModel;
[09:33:47] [main/DEBUG]: Skipping Lnet/minecraft/client/model/CatModel;
[09:33:47] [main/DEBUG]: Skipping Lnet/minecraft/client/model/CamelModel;
[09:33:47] [main/DEBUG]: Skipping Lnet/minecraft/client/model/BreezeModel;
[09:33:47] [main/DEBUG]: Skipping Lnet/minecraft/client/model/BookModel;
[09:33:47] [main/DEBUG]: Skipping Lnet/minecraft/client/model/BoggedModel;
[09:33:47] [main/DEBUG]: Skipping Lnet/minecraft/client/model/BoatModel;
[09:33:47] [main/DEBUG]: Skipping Lnet/minecraft/client/model/BlazeModel;
[09:33:47] [main/DEBUG]: Skipping Lnet/minecraft/client/model/BeeModel;
[09:33:47] [main/DEBUG]: Skipping Lnet/minecraft/client/model/BatModel;
[09:33:47] [main/DEBUG]: Skipping Lnet/minecraft/client/model/AxolotlModel;
[09:33:47] [main/DEBUG]: Skipping Lnet/minecraft/client/model/ArmorStandModel;
[09:33:47] [main/DEBUG]: Skipping Lnet/minecraft/client/model/ArmorStandArmorModel;
[09:33:47] [main/DEBUG]: Skipping Lnet/minecraft/client/model/ArmedModel;
[09:33:47] [main/DEBUG]: Skipping Lnet/minecraft/client/model/ArmadilloModel;
[09:33:47] [main/DEBUG]: Skipping Lnet/minecraft/client/model/AnimationUtils;
[09:33:47] [main/DEBUG]: Skipping Lnet/minecraft/client/model/AllayModel;
[09:33:47] [main/DEBUG]: Skipping Lnet/minecraft/client/model/AgeableListModel;
[09:33:47] [main/DEBUG]: Skipping Lnet/minecraft/client/model/AgeableHierarchicalModel;
[09:33:47] [main/DEBUG]: Skipping Lnet/minecraft/client/model/AbstractZombieModel;
[09:33:47] [main/DEBUG]: Skipping Lnet/minecraft/client/model/HumanoidModel;
[09:33:47] [main/DEBUG]: Skipping Lnet/minecraft/client/model/HumanoidModel$ArmPose;
[09:33:47] [main/DEBUG]: Skipping Lnet/minecraft/client/main/package-info;
[09:33:47] [main/DEBUG]: Skipping Lnet/minecraft/client/main/SilentInitException;
[09:33:47] [main/DEBUG]: Skipping Lnet/minecraft/client/main/GameConfig;
[09:33:47] [main/DEBUG]: Skipping Lnet/minecraft/client/main/GameConfig$UserData;
[09:33:47] [main/DEBUG]: Skipping Lnet/minecraft/client/main/GameConfig$QuickPlayData;
[09:33:47] [main/DEBUG]: Skipping Lnet/minecraft/client/main/GameConfig$GameData;
[09:33:47] [main/DEBUG]: Skipping Lnet/minecraft/client/main/GameConfig$FolderData;
[09:33:47] [main/DEBUG]: Skipping Lnet/minecraft/client/main/Main;
[09:33:47] [main/DEBUG]: Skipping Lnet/minecraft/client/main/Main$2;
[09:33:47] [main/DEBUG]: Skipping Lnet/minecraft/client/main/Main$1;
[09:33:47] [main/DEBUG]: Skipping Lnet/minecraft/client/gui/spectator/package-info;
[09:33:47] [main/DEBUG]: Skipping Lnet/minecraft/client/gui/spectator/categories/package-info;
[09:33:47] [main/DEBUG]: Skipping Lnet/minecraft/client/gui/spectator/categories/TeleportToTeamMenuCategory;
[09:33:47] [main/DEBUG]: Skipping Lnet/minecraft/client/gui/spectator/categories/TeleportToTeamMenuCategory$TeamSelectionItem;
[09:33:47] [main/DEBUG]: Skipping Lnet/minecraft/client/gui/spectator/categories/TeleportToPlayerMenuCategory;
[09:33:47] [main/DEBUG]: Skipping Lnet/minecraft/client/gui/spectator/categories/SpectatorPage;
[09:33:47] [main/DEBUG]: Skipping Lnet/minecraft/client/gui/spectator/SpectatorMenuListener;
[09:33:47] [main/DEBUG]: Skipping Lnet/minecraft/client/gui/spectator/SpectatorMenuItem;
[09:33:47] [main/DEBUG]: Skipping Lnet/minecraft/client/gui/spectator/SpectatorMenuCategory;
[09:33:47] [main/DEBUG]: Skipping Lnet/minecraft/client/gui/spectator/SpectatorMenu;
[09:33:47] [main/DEBUG]: Skipping Lnet/minecraft/client/gui/spectator/SpectatorMenu$ScrollMenuItem;
[09:33:47] [main/DEBUG]: Skipping Lnet/minecraft/client/gui/spectator/SpectatorMenu$CloseSpectatorItem;
[09:33:47] [main/DEBUG]: Skipping Lnet/minecraft/client/gui/spectator/SpectatorMenu$1;
[09:33:47] [main/DEBUG]: Skipping Lnet/minecraft/client/gui/spectator/RootSpectatorMenuCategory;
[09:33:47] [main/DEBUG]: Skipping Lnet/minecraft/client/gui/spectator/PlayerMenuItem;
[09:33:47] [main/DEBUG]: Skipping Lnet/minecraft/client/gui/screens/worldselection/package-info;
[09:33:47] [main/DEBUG]: Skipping Lnet/minecraft/client/gui/screens/worldselection/SwitchGrid;
[09:33:47] [main/DEBUG]: Skipping Lnet/minecraft/client/gui/screens/worldselection/SwitchGrid$SwitchBuilder;
[09:33:47] [main/DEBUG]: Skipping Lnet/minecraft/client/gui/screens/worldselection/SwitchGrid$LabeledSwitch;
[09:33:47] [main/DEBUG]: Skipping Lnet/minecraft/client/gui/screens/worldselection/SwitchGrid$InfoUnderneathSettings;
[09:33:47] [main/DEBUG]: Skipping Lnet/minecraft/client/gui/screens/worldselection/SwitchGrid$Builder;
[09:33:47] [main/DEBUG]: Skipping Lnet/minecraft/client/gui/screens/worldselection/SelectWorldScreen;
[09:33:47] [main/DEBUG]: Skipping Lnet/minecraft/client/gui/screens/worldselection/OptimizeWorldScreen;
[09:33:47] [main/DEBUG]: Skipping Lnet/minecraft/client/gui/screens/worldselection/ExperimentsScreen;
[09:33:47] [main/DEBUG]: Skipping Lnet/minecraft/client/gui/screens/worldselection/EditWorldScreen;
[09:33:47] [main/DEBUG]: Skipping Lnet/minecraft/client/gui/screens/worldselection/EditGameRulesScreen;
[09:33:47] [main/DEBUG]: Skipping Lnet/minecraft/client/gui/screens/worldselection/EditGameRulesScreen$RuleList;
[09:33:47] [main/DEBUG]: Skipping Lnet/minecraft/client/gui/screens/worldselection/EditGameRulesScreen$RuleList$1;
[09:33:47] [main/DEBUG]: Skipping Lnet/minecraft/client/gui/screens/worldselection/EditGameRulesScreen$RuleEntry;
[09:33:47] [main/DEBUG]: Skipping Lnet/minecraft/client/gui/screens/worldselection/EditGameRulesScreen$IntegerRuleEntry;
[09:33:47] [main/DEBUG]: Skipping Lnet/minecraft/client/gui/screens/worldselection/EditGameRulesScreen$GameRuleEntry;
[09:33:47] [main/DEBUG]: Skipping Lnet/minecraft/client/gui/screens/worldselection/EditGameRulesScreen$EntryFactory;
[09:33:47] [main/DEBUG]: Skipping Lnet/minecraft/client/gui/screens/worldselection/EditGameRulesScreen$CategoryRuleEntry;
[09:33:47] [main/DEBUG]: Skipping Lnet/minecraft/client/gui/screens/worldselection/EditGameRulesScreen$CategoryRuleEntry$1;
[09:33:47] [main/DEBUG]: Skipping Lnet/minecraft/client/gui/screens/worldselection/EditGameRulesScreen$BooleanRuleEntry;
[09:33:47] [main/DEBUG]: Skipping Lnet/minecraft/client/gui/screens/worldselection/ConfirmExperimentalFeaturesScreen;
[09:33:47] [main/DEBUG]: Skipping Lnet/minecraft/client/gui/screens/worldselection/ConfirmExperimentalFeaturesScreen$DetailsScreen;
[09:33:47] [main/DEBUG]: Skipping Lnet/minecraft/client/gui/screens/worldselection/ConfirmExperimentalFeaturesScreen$DetailsScreen$PackListEntry;
[09:33:47] [main/DEBUG]: Skipping Lnet/minecraft/client/gui/screens/worldselection/ConfirmExperimentalFeaturesScreen$DetailsScreen$PackList;
[09:33:47] [main/DEBUG]: Skipping Lnet/minecraft/client/gui/screens/worldselection/WorldSelectionList;
[09:33:47] [main/DEBUG]: Skipping Lnet/minecraft/client/gui/screens/worldselection/WorldSelectionList$WorldListEntry;
[09:33:47] [main/DEBUG]: Skipping Lnet/minecraft/client/gui/screens/worldselection/WorldSelectionList$LoadingHeader;
[09:33:47] [main/DEBUG]: Skipping Lnet/minecraft/client/gui/screens/worldselection/WorldSelectionList$Entry;
[09:33:47] [main/DEBUG]: Skipping Lnet/minecraft/client/gui/screens/worldselection/WorldOpenFlows;
[09:33:47] [main/DEBUG]: Skipping Lnet/minecraft/client/gui/screens/worldselection/WorldOpenFlows$1Data;
[09:33:47] [main/DEBUG]: Skipping Lnet/minecraft/client/gui/screens/worldselection/WorldCreationUiState;
[09:33:47] [main/DEBUG]: Skipping Lnet/minecraft/client/gui/screens/worldselection/WorldCreationUiState$WorldTypeEntry;
[09:33:47] [main/DEBUG]: Skipping Lnet/minecraft/client/gui/screens/worldselection/WorldCreationUiState$SelectedGameMode;
[09:33:47] [main/DEBUG]: Skipping Lnet/minecraft/client/gui/screens/worldselection/WorldCreationContext;
[09:33:47] [main/DEBUG]: Skipping Lnet/minecraft/client/gui/screens/worldselection/WorldCreationContext$OptionsModifier;
[09:33:47] [main/DEBUG]: Skipping Lnet/minecraft/client/gui/screens/worldselection/WorldCreationContext$DimensionsUpdater;
[09:33:47] [main/DEBUG]: Skipping Lnet/minecraft/client/gui/screens/worldselection/PresetEditor;
[09:33:47] [main/DEBUG]: Skipping Lnet/minecraft/client/gui/screens/worldselection/CreateWorldScreen;
[09:33:47] [main/DEBUG]: Skipping Lnet/minecraft/client/gui/screens/worldselection/CreateWorldScreen$WorldTab;
[09:33:47] [main/DEBUG]: Skipping Lnet/minecraft/client/gui/screens/worldselection/CreateWorldScreen$WorldTab$2;
[09:33:47] [main/DEBUG]: Skipping Lnet/minecraft/client/gui/screens/worldselection/CreateWorldScreen$WorldTab$1;
[09:33:47] [main/DEBUG]: Skipping Lnet/minecraft/client/gui/screens/worldselection/CreateWorldScreen$MoreTab;
[09:33:47] [main/DEBUG]: Skipping Lnet/minecraft/client/gui/screens/worldselection/CreateWorldScreen$GameTab;
[09:33:47] [main/DEBUG]: Skipping Lnet/minecraft/client/gui/screens/worldselection/CreateWorldScreen$DataPackReloadCookie;
[09:33:47] [main/DEBUG]: Skipping Lnet/minecraft/client/gui/screens/telemetry/package-info;
[09:33:47] [main/DEBUG]: Skipping Lnet/minecraft/client/gui/screens/telemetry/TelemetryInfoScreen;
[09:33:47] [main/DEBUG]: Skipping Lnet/minecraft/client/gui/screens/telemetry/TelemetryEventWidget;
[09:33:47] [main/DEBUG]: Skipping Lnet/minecraft/client/gui/screens/telemetry/TelemetryEventWidget$ContentBuilder;
[09:33:47] [main/DEBUG]: Skipping Lnet/minecraft/client/gui/screens/telemetry/TelemetryEventWidget$Content;
[09:33:47] [main/DEBUG]: Skipping Lnet/minecraft/client/gui/screens/social/package-info;
[09:33:47] [main/DEBUG]: Skipping Lnet/minecraft/client/gui/screens/social/SocialInteractionsScreen;
[09:33:47] [main/DEBUG]: Skipping Lnet/minecraft/client/gui/screens/social/SocialInteractionsScreen$Page;
[09:33:47] [main/DEBUG]: Skipping Lnet/minecraft/client/gui/screens/social/SocialInteractionsScreen$1;
[09:33:47] [main/DEBUG]: Skipping Lnet/minecraft/client/gui/screens/social/SocialInteractionsPlayerList;
[09:33:47] [main/DEBUG]: Skipping Lnet/minecraft/client/gui/screens/social/PlayerSocialManager;
[09:33:47] [main/DEBUG]: Skipping Lnet/minecraft/client/gui/screens/social/PlayerEntry;
[09:33:47] [main/DEBUG]: Skipping Lnet/minecraft/client/gui/screens/social/PlayerEntry$3;
[09:33:47] [main/DEBUG]: Skipping Lnet/minecraft/client/gui/screens/social/PlayerEntry$2;
[09:33:47] [main/DEBUG]: Skipping Lnet/minecraft/client/gui/screens/social/PlayerEntry$1;
[09:33:47] [main/DEBUG]: Skipping Lnet/minecraft/client/gui/screens/reporting/package-info;
[09:33:47] [main/DEBUG]: Skipping Lnet/minecraft/client/gui/screens/reporting/SkinReportScreen;
[09:33:47] [main/DEBUG]: Skipping Lnet/minecraft/client/gui/screens/reporting/ReportReasonSelectionScreen;
[09:33:47] [main/DEBUG]: Skipping Lnet/minecraft/client/gui/screens/reporting/ReportReasonSelectionScreen$ReasonSelectionList;
[09:33:47] [main/DEBUG]: Skipping Lnet/minecraft/client/gui/screens/reporting/ReportReasonSelectionScreen$ReasonSelectionList$Entry;
[09:33:47] [main/DEBUG]: Skipping Lnet/minecraft/client/gui/screens/reporting/ReportPlayerScreen;
[09:33:47] [main/DEBUG]: Skipping Lnet/minecraft/client/gui/screens/reporting/NameReportScreen;
[09:33:47] [main/DEBUG]: Skipping Lnet/minecraft/client/gui/screens/reporting/ChatSelectionScreen;
[09:33:47] [main/DEBUG]: Skipping Lnet/minecraft/client/gui/screens/reporting/ChatSelectionScreen$ChatSelectionList;
[09:33:47] [main/DEBUG]: Skipping Lnet/minecraft/client/gui/screens/reporting/ChatSelectionScreen$ChatSelectionList$PaddingEntry;
[09:33:47] [main/DEBUG]: Skipping Lnet/minecraft/client/gui/screens/reporting/ChatSelectionScreen$ChatSelectionList$MessageHeadingEntry;
[09:33:47] [main/DEBUG]: Skipping Lnet/minecraft/client/gui/screens/reporting/ChatSelectionScreen$ChatSelectionList$MessageEntry;
[09:33:47] [main/DEBUG]: Skipping Lnet/minecraft/client/gui/screens/reporting/ChatSelectionScreen$ChatSelectionList$Heading;
[09:33:47] [main/DEBUG]: Skipping Lnet/minecraft/client/gui/screens/reporting/ChatSelectionScreen$ChatSelectionList$Entry;
[09:33:47] [main/DEBUG]: Skipping Lnet/minecraft/client/gui/screens/reporting/ChatSelectionScreen$ChatSelectionList$DividerEntry;
[09:33:47] [main/DEBUG]: Skipping Lnet/minecraft/client/gui/screens/reporting/ChatSelectionLogFiller;
[09:33:47] [main/DEBUG]: Skipping Lnet/minecraft/client/gui/screens/reporting/ChatSelectionLogFiller$Output;
[09:33:47] [main/DEBUG]: Skipping Lnet/minecraft/client/gui/screens/reporting/ChatReportScreen;
[09:33:47] [main/DEBUG]: Skipping Lnet/minecraft/client/gui/screens/reporting/AbstractReportScreen;
[09:33:47] [main/DEBUG]: Skipping Lnet/minecraft/client/gui/screens/reporting/AbstractReportScreen$DiscardReportWarningScreen;
[09:33:47] [main/DEBUG]: Skipping Lnet/minecraft/client/gui/screens/recipebook/package-info;
[09:33:47] [main/DEBUG]: Skipping Lnet/minecraft/client/gui/screens/recipebook/SmokingRecipeBookComponent;
[09:33:47] [main/DEBUG]: Skipping Lnet/minecraft/client/gui/screens/recipebook/SmeltingRecipeBookComponent;
[09:33:47] [main/DEBUG]: Skipping Lnet/minecraft/client/gui/screens/recipebook/RecipeUpdateListener;
[09:33:47] [main/DEBUG]: Skipping Lnet/minecraft/client/gui/screens/recipebook/RecipeShownListener;
[09:33:47] [main/DEBUG]: Skipping Lnet/minecraft/client/gui/screens/recipebook/RecipeCollection;
[09:33:47] [main/DEBUG]: Skipping Lnet/minecraft/client/gui/screens/recipebook/RecipeButton;
[09:33:47] [main/DEBUG]: Skipping Lnet/minecraft/client/gui/screens/recipebook/RecipeBookTabButton;
[09:33:47] [main/DEBUG]: Skipping Lnet/minecraft/client/gui/screens/recipebook/RecipeBookPage;
[09:33:47] [main/DEBUG]: Skipping Lnet/minecraft/client/gui/screens/recipebook/OverlayRecipeComponent;
[09:33:47] [main/DEBUG]: Skipping Lnet/minecraft/client/gui/screens/recipebook/OverlayRecipeComponent$OverlaySmeltingRecipeButton;
[09:33:47] [main/DEBUG]: Skipping Lnet/minecraft/client/gui/screens/recipebook/OverlayRecipeComponent$OverlayRecipeButton;
[09:33:47] [main/DEBUG]: Skipping Lnet/minecraft/client/gui/screens/recipebook/OverlayRecipeComponent$OverlayRecipeButton$Pos;
[09:33:47] [main/DEBUG]: Skipping Lnet/minecraft/client/gui/screens/recipebook/GhostRecipe;
[09:33:47] [main/DEBUG]: Skipping Lnet/minecraft/client/gui/screens/recipebook/GhostRecipe$GhostIngredient;
[09:33:47] [main/DEBUG]: Skipping Lnet/minecraft/client/gui/screens/recipebook/BlastingRecipeBookComponent;
[09:33:47] [main/DEBUG]: Skipping Lnet/minecraft/client/gui/screens/recipebook/AbstractFurnaceRecipeBookComponent;
[09:33:47] [main/DEBUG]: Skipping Lnet/minecraft/client/gui/screens/recipebook/RecipeBookComponent;
[09:33:47] [main/DEBUG]: Skipping Lnet/minecraft/client/gui/screens/packs/package-info;
[09:33:47] [main/DEBUG]: Skipping Lnet/minecraft/client/gui/screens/packs/TransferableSelectionList;
[09:33:47] [main/DEBUG]: Skipping Lnet/minecraft/client/gui/screens/packs/TransferableSelectionList$PackEntry;
[09:33:47] [main/DEBUG]: Skipping Lnet/minecraft/client/gui/screens/packs/PackSelectionScreen;
[09:33:47] [main/DEBUG]: Skipping Lnet/minecraft/client/gui/screens/packs/PackSelectionScreen$Watcher;
[09:33:47] [main/DEBUG]: Skipping Lnet/minecraft/client/gui/screens/packs/PackSelectionScreen$1;
[09:33:47] [main/DEBUG]: Skipping Lnet/minecraft/client/gui/screens/packs/PackSelectionModel;
[09:33:47] [main/DEBUG]: Skipping Lnet/minecraft/client/gui/screens/packs/PackSelectionModel$UnselectedPackEntry;
[09:33:47] [main/DEBUG]: Skipping Lnet/minecraft/client/gui/screens/packs/PackSelectionModel$SelectedPackEntry;
[09:33:47] [main/DEBUG]: Skipping Lnet/minecraft/client/gui/screens/packs/PackSelectionModel$EntryBase;
[09:33:47] [main/DEBUG]: Skipping Lnet/minecraft/client/gui/screens/packs/PackSelectionModel$Entry;
[09:33:47] [main/DEBUG]: Skipping Lnet/minecraft/client/gui/screens/package-info;
[09:33:47] [main/DEBUG]: Skipping Lnet/minecraft/client/gui/screens/options/package-info;
[09:33:47] [main/DEBUG]: Skipping Lnet/minecraft/client/gui/screens/options/controls/package-info;
[09:33:47] [main/DEBUG]: Skipping Lnet/minecraft/client/gui/screens/options/controls/ControlsScreen;
[09:33:47] [main/DEBUG]: Skipping Lnet/minecraft/client/gui/screens/options/controls/KeyBindsScreen;
[09:33:47] [main/DEBUG]: Skipping Lnet/minecraft/client/gui/screens/options/controls/KeyBindsList;
[09:33:47] [main/DEBUG]: Skipping Lnet/minecraft/client/gui/screens/options/controls/KeyBindsList$KeyEntry;
[09:33:47] [main/DEBUG]: Skipping Lnet/minecraft/client/gui/screens/options/controls/KeyBindsList$Entry;
[09:33:47] [main/DEBUG]: Skipping Lnet/minecraft/client/gui/screens/options/controls/KeyBindsList$CategoryEntry;
[09:33:47] [main/DEBUG]: Skipping Lnet/minecraft/client/gui/screens/options/controls/KeyBindsList$CategoryEntry$1;
[09:33:47] [main/DEBUG]: Skipping Lnet/minecraft/client/gui/screens/options/VideoSettingsScreen;
[09:33:47] [main/DEBUG]: Skipping Lnet/minecraft/client/gui/screens/options/UnsupportedGraphicsWarningScreen;
[09:33:47] [main/DEBUG]: Skipping Lnet/minecraft/client/gui/screens/options/UnsupportedGraphicsWarningScreen$ButtonOption;
[09:33:47] [main/DEBUG]: Skipping Lnet/minecraft/client/gui/screens/options/SoundOptionsScreen;
[09:33:47] [main/DEBUG]: Skipping Lnet/minecraft/client/gui/screens/options/SkinCustomizationScreen;
[09:33:47] [main/DEBUG]: Skipping Lnet/minecraft/client/gui/screens/options/OptionsSubScreen;
[09:33:47] [main/DEBUG]: Skipping Lnet/minecraft/client/gui/screens/options/OptionsScreen;
[09:33:47] [main/DEBUG]: Skipping Lnet/minecraft/client/gui/screens/options/OnlineOptionsScreen;
[09:33:47] [main/DEBUG]: Skipping Lnet/minecraft/client/gui/screens/options/MouseSettingsScreen;
[09:33:47] [main/DEBUG]: Skipping Lnet/minecraft/client/gui/screens/options/LanguageSelectScreen;
[09:33:47] [main/DEBUG]: Skipping Lnet/minecraft/client/gui/screens/options/LanguageSelectScreen$LanguageSelectionList;
[09:33:47] [main/DEBUG]: Skipping Lnet/minecraft/client/gui/screens/options/LanguageSelectScreen$LanguageSelectionList$Entry;
[09:33:47] [main/DEBUG]: Skipping Lnet/minecraft/client/gui/screens/options/FontOptionsScreen;
[09:33:47] [main/DEBUG]: Skipping Lnet/minecraft/client/gui/screens/options/ChatOptionsScreen;
[09:33:47] [main/DEBUG]: Skipping Lnet/minecraft/client/gui/screens/options/AccessibilityOptionsScreen;
[09:33:47] [main/DEBUG]: Skipping Lnet/minecraft/client/gui/screens/multiplayer/package-info;
[09:33:47] [main/DEBUG]: Skipping Lnet/minecraft/client/gui/screens/multiplayer/WarningScreen;
[09:33:47] [main/DEBUG]: Skipping Lnet/minecraft/client/gui/screens/multiplayer/ServerReconfigScreen;
[09:33:47] [main/DEBUG]: Skipping Lnet/minecraft/client/gui/screens/multiplayer/ServerLinksScreen;
[09:33:47] [main/DEBUG]: Skipping Lnet/minecraft/client/gui/screens/multiplayer/ServerLinksScreen$LinkListEntry;
[09:33:47] [main/DEBUG]: Skipping Lnet/minecraft/client/gui/screens/multiplayer/ServerLinksScreen$LinkList;
[09:33:47] [main/DEBUG]: Skipping Lnet/minecraft/client/gui/screens/multiplayer/SafetyScreen;
[09:33:47] [main/DEBUG]: Skipping Lnet/minecraft/client/gui/screens/multiplayer/JoinMultiplayerScreen;
[09:33:47] [main/DEBUG]: Skipping Lnet/minecraft/client/gui/screens/multiplayer/ServerSelectionList;
[09:33:47] [main/DEBUG]: Skipping Lnet/minecraft/client/gui/screens/multiplayer/ServerSelectionList$OnlineServerEntry;
[09:33:47] [main/DEBUG]: Skipping Lnet/minecraft/client/gui/screens/multiplayer/ServerSelectionList$NetworkServerEntry;
[09:33:47] [main/DEBUG]: Skipping Lnet/minecraft/client/gui/screens/multiplayer/ServerSelectionList$LANHeader;
[09:33:47] [main/DEBUG]: Skipping Lnet/minecraft/client/gui/screens/multiplayer/ServerSelectionList$Entry;
[09:33:47] [main/DEBUG]: Skipping Lnet/minecraft/client/gui/screens/multiplayer/ServerSelectionList$1;
[09:33:47] [main/DEBUG]: Skipping Lnet/minecraft/client/gui/screens/inventory/tooltip/package-info;
[09:33:47] [main/DEBUG]: Skipping Lnet/minecraft/client/gui/screens/inventory/tooltip/MenuTooltipPositioner;
[09:33:47] [main/DEBUG]: Skipping Lnet/minecraft/client/gui/screens/inventory/tooltip/DefaultTooltipPositioner;
[09:33:47] [main/DEBUG]: Skipping Lnet/minecraft/client/gui/screens/inventory/tooltip/ClientTooltipPositioner;
[09:33:47] [main/DEBUG]: Skipping Lnet/minecraft/client/gui/screens/inventory/tooltip/ClientTextTooltip;
[09:33:47] [main/DEBUG]: Skipping Lnet/minecraft/client/gui/screens/inventory/tooltip/ClientBundleTooltip;
[09:33:47] [main/DEBUG]: Skipping Lnet/minecraft/client/gui/screens/inventory/tooltip/ClientBundleTooltip$Texture;
[09:33:47] [main/DEBUG]: Skipping Lnet/minecraft/client/gui/screens/inventory/tooltip/ClientActivePlayersTooltip;
[09:33:47] [main/DEBUG]: Skipping Lnet/minecraft/client/gui/screens/inventory/tooltip/ClientActivePlayersTooltip$ActivePlayersTooltip;
[09:33:47] [main/DEBUG]: Skipping Lnet/minecraft/client/gui/screens/inventory/tooltip/BelowOrAboveWidgetTooltipPositioner;
[09:33:47] [main/DEBUG]: Skipping Lnet/minecraft/client/gui/screens/inventory/tooltip/TooltipRenderUtil;
[09:33:47] [main/DEBUG]: Skipping Lnet/minecraft/client/gui/screens/inventory/tooltip/ClientTooltipComponent;
[09:33:47] [main/DEBUG]: Skipping Lnet/minecraft/client/gui/screens/inventory/package-info;
[09:33:47] [main/DEBUG]: Skipping Lnet/minecraft/client/gui/screens/inventory/StructureBlockEditScreen;
[09:33:47] [main/DEBUG]: Skipping Lnet/minecraft/client/gui/screens/inventory/StructureBlockEditScreen$2;
[09:33:47] [main/DEBUG]: Skipping Lnet/minecraft/client/gui/screens/inventory/StructureBlockEditScreen$1;
[09:33:47] [main/DEBUG]: Skipping Lnet/minecraft/client/gui/screens/inventory/StonecutterScreen;
[09:33:47] [main/DEBUG]: Skipping Lnet/minecraft/client/gui/screens/inventory/SmokerScreen;
[09:33:47] [main/DEBUG]: Skipping Lnet/minecraft/client/gui/screens/inventory/SmithingScreen;
[09:33:47] [main/DEBUG]: Skipping Lnet/minecraft/client/gui/screens/inventory/SignEditScreen;
[09:33:47] [main/DEBUG]: Skipping Lnet/minecraft/client/gui/screens/inventory/ShulkerBoxScreen;
[09:33:47] [main/DEBUG]: Skipping Lnet/minecraft/client/gui/screens/inventory/PageButton;
[09:33:47] [main/DEBUG]: Skipping Lnet/minecraft/client/gui/screens/inventory/MinecartCommandBlockEditScreen;
[09:33:47] [main/DEBUG]: Skipping Lnet/minecraft/client/gui/screens/inventory/MenuAccess;
[09:33:47] [main/DEBUG]: Skipping Lnet/minecraft/client/gui/screens/inventory/LoomScreen;
[09:33:47] [main/DEBUG]: Skipping Lnet/minecraft/client/gui/screens/inventory/LecternScreen;
[09:33:47] [main/DEBUG]: Skipping Lnet/minecraft/client/gui/screens/inventory/LecternScreen$1;
[09:33:47] [main/DEBUG]: Skipping Lnet/minecraft/client/gui/screens/inventory/JigsawBlockEditScreen;
[09:33:47] [main/DEBUG]: Skipping Lnet/minecraft/client/gui/screens/inventory/JigsawBlockEditScreen$1;
[09:33:47] [main/DEBUG]: Skipping Lnet/minecraft/client/gui/screens/inventory/ItemCombinerScreen;
[09:33:47] [main/DEBUG]: Skipping Lnet/minecraft/client/gui/screens/inventory/InventoryScreen;
[09:33:47] [main/DEBUG]: Skipping Lnet/minecraft/client/gui/screens/inventory/HorseInventoryScreen;
[09:33:47] [main/DEBUG]: Skipping Lnet/minecraft/client/gui/screens/inventory/HopperScreen;
[09:33:47] [main/DEBUG]: Skipping Lnet/minecraft/client/gui/screens/inventory/GrindstoneScreen;
[09:33:47] [main/DEBUG]: Skipping Lnet/minecraft/client/gui/screens/inventory/FurnaceScreen;
[09:33:47] [main/DEBUG]: Skipping Lnet/minecraft/client/gui/screens/inventory/EnchantmentNames;
[09:33:47] [main/DEBUG]: Skipping Lnet/minecraft/client/gui/screens/inventory/DispenserScreen;
[09:33:47] [main/DEBUG]: Skipping Lnet/minecraft/client/gui/screens/inventory/CyclingSlotBackground;
[09:33:47] [main/DEBUG]: Skipping Lnet/minecraft/client/gui/screens/inventory/CreativeInventoryListener;
[09:33:47] [main/DEBUG]: Skipping Lnet/minecraft/client/gui/screens/inventory/CraftingScreen;
[09:33:47] [main/DEBUG]: Skipping Lnet/minecraft/client/gui/screens/inventory/CrafterScreen;
[09:33:47] [main/DEBUG]: Skipping Lnet/minecraft/client/gui/screens/inventory/CrafterScreen$1;
[09:33:47] [main/DEBUG]: Skipping Lnet/minecraft/client/gui/screens/inventory/ContainerScreen;
[09:33:47] [main/DEBUG]: Skipping Lnet/minecraft/client/gui/screens/inventory/CommandBlockEditScreen;
[09:33:47] [main/DEBUG]: Skipping Lnet/minecraft/client/gui/screens/inventory/CommandBlockEditScreen$1;
[09:33:47] [main/DEBUG]: Skipping Lnet/minecraft/client/gui/screens/inventory/CartographyTableScreen;
[09:33:47] [main/DEBUG]: Skipping Lnet/minecraft/client/gui/screens/inventory/BrewingStandScreen;
[09:33:47] [main/DEBUG]: Skipping Lnet/minecraft/client/gui/screens/inventory/BookViewScreen;
[09:33:47] [main/DEBUG]: Skipping Lnet/minecraft/client/gui/screens/inventory/BookViewScreen$BookAccess;
[09:33:47] [main/DEBUG]: Skipping Lnet/minecraft/client/gui/screens/inventory/BookEditScreen;
[09:33:47] [main/DEBUG]: Skipping Lnet/minecraft/client/gui/screens/inventory/BookEditScreen$Pos2i;
[09:33:47] [main/DEBUG]: Skipping Lnet/minecraft/client/gui/screens/inventory/BookEditScreen$LineInfo;
[09:33:47] [main/DEBUG]: Skipping Lnet/minecraft/client/gui/screens/inventory/BookEditScreen$DisplayCache;
[09:33:47] [main/DEBUG]: Skipping Lnet/minecraft/client/gui/screens/inventory/BlastFurnaceScreen;
[09:33:47] [main/DEBUG]: Skipping Lnet/minecraft/client/gui/screens/inventory/BeaconScreen;
[09:33:47] [main/DEBUG]: Skipping Lnet/minecraft/client/gui/screens/inventory/BeaconScreen$BeaconUpgradePowerButton;
[09:33:47] [main/DEBUG]: Skipping Lnet/minecraft/client/gui/screens/inventory/BeaconScreen$BeaconSpriteScreenButton;
[09:33:47] [main/DEBUG]: Skipping Lnet/minecraft/client/gui/screens/inventory/BeaconScreen$BeaconScreenButton;
[09:33:47] [main/DEBUG]: Skipping Lnet/minecraft/client/gui/screens/inventory/BeaconScreen$BeaconPowerButton;
[09:33:47] [main/DEBUG]: Skipping Lnet/minecraft/client/gui/screens/inventory/BeaconScreen$BeaconConfirmButton;
[09:33:47] [main/DEBUG]: Skipping Lnet/minecraft/client/gui/screens/inventory/BeaconScreen$BeaconCancelButton;
[09:33:47] [main/DEBUG]: Skipping Lnet/minecraft/client/gui/screens/inventory/BeaconScreen$BeaconButton;
[09:33:47] [main/DEBUG]: Skipping Lnet/minecraft/client/gui/screens/inventory/BeaconScreen$1;
[09:33:47] [main/DEBUG]: Skipping Lnet/minecraft/client/gui/screens/inventory/AnvilScreen;
[09:33:47] [main/DEBUG]: Skipping Lnet/minecraft/client/gui/screens/inventory/AbstractSignEditScreen;
[09:33:47] [main/DEBUG]: Skipping Lnet/minecraft/client/gui/screens/inventory/AbstractFurnaceScreen;
[09:33:47] [main/DEBUG]: Skipping Lnet/minecraft/client/gui/screens/inventory/AbstractCommandBlockEditScreen;
[09:33:47] [main/DEBUG]: Skipping Lnet/minecraft/client/gui/screens/inventory/AbstractCommandBlockEditScreen$1;
[09:33:47] [main/DEBUG]: Skipping Lnet/minecraft/client/gui/screens/inventory/MerchantScreen;
[09:33:47] [main/DEBUG]: Skipping Lnet/minecraft/client/gui/screens/inventory/MerchantScreen$TradeOfferButton;
[09:33:47] [main/DEBUG]: Skipping Lnet/minecraft/client/gui/screens/inventory/HangingSignEditScreen;
[09:33:47] [main/DEBUG]: Skipping Lnet/minecraft/client/gui/screens/inventory/EnchantmentScreen;
[09:33:47] [main/DEBUG]: Skipping Lnet/minecraft/client/gui/screens/inventory/EffectRenderingInventoryScreen;
[09:33:47] [main/DEBUG]: Skipping Lnet/minecraft/client/gui/screens/inventory/CreativeModeInventoryScreen;
[09:33:47] [main/DEBUG]: Skipping Lnet/minecraft/client/gui/screens/inventory/CreativeModeInventoryScreen$SlotWrapper;
[09:33:47] [main/DEBUG]: Skipping Lnet/minecraft/client/gui/screens/inventory/CreativeModeInventoryScreen$ItemPickerMenu;
[09:33:47] [main/DEBUG]: Skipping Lnet/minecraft/client/gui/screens/inventory/CreativeModeInventoryScreen$CustomCreativeSlot;
[09:33:47] [main/DEBUG]: Skipping Lnet/minecraft/client/gui/screens/inventory/AbstractContainerScreen;
[09:33:47] [main/DEBUG]: Skipping Lnet/minecraft/client/gui/screens/debug/package-info;
[09:33:47] [main/DEBUG]: Skipping Lnet/minecraft/client/gui/screens/debug/GameModeSwitcherScreen;
[09:33:47] [main/DEBUG]: Skipping Lnet/minecraft/client/gui/screens/debug/GameModeSwitcherScreen$GameModeSlot;
[09:33:47] [main/DEBUG]: Skipping Lnet/minecraft/client/gui/screens/debug/GameModeSwitcherScreen$GameModeIcon;
[09:33:47] [main/DEBUG]: Skipping Lnet/minecraft/client/gui/screens/debug/GameModeSwitcherScreen$1;
[09:33:47] [main/DEBUG]: Skipping Lnet/minecraft/client/gui/screens/advancements/package-info;
[09:33:47] [main/DEBUG]: Skipping Lnet/minecraft/client/gui/screens/advancements/AdvancementWidgetType;
[09:33:47] [main/DEBUG]: Skipping Lnet/minecraft/client/gui/screens/advancements/AdvancementWidgetType$1;
[09:33:47] [main/DEBUG]: Skipping Lnet/minecraft/client/gui/screens/advancements/AdvancementWidget;
[09:33:47] [main/DEBUG]: Skipping Lnet/minecraft/client/gui/screens/advancements/AdvancementsScreen;
[09:33:47] [main/DEBUG]: Skipping Lnet/minecraft/client/gui/screens/advancements/AdvancementTabType;
[09:33:47] [main/DEBUG]: Skipping Lnet/minecraft/client/gui/screens/advancements/AdvancementTabType$Sprites;
[09:33:47] [main/DEBUG]: Skipping Lnet/minecraft/client/gui/screens/advancements/AdvancementTab;
[09:33:47] [main/DEBUG]: Skipping Lnet/minecraft/client/gui/screens/achievement/package-info;
[09:33:47] [main/DEBUG]: Skipping Lnet/minecraft/client/gui/screens/achievement/StatsScreen;
[09:33:47] [main/DEBUG]: Skipping Lnet/minecraft/client/gui/screens/achievement/StatsScreen$MobsStatisticsList;
[09:33:47] [main/DEBUG]: Skipping Lnet/minecraft/client/gui/screens/achievement/StatsScreen$MobsStatisticsList$MobRow;
[09:33:47] [main/DEBUG]: Skipping Lnet/minecraft/client/gui/screens/achievement/StatsScreen$ItemStatisticsList;
[09:33:47] [main/DEBUG]: Skipping Lnet/minecraft/client/gui/screens/achievement/StatsScreen$ItemStatisticsList$ItemRowComparator;
[09:33:47] [main/DEBUG]: Skipping Lnet/minecraft/client/gui/screens/achievement/StatsScreen$ItemStatisticsList$ItemRow;
[09:33:47] [main/DEBUG]: Skipping Lnet/minecraft/client/gui/screens/achievement/StatsScreen$GeneralStatisticsList;
[09:33:47] [main/DEBUG]: Skipping Lnet/minecraft/client/gui/screens/achievement/StatsScreen$GeneralStatisticsList$Entry;
[09:33:47] [main/DEBUG]: Skipping Lnet/minecraft/client/gui/screens/WinScreen;
[09:33:47] [main/DEBUG]: Skipping Lnet/minecraft/client/gui/screens/WinScreen$CreditsReader;
[09:33:47] [main/DEBUG]: Skipping Lnet/minecraft/client/gui/screens/ShareToLanScreen;
[09:33:47] [main/DEBUG]: Skipping Lnet/minecraft/client/gui/screens/RecoverWorldDataScreen;
[09:33:47] [main/DEBUG]: Skipping Lnet/minecraft/client/gui/screens/ReceivingLevelScreen;
[09:33:47] [main/DEBUG]: Skipping Lnet/minecraft/client/gui/screens/ReceivingLevelScreen$Reason;
[09:33:47] [main/DEBUG]: Skipping Lnet/minecraft/client/gui/screens/ProgressScreen;
[09:33:47] [main/DEBUG]: Skipping Lnet/minecraft/client/gui/screens/PresetFlatWorldScreen;
[09:33:47] [main/DEBUG]: Skipping Lnet/minecraft/client/gui/screens/PresetFlatWorldScreen$PresetsList;
[09:33:47] [main/DEBUG]: Skipping Lnet/minecraft/client/gui/screens/PresetFlatWorldScreen$PresetsList$Entry;
[09:33:47] [main/DEBUG]: Skipping Lnet/minecraft/client/gui/screens/Overlay;
[09:33:47] [main/DEBUG]: Skipping Lnet/minecraft/client/gui/screens/OutOfMemoryScreen;
[09:33:47] [main/DEBUG]: Skipping Lnet/minecraft/client/gui/screens/NoticeWithLinkScreen;
[09:33:47] [main/DEBUG]: Skipping Lnet/minecraft/client/gui/screens/LoadingDotsText;
[09:33:47] [main/DEBUG]: Skipping Lnet/minecraft/client/gui/screens/LevelLoadingScreen;
[09:33:47] [main/DEBUG]: Skipping Lnet/minecraft/client/gui/screens/InBedChatScreen;
[09:33:47] [main/DEBUG]: Skipping Lnet/minecraft/client/gui/screens/GenericWaitingScreen;
[09:33:47] [main/DEBUG]: Skipping Lnet/minecraft/client/gui/screens/GenericMessageScreen;
[09:33:47] [main/DEBUG]: Skipping Lnet/minecraft/client/gui/screens/FaviconTexture;
[09:33:47] [main/DEBUG]: Skipping Lnet/minecraft/client/gui/screens/ErrorScreen;
[09:33:47] [main/DEBUG]: Skipping Lnet/minecraft/client/gui/screens/EditServerScreen;
[09:33:47] [main/DEBUG]: Skipping Lnet/minecraft/client/gui/screens/DisconnectedScreen;
[09:33:47] [main/DEBUG]: Skipping Lnet/minecraft/client/gui/screens/DirectJoinServerScreen;
[09:33:47] [main/DEBUG]: Skipping Lnet/minecraft/client/gui/screens/DemoIntroScreen;
[09:33:47] [main/DEBUG]: Skipping Lnet/minecraft/client/gui/screens/DeathScreen;
[09:33:47] [main/DEBUG]: Skipping Lnet/minecraft/client/gui/screens/DeathScreen$TitleConfirmScreen;
[09:33:47] [main/DEBUG]: Skipping Lnet/minecraft/client/gui/screens/DatapackLoadFailureScreen;
[09:33:47] [main/DEBUG]: Skipping Lnet/minecraft/client/gui/screens/CreditsAndAttributionScreen;
[09:33:47] [main/DEBUG]: Skipping Lnet/minecraft/client/gui/screens/CreateFlatWorldScreen;
[09:33:47] [main/DEBUG]: Skipping Lnet/minecraft/client/gui/screens/CreateFlatWorldScreen$DetailsList;
[09:33:47] [main/DEBUG]: Skipping Lnet/minecraft/client/gui/screens/CreateFlatWorldScreen$DetailsList$Entry;
[09:33:47] [main/DEBUG]: Skipping Lnet/minecraft/client/gui/screens/CreateBuffetWorldScreen;
[09:33:47] [main/DEBUG]: Skipping Lnet/minecraft/client/gui/screens/CreateBuffetWorldScreen$BiomeList;
[09:33:47] [main/DEBUG]: Skipping Lnet/minecraft/client/gui/screens/CreateBuffetWorldScreen$BiomeList$Entry;
[09:33:47] [main/DEBUG]: Skipping Lnet/minecraft/client/gui/screens/ConfirmScreen;
[09:33:47] [main/DEBUG]: Skipping Lnet/minecraft/client/gui/screens/ConfirmLinkScreen;
[09:33:47] [main/DEBUG]: Skipping Lnet/minecraft/client/gui/screens/BanNoticeScreens;
[09:33:47] [main/DEBUG]: Skipping Lnet/minecraft/client/gui/screens/BackupConfirmScreen;
[09:33:47] [main/DEBUG]: Skipping Lnet/minecraft/client/gui/screens/BackupConfirmScreen$Listener;
[09:33:47] [main/DEBUG]: Skipping Lnet/minecraft/client/gui/screens/AlertScreen;
[09:33:47] [main/DEBUG]: Skipping Lnet/minecraft/client/gui/screens/AccessibilityOnboardingScreen;
[09:33:47] [main/DEBUG]: Skipping Lnet/minecraft/client/gui/screens/TitleScreen;
[09:33:47] [main/DEBUG]: Transforming class Lnet/minecraft/client/gui/screens/Screen;
[09:33:47] [main/DEBUG]: Transforming net/minecraft/client/gui/screens/Screen FIELD f_169369_ to access PUBLIC and LEAVE
[09:33:47] [main/DEBUG]: Skipping Lnet/minecraft/client/gui/screens/Screen$NarratableSearchResult;
[09:33:47] [main/DEBUG]: Skipping Lnet/minecraft/client/gui/screens/Screen$DeferredTooltipRendering;
[09:33:47] [main/DEBUG]: Skipping Lnet/minecraft/client/gui/screens/PauseScreen;
[09:33:47] [main/DEBUG]: Skipping Lnet/minecraft/client/gui/screens/PauseScreen$FeedbackSubScreen;
[09:33:47] [main/DEBUG]: Transforming class Lnet/minecraft/client/gui/screens/MenuScreens;
[09:33:47] [main/DEBUG]: Transforming net/minecraft/client/gui/screens/MenuScreens INNERCLASS ScreenConstructor to access PUBLIC and LEAVE
[09:33:47] [main/DEBUG]: Transforming net/minecraft/client/gui/screens/MenuScreens METHOD m_96206_(Lnet/minecraft/world/inventory/MenuType;Lnet/minecraft/client/gui/screens/MenuScreens$ScreenConstructor;)V to access PUBLIC and LEAVE
[09:33:47] [main/DEBUG]: Transforming class Lnet/minecraft/client/gui/screens/MenuScreens$ScreenConstructor;
[09:33:47] [main/DEBUG]: Transforming net/minecraft/client/gui/screens/MenuScreens$ScreenConstructor CLASS to access PUBLIC and LEAVE
[09:33:47] [main/DEBUG]: Skipping Lnet/minecraft/client/gui/screens/LoadingOverlay;
[09:33:47] [main/DEBUG]: Skipping Lnet/minecraft/client/gui/screens/LoadingOverlay$LogoTexture;
[09:33:47] [main/DEBUG]: Skipping Lnet/minecraft/client/gui/screens/ConnectScreen;
[09:33:47] [main/DEBUG]: Skipping Lnet/minecraft/client/gui/screens/ConnectScreen$2;
[09:33:47] [main/DEBUG]: Skipping Lnet/minecraft/client/gui/screens/ConnectScreen$1;
[09:33:47] [main/DEBUG]: Skipping Lnet/minecraft/client/gui/screens/ChatScreen;
[09:33:47] [main/DEBUG]: Skipping Lnet/minecraft/client/gui/screens/ChatScreen$1;
[09:33:47] [main/DEBUG]: Skipping Lnet/minecraft/client/gui/package-info;
[09:33:47] [main/DEBUG]: Skipping Lnet/minecraft/client/gui/navigation/package-info;
[09:33:47] [main/DEBUG]: Skipping Lnet/minecraft/client/gui/navigation/ScreenRectangle;
[09:33:47] [main/DEBUG]: Skipping Lnet/minecraft/client/gui/navigation/ScreenRectangle$1;
[09:33:47] [main/DEBUG]: Skipping Lnet/minecraft/client/gui/navigation/ScreenPosition;
[09:33:47] [main/DEBUG]: Skipping Lnet/minecraft/client/gui/navigation/ScreenPosition$1;
[09:33:47] [main/DEBUG]: Skipping Lnet/minecraft/client/gui/navigation/ScreenDirection;
[09:33:47] [main/DEBUG]: Skipping Lnet/minecraft/client/gui/navigation/ScreenAxis;
[09:33:47] [main/DEBUG]: Skipping Lnet/minecraft/client/gui/navigation/FocusNavigationEvent;
[09:33:47] [main/DEBUG]: Skipping Lnet/minecraft/client/gui/navigation/FocusNavigationEvent$TabNavigation;
[09:33:47] [main/DEBUG]: Skipping Lnet/minecraft/client/gui/navigation/FocusNavigationEvent$InitialFocus;
[09:33:47] [main/DEBUG]: Skipping Lnet/minecraft/client/gui/navigation/FocusNavigationEvent$ArrowNavigation;
[09:33:47] [main/DEBUG]: Skipping Lnet/minecraft/client/gui/navigation/CommonInputs;
[09:33:47] [main/DEBUG]: Skipping Lnet/minecraft/client/gui/narration/package-info;
[09:33:47] [main/DEBUG]: Skipping Lnet/minecraft/client/gui/narration/ScreenNarrationCollector;
[09:33:47] [main/DEBUG]: Skipping Lnet/minecraft/client/gui/narration/ScreenNarrationCollector$Output;
[09:33:47] [main/DEBUG]: Skipping Lnet/minecraft/client/gui/narration/ScreenNarrationCollector$NarrationEntry;
[09:33:47] [main/DEBUG]: Skipping Lnet/minecraft/client/gui/narration/ScreenNarrationCollector$EntryKey;
[09:33:47] [main/DEBUG]: Skipping Lnet/minecraft/client/gui/narration/ScreenNarrationCollector$1;
[09:33:47] [main/DEBUG]: Skipping Lnet/minecraft/client/gui/narration/NarrationThunk;
[09:33:47] [main/DEBUG]: Skipping Lnet/minecraft/client/gui/narration/NarrationSupplier;
[09:33:47] [main/DEBUG]: Skipping Lnet/minecraft/client/gui/narration/NarrationElementOutput;
[09:33:47] [main/DEBUG]: Skipping Lnet/minecraft/client/gui/narration/NarratedElementType;
[09:33:47] [main/DEBUG]: Skipping Lnet/minecraft/client/gui/narration/NarratableEntry;
[09:33:47] [main/DEBUG]: Skipping Lnet/minecraft/client/gui/narration/NarratableEntry$NarrationPriority;
[09:33:47] [main/DEBUG]: Skipping Lnet/minecraft/client/gui/layouts/package-info;
[09:33:47] [main/DEBUG]: Skipping Lnet/minecraft/client/gui/layouts/SpacerElement;
[09:33:47] [main/DEBUG]: Skipping Lnet/minecraft/client/gui/layouts/LinearLayout;
[09:33:47] [main/DEBUG]: Skipping Lnet/minecraft/client/gui/layouts/LinearLayout$Orientation;
[09:33:47] [main/DEBUG]: Skipping Lnet/minecraft/client/gui/layouts/LayoutSettings;
[09:33:47] [main/DEBUG]: Skipping Lnet/minecraft/client/gui/layouts/LayoutSettings$LayoutSettingsImpl;
[09:33:47] [main/DEBUG]: Skipping Lnet/minecraft/client/gui/layouts/LayoutElement;
[09:33:47] [main/DEBUG]: Skipping Lnet/minecraft/client/gui/layouts/Layout;
[09:33:47] [main/DEBUG]: Skipping Lnet/minecraft/client/gui/layouts/HeaderAndFooterLayout;
[09:33:47] [main/DEBUG]: Skipping Lnet/minecraft/client/gui/layouts/GridLayout;
[09:33:47] [main/DEBUG]: Skipping Lnet/minecraft/client/gui/layouts/GridLayout$RowHelper;
[09:33:47] [main/DEBUG]: Skipping Lnet/minecraft/client/gui/layouts/GridLayout$CellInhabitant;
[09:33:47] [main/DEBUG]: Skipping Lnet/minecraft/client/gui/layouts/FrameLayout;
[09:33:47] [main/DEBUG]: Skipping Lnet/minecraft/client/gui/layouts/FrameLayout$ChildContainer;
[09:33:47] [main/DEBUG]: Skipping Lnet/minecraft/client/gui/layouts/EqualSpacingLayout;
[09:33:47] [main/DEBUG]: Skipping Lnet/minecraft/client/gui/layouts/EqualSpacingLayout$Orientation;
[09:33:47] [main/DEBUG]: Skipping Lnet/minecraft/client/gui/layouts/EqualSpacingLayout$ChildContainer;
[09:33:47] [main/DEBUG]: Skipping Lnet/minecraft/client/gui/layouts/CommonLayouts;
[09:33:47] [main/DEBUG]: Skipping Lnet/minecraft/client/gui/layouts/AbstractLayout;
[09:33:47] [main/DEBUG]: Skipping Lnet/minecraft/client/gui/layouts/AbstractLayout$AbstractChildWrapper;
[09:33:47] [main/DEBUG]: Skipping Lnet/minecraft/client/gui/font/providers/package-info;
[09:33:47] [main/DEBUG]: Skipping Lnet/minecraft/client/gui/font/providers/UnihexProvider;
[09:33:47] [main/DEBUG]: Skipping Lnet/minecraft/client/gui/font/providers/UnihexProvider$ShortContents;
[09:33:47] [main/DEBUG]: Skipping Lnet/minecraft/client/gui/font/providers/UnihexProvider$ReaderOutput;
[09:33:47] [main/DEBUG]: Skipping Lnet/minecraft/client/gui/font/providers/UnihexProvider$OverrideRange;
[09:33:47] [main/DEBUG]: Skipping Lnet/minecraft/client/gui/font/providers/UnihexProvider$LineData;
[09:33:47] [main/DEBUG]: Skipping Lnet/minecraft/client/gui/font/providers/UnihexProvider$IntContents;
[09:33:47] [main/DEBUG]: Skipping Lnet/minecraft/client/gui/font/providers/UnihexProvider$Glyph;
[09:33:47] [main/DEBUG]: Skipping Lnet/minecraft/client/gui/font/providers/UnihexProvider$Glyph$1;
[09:33:47] [main/DEBUG]: Skipping Lnet/minecraft/client/gui/font/providers/UnihexProvider$Dimensions;
[09:33:47] [main/DEBUG]: Skipping Lnet/minecraft/client/gui/font/providers/UnihexProvider$Definition;
[09:33:47] [main/DEBUG]: Skipping Lnet/minecraft/client/gui/font/providers/UnihexProvider$ByteContents;
[09:33:47] [main/DEBUG]: Skipping Lnet/minecraft/client/gui/font/providers/TrueTypeGlyphProviderDefinition;
[09:33:47] [main/DEBUG]: Skipping Lnet/minecraft/client/gui/font/providers/TrueTypeGlyphProviderDefinition$Shift;
[09:33:47] [main/DEBUG]: Skipping Lnet/minecraft/client/gui/font/providers/ProviderReferenceDefinition;
[09:33:47] [main/DEBUG]: Skipping Lnet/minecraft/client/gui/font/providers/GlyphProviderType;
[09:33:47] [main/DEBUG]: Skipping Lnet/minecraft/client/gui/font/providers/GlyphProviderDefinition;
[09:33:47] [main/DEBUG]: Skipping Lnet/minecraft/client/gui/font/providers/GlyphProviderDefinition$Reference;
[09:33:47] [main/DEBUG]: Skipping Lnet/minecraft/client/gui/font/providers/GlyphProviderDefinition$Loader;
[09:33:47] [main/DEBUG]: Skipping Lnet/minecraft/client/gui/font/providers/GlyphProviderDefinition$Conditional;
[09:33:47] [main/DEBUG]: Skipping Lnet/minecraft/client/gui/font/providers/FreeTypeUtil;
[09:33:47] [main/DEBUG]: Skipping Lnet/minecraft/client/gui/font/providers/BitmapProvider;
[09:33:47] [main/DEBUG]: Skipping Lnet/minecraft/client/gui/font/providers/BitmapProvider$Glyph;
[09:33:47] [main/DEBUG]: Skipping Lnet/minecraft/client/gui/font/providers/BitmapProvider$Glyph$1;
[09:33:47] [main/DEBUG]: Skipping Lnet/minecraft/client/gui/font/providers/BitmapProvider$Definition;
[09:33:47] [main/DEBUG]: Skipping Lnet/minecraft/client/gui/font/package-info;
[09:33:47] [main/DEBUG]: Skipping Lnet/minecraft/client/gui/font/glyphs/package-info;
[09:33:47] [main/DEBUG]: Skipping Lnet/minecraft/client/gui/font/glyphs/SpecialGlyphs;
[09:33:47] [main/DEBUG]: Skipping Lnet/minecraft/client/gui/font/glyphs/SpecialGlyphs$PixelProvider;
[09:33:47] [main/DEBUG]: Skipping Lnet/minecraft/client/gui/font/glyphs/SpecialGlyphs$1;
[09:33:47] [main/DEBUG]: Skipping Lnet/minecraft/client/gui/font/glyphs/EmptyGlyph;
[09:33:47] [main/DEBUG]: Skipping Lnet/minecraft/client/gui/font/glyphs/BakedGlyph;
[09:33:47] [main/DEBUG]: Skipping Lnet/minecraft/client/gui/font/glyphs/BakedGlyph$Effect;
[09:33:47] [main/DEBUG]: Skipping Lnet/minecraft/client/gui/font/TextFieldHelper;
[09:33:47] [main/DEBUG]: Skipping Lnet/minecraft/client/gui/font/TextFieldHelper$CursorStep;
[09:33:47] [main/DEBUG]: Skipping Lnet/minecraft/client/gui/font/GlyphRenderTypes;
[09:33:47] [main/DEBUG]: Skipping Lnet/minecraft/client/gui/font/GlyphRenderTypes$1;
[09:33:47] [main/DEBUG]: Skipping Lnet/minecraft/client/gui/font/FontTexture;
[09:33:47] [main/DEBUG]: Skipping Lnet/minecraft/client/gui/font/FontTexture$Node;
[09:33:47] [main/DEBUG]: Skipping Lnet/minecraft/client/gui/font/FontSet;
[09:33:47] [main/DEBUG]: Skipping Lnet/minecraft/client/gui/font/FontSet$GlyphInfoFilter;
[09:33:47] [main/DEBUG]: Skipping Lnet/minecraft/client/gui/font/FontOption;
[09:33:47] [main/DEBUG]: Skipping Lnet/minecraft/client/gui/font/FontOption$Filter;
[09:33:47] [main/DEBUG]: Skipping Lnet/minecraft/client/gui/font/FontManager;
[09:33:47] [main/DEBUG]: Skipping Lnet/minecraft/client/gui/font/FontManager$UnresolvedBuilderBundle;
[09:33:47] [main/DEBUG]: Skipping Lnet/minecraft/client/gui/font/FontManager$Preparation;
[09:33:47] [main/DEBUG]: Skipping Lnet/minecraft/client/gui/font/FontManager$FontDefinitionFile;
[09:33:47] [main/DEBUG]: Skipping Lnet/minecraft/client/gui/font/FontManager$BuilderResult;
[09:33:47] [main/DEBUG]: Skipping Lnet/minecraft/client/gui/font/FontManager$BuilderId;
[09:33:47] [main/DEBUG]: Skipping Lnet/minecraft/client/gui/font/CodepointMap;
[09:33:47] [main/DEBUG]: Skipping Lnet/minecraft/client/gui/font/CodepointMap$Output;
[09:33:47] [main/DEBUG]: Skipping Lnet/minecraft/client/gui/font/AllMissingGlyphProvider;
[09:33:47] [main/DEBUG]: Skipping Lnet/minecraft/client/gui/components/toasts/package-info;
[09:33:47] [main/DEBUG]: Skipping Lnet/minecraft/client/gui/components/toasts/TutorialToast;
[09:33:47] [main/DEBUG]: Skipping Lnet/minecraft/client/gui/components/toasts/TutorialToast$Icons;
[09:33:47] [main/DEBUG]: Skipping Lnet/minecraft/client/gui/components/toasts/Toast;
[09:33:47] [main/DEBUG]: Skipping Lnet/minecraft/client/gui/components/toasts/Toast$Visibility;
[09:33:47] [main/DEBUG]: Skipping Lnet/minecraft/client/gui/components/toasts/SystemToast;
[09:33:47] [main/DEBUG]: Skipping Lnet/minecraft/client/gui/components/toasts/SystemToast$SystemToastId;
[09:33:47] [main/DEBUG]: Skipping Lnet/minecraft/client/gui/components/toasts/RecipeToast;
[09:33:47] [main/DEBUG]: Skipping Lnet/minecraft/client/gui/components/toasts/AdvancementToast;
[09:33:47] [main/DEBUG]: Skipping Lnet/minecraft/client/gui/components/toasts/ToastComponent;
[09:33:47] [main/DEBUG]: Skipping Lnet/minecraft/client/gui/components/toasts/ToastComponent$ToastInstance;
[09:33:47] [main/DEBUG]: Skipping Lnet/minecraft/client/gui/components/tabs/package-info;
[09:33:47] [main/DEBUG]: Skipping Lnet/minecraft/client/gui/components/tabs/TabNavigationBar;
[09:33:47] [main/DEBUG]: Skipping Lnet/minecraft/client/gui/components/tabs/TabNavigationBar$Builder;
[09:33:47] [main/DEBUG]: Skipping Lnet/minecraft/client/gui/components/tabs/TabManager;
[09:33:47] [main/DEBUG]: Skipping Lnet/minecraft/client/gui/components/tabs/Tab;
[09:33:47] [main/DEBUG]: Skipping Lnet/minecraft/client/gui/components/tabs/GridLayoutTab;
[09:33:47] [main/DEBUG]: Skipping Lnet/minecraft/client/gui/components/spectator/package-info;
[09:33:47] [main/DEBUG]: Skipping Lnet/minecraft/client/gui/components/spectator/SpectatorGui;
[09:33:47] [main/DEBUG]: Skipping Lnet/minecraft/client/gui/components/package-info;
[09:33:47] [main/DEBUG]: Skipping Lnet/minecraft/client/gui/components/events/package-info;
[09:33:47] [main/DEBUG]: Skipping Lnet/minecraft/client/gui/components/events/GuiEventListener;
[09:33:47] [main/DEBUG]: Skipping Lnet/minecraft/client/gui/components/events/ContainerEventHandler;
[09:33:47] [main/DEBUG]: Skipping Lnet/minecraft/client/gui/components/events/AbstractContainerEventHandler;
[09:33:47] [main/DEBUG]: Skipping Lnet/minecraft/client/gui/components/debugchart/TpsDebugChart;
[09:33:47] [main/DEBUG]: Skipping Lnet/minecraft/client/gui/components/debugchart/PingDebugChart;
[09:33:47] [main/DEBUG]: Skipping Lnet/minecraft/client/gui/components/debugchart/FpsDebugChart;
[09:33:47] [main/DEBUG]: Skipping Lnet/minecraft/client/gui/components/debugchart/BandwidthDebugChart;
[09:33:47] [main/DEBUG]: Skipping Lnet/minecraft/client/gui/components/debugchart/AbstractDebugChart;
[09:33:47] [main/DEBUG]: Skipping Lnet/minecraft/client/gui/components/WidgetTooltipHolder;
[09:33:47] [main/DEBUG]: Skipping Lnet/minecraft/client/gui/components/WidgetSprites;
[09:33:47] [main/DEBUG]: Skipping Lnet/minecraft/client/gui/components/Whence;
[09:33:47] [main/DEBUG]: Skipping Lnet/minecraft/client/gui/components/Tooltip;
[09:33:47] [main/DEBUG]: Skipping Lnet/minecraft/client/gui/components/TabOrderedElement;
[09:33:47] [main/DEBUG]: Skipping Lnet/minecraft/client/gui/components/TabButton;
[09:33:47] [main/DEBUG]: Skipping Lnet/minecraft/client/gui/components/SubtitleOverlay;
[09:33:47] [main/DEBUG]: Skipping Lnet/minecraft/client/gui/components/SubtitleOverlay$Subtitle;
[09:33:47] [main/DEBUG]: Skipping Lnet/minecraft/client/gui/components/SubtitleOverlay$SoundPlayedAt;
[09:33:47] [main/DEBUG]: Skipping Lnet/minecraft/client/gui/components/StringWidget;
[09:33:47] [main/DEBUG]: Skipping Lnet/minecraft/client/gui/components/StateSwitchingButton;
[09:33:47] [main/DEBUG]: Skipping Lnet/minecraft/client/gui/components/SpriteIconButton;
[09:33:47] [main/DEBUG]: Skipping Lnet/minecraft/client/gui/components/SpriteIconButton$TextAndIcon;
[09:33:47] [main/DEBUG]: Skipping Lnet/minecraft/client/gui/components/SpriteIconButton$CenteredIcon;
[09:33:47] [main/DEBUG]: Skipping Lnet/minecraft/client/gui/components/SpriteIconButton$Builder;
[09:33:47] [main/DEBUG]: Skipping Lnet/minecraft/client/gui/components/SplashRenderer;
[09:33:47] [main/DEBUG]: Skipping Lnet/minecraft/client/gui/components/Renderable;
[09:33:47] [main/DEBUG]: Skipping Lnet/minecraft/client/gui/components/PopupScreen;
[09:33:47] [main/DEBUG]: Skipping Lnet/minecraft/client/gui/components/PopupScreen$ButtonOption;
[09:33:47] [main/DEBUG]: Skipping Lnet/minecraft/client/gui/components/PopupScreen$Builder;
[09:33:47] [main/DEBUG]: Skipping Lnet/minecraft/client/gui/components/PlayerTabOverlay;
[09:33:47] [main/DEBUG]: Skipping Lnet/minecraft/client/gui/components/PlayerTabOverlay$ScoreDisplayEntry;
[09:33:47] [main/DEBUG]: Skipping Lnet/minecraft/client/gui/components/PlayerTabOverlay$HealthState;
[09:33:47] [main/DEBUG]: Skipping Lnet/minecraft/client/gui/components/PlayerSkinWidget;
[09:33:47] [main/DEBUG]: Skipping Lnet/minecraft/client/gui/components/PlayerSkinWidget$Model;
[09:33:47] [main/DEBUG]: Skipping Lnet/minecraft/client/gui/components/PlayerFaceRenderer;
[09:33:47] [main/DEBUG]: Skipping Lnet/minecraft/client/gui/components/PlainTextButton;
[09:33:47] [main/DEBUG]: Skipping Lnet/minecraft/client/gui/components/OptionsList;
[09:33:47] [main/DEBUG]: Skipping Lnet/minecraft/client/gui/components/OptionsList$OptionEntry;
[09:33:47] [main/DEBUG]: Skipping Lnet/minecraft/client/gui/components/OptionsList$Entry;
[09:33:47] [main/DEBUG]: Skipping Lnet/minecraft/client/gui/components/ObjectSelectionList;
[09:33:47] [main/DEBUG]: Skipping Lnet/minecraft/client/gui/components/ObjectSelectionList$Entry;
[09:33:47] [main/DEBUG]: Skipping Lnet/minecraft/client/gui/components/MultilineTextField;
[09:33:47] [main/DEBUG]: Skipping Lnet/minecraft/client/gui/components/MultilineTextField$StringView;
[09:33:47] [main/DEBUG]: Skipping Lnet/minecraft/client/gui/components/MultilineTextField$1;
[09:33:47] [main/DEBUG]: Skipping Lnet/minecraft/client/gui/components/MultiLineTextWidget;
[09:33:47] [main/DEBUG]: Skipping Lnet/minecraft/client/gui/components/MultiLineTextWidget$CacheKey;
[09:33:47] [main/DEBUG]: Skipping Lnet/minecraft/client/gui/components/MultiLineLabel;
[09:33:47] [main/DEBUG]: Skipping Lnet/minecraft/client/gui/components/MultiLineLabel$TextAndWidth;
[09:33:47] [main/DEBUG]: Skipping Lnet/minecraft/client/gui/components/MultiLineLabel$2;
[09:33:47] [main/DEBUG]: Skipping Lnet/minecraft/client/gui/components/MultiLineLabel$1;
[09:33:47] [main/DEBUG]: Skipping Lnet/minecraft/client/gui/components/MultiLineEditBox;
[09:33:47] [main/DEBUG]: Skipping Lnet/minecraft/client/gui/components/LogoRenderer;
[09:33:47] [main/DEBUG]: Skipping Lnet/minecraft/client/gui/components/LockIconButton;
[09:33:47] [main/DEBUG]: Skipping Lnet/minecraft/client/gui/components/LockIconButton$Icon;
[09:33:47] [main/DEBUG]: Skipping Lnet/minecraft/client/gui/components/LoadingDotsWidget;
[09:33:47] [main/DEBUG]: Skipping Lnet/minecraft/client/gui/components/LerpingBossEvent;
[09:33:47] [main/DEBUG]: Skipping Lnet/minecraft/client/gui/components/ImageWidget;
[09:33:47] [main/DEBUG]: Skipping Lnet/minecraft/client/gui/components/ImageWidget$Texture;
[09:33:47] [main/DEBUG]: Skipping Lnet/minecraft/client/gui/components/ImageWidget$Sprite;
[09:33:47] [main/DEBUG]: Skipping Lnet/minecraft/client/gui/components/ImageButton;
[09:33:47] [main/DEBUG]: Skipping Lnet/minecraft/client/gui/components/FocusableTextWidget;
[09:33:47] [main/DEBUG]: Skipping Lnet/minecraft/client/gui/components/FittingMultiLineTextWidget;
[09:33:47] [main/DEBUG]: Skipping Lnet/minecraft/client/gui/components/EditBox;
[09:33:47] [main/DEBUG]: Skipping Lnet/minecraft/client/gui/components/CycleButton;
[09:33:47] [main/DEBUG]: Skipping Lnet/minecraft/client/gui/components/CycleButton$ValueListSupplier;
[09:33:47] [main/DEBUG]: Skipping Lnet/minecraft/client/gui/components/CycleButton$ValueListSupplier$2;
[09:33:47] [main/DEBUG]: Skipping Lnet/minecraft/client/gui/components/CycleButton$ValueListSupplier$1;
[09:33:47] [main/DEBUG]: Skipping Lnet/minecraft/client/gui/components/CycleButton$OnValueChange;
[09:33:47] [main/DEBUG]: Skipping Lnet/minecraft/client/gui/components/CycleButton$Builder;
[09:33:47] [main/DEBUG]: Skipping Lnet/minecraft/client/gui/components/ContainerObjectSelectionList;
[09:33:47] [main/DEBUG]: Skipping Lnet/minecraft/client/gui/components/ContainerObjectSelectionList$Entry;
[09:33:47] [main/DEBUG]: Skipping Lnet/minecraft/client/gui/components/ContainerObjectSelectionList$1;
[09:33:47] [main/DEBUG]: Skipping Lnet/minecraft/client/gui/components/ComponentRenderUtils;
[09:33:47] [main/DEBUG]: Skipping Lnet/minecraft/client/gui/components/CommonButtons;
[09:33:47] [main/DEBUG]: Skipping Lnet/minecraft/client/gui/components/CommandSuggestions;
[09:33:47] [main/DEBUG]: Skipping Lnet/minecraft/client/gui/components/CommandSuggestions$SuggestionsList;
[09:33:47] [main/DEBUG]: Skipping Lnet/minecraft/client/gui/components/Checkbox;
[09:33:47] [main/DEBUG]: Skipping Lnet/minecraft/client/gui/components/Checkbox$OnValueChange;
[09:33:47] [main/DEBUG]: Skipping Lnet/minecraft/client/gui/components/Checkbox$Builder;
[09:33:47] [main/DEBUG]: Skipping Lnet/minecraft/client/gui/components/ChatComponent;
[09:33:47] [main/DEBUG]: Skipping Lnet/minecraft/client/gui/components/ChatComponent$State;
[09:33:47] [main/DEBUG]: Skipping Lnet/minecraft/client/gui/components/ChatComponent$DelayedMessageDeletion;
[09:33:47] [main/DEBUG]: Skipping Lnet/minecraft/client/gui/components/AbstractStringWidget;
[09:33:47] [main/DEBUG]: Transforming class Lnet/minecraft/client/gui/components/AbstractSliderButton;
[09:33:47] [main/DEBUG]: Transforming net/minecraft/client/gui/components/AbstractSliderButton METHOD m_293389_()Lnet/minecraft/resources/ResourceLocation; to access PROTECTED and LEAVE
[09:33:47] [main/DEBUG]: Transforming net/minecraft/client/gui/components/AbstractSliderButton METHOD m_293290_()Lnet/minecraft/resources/ResourceLocation; to access PROTECTED and LEAVE
[09:33:47] [main/DEBUG]: Skipping Lnet/minecraft/client/gui/components/AbstractSelectionList;
[09:33:47] [main/DEBUG]: Skipping Lnet/minecraft/client/gui/components/AbstractSelectionList$TrackedList;
[09:33:47] [main/DEBUG]: Transforming class Lnet/minecraft/client/gui/components/AbstractSelectionList$Entry;
[09:33:47] [main/DEBUG]: Transforming net/minecraft/client/gui/components/AbstractSelectionList$Entry FIELD f_93521_ to access PROTECTED and LEAVE
[09:33:47] [main/DEBUG]: Skipping Lnet/minecraft/client/gui/components/AbstractSelectionList$1;
[09:33:47] [main/DEBUG]: Skipping Lnet/minecraft/client/gui/components/AbstractScrollWidget;
[09:33:47] [main/DEBUG]: Skipping Lnet/minecraft/client/gui/components/AbstractOptionSliderButton;
[09:33:47] [main/DEBUG]: Skipping Lnet/minecraft/client/gui/components/AbstractContainerWidget;
[09:33:47] [main/DEBUG]: Transforming class Lnet/minecraft/client/gui/components/DebugScreenOverlay;
[09:33:47] [main/DEBUG]: Transforming net/minecraft/client/gui/components/DebugScreenOverlay FIELD f_94032_ to access PROTECTED and LEAVE
[09:33:47] [main/DEBUG]: Transforming net/minecraft/client/gui/components/DebugScreenOverlay FIELD f_94033_ to access PROTECTED and LEAVE
[09:33:47] [main/DEBUG]: Transforming net/minecraft/client/gui/components/DebugScreenOverlay METHOD m_286013_(Lnet/minecraft/client/gui/GuiGraphics;Ljava/util/List;Z)V to access PROTECTED and LEAVE
[09:33:47] [main/DEBUG]: Skipping Lnet/minecraft/client/gui/components/DebugScreenOverlay$AllocationRateCalculator;
[09:33:47] [main/DEBUG]: Skipping Lnet/minecraft/client/gui/components/DebugScreenOverlay$1;
[09:33:47] [main/DEBUG]: Skipping Lnet/minecraft/client/gui/components/Button;
[09:33:47] [main/DEBUG]: Skipping Lnet/minecraft/client/gui/components/Button$OnPress;
[09:33:47] [main/DEBUG]: Skipping Lnet/minecraft/client/gui/components/Button$CreateNarration;
[09:33:47] [main/DEBUG]: Skipping Lnet/minecraft/client/gui/components/Button$Builder;
[09:33:47] [main/DEBUG]: Skipping Lnet/minecraft/client/gui/components/BossHealthOverlay;
[09:33:47] [main/DEBUG]: Skipping Lnet/minecraft/client/gui/components/BossHealthOverlay$1;
[09:33:47] [main/DEBUG]: Skipping Lnet/minecraft/client/gui/components/AbstractWidget;
[09:33:47] [main/DEBUG]: Transforming class Lnet/minecraft/client/gui/components/AbstractButton;
[09:33:47] [main/DEBUG]: Transforming net/minecraft/client/gui/components/AbstractButton FIELD f_290895_ to access PROTECTED and LEAVE
[09:33:47] [main/DEBUG]: Skipping Lnet/minecraft/client/gui/MapRenderer;
[09:33:47] [main/DEBUG]: Skipping Lnet/minecraft/client/gui/MapRenderer$MapInstance;
[09:33:47] [main/DEBUG]: Skipping Lnet/minecraft/client/gui/LayeredDraw;
[09:33:47] [main/DEBUG]: Skipping Lnet/minecraft/client/gui/LayeredDraw$Layer;
[09:33:47] [main/DEBUG]: Skipping Lnet/minecraft/client/gui/GuiSpriteManager;
[09:33:47] [main/DEBUG]: Skipping Lnet/minecraft/client/gui/ComponentPath;
[09:33:47] [main/DEBUG]: Skipping Lnet/minecraft/client/gui/ComponentPath$Path;
[09:33:47] [main/DEBUG]: Skipping Lnet/minecraft/client/gui/ComponentPath$Leaf;
[09:33:47] [main/DEBUG]: Skipping Lnet/minecraft/client/gui/GuiGraphics;
[09:33:47] [main/DEBUG]: Skipping Lnet/minecraft/client/gui/GuiGraphics$ScissorStack;
[09:33:47] [main/DEBUG]: Skipping Lnet/minecraft/client/gui/Gui;
[09:33:47] [main/DEBUG]: Skipping Lnet/minecraft/client/gui/Gui$HeartType;
[09:33:47] [main/DEBUG]: Skipping Lnet/minecraft/client/gui/Gui$1DisplayEntry;
[09:33:47] [main/DEBUG]: Skipping Lnet/minecraft/client/gui/Font;
[09:33:47] [main/DEBUG]: Skipping Lnet/minecraft/client/gui/Font$StringRenderOutput;
[09:33:47] [main/DEBUG]: Skipping Lnet/minecraft/client/gui/Font$DisplayMode;
[09:33:47] [main/DEBUG]: Skipping Lnet/minecraft/client/color/item/package-info;
[09:33:47] [main/DEBUG]: Skipping Lnet/minecraft/client/color/item/ItemColor;
[09:33:47] [main/DEBUG]: Skipping Lnet/minecraft/client/color/item/ItemColors;
[09:33:47] [main/DEBUG]: Skipping Lnet/minecraft/client/color/block/package-info;
[09:33:47] [main/DEBUG]: Skipping Lnet/minecraft/client/color/block/BlockTintCache;
[09:33:47] [main/DEBUG]: Skipping Lnet/minecraft/client/color/block/BlockTintCache$LatestCacheInfo;
[09:33:47] [main/DEBUG]: Skipping Lnet/minecraft/client/color/block/BlockTintCache$CacheData;
[09:33:47] [main/DEBUG]: Skipping Lnet/minecraft/client/color/block/BlockColor;
[09:33:47] [main/DEBUG]: Skipping Lnet/minecraft/client/color/block/BlockColors;
[09:33:47] [main/DEBUG]: Skipping Lnet/minecraft/client/animation/package-info;
[09:33:47] [main/DEBUG]: Skipping Lnet/minecraft/client/animation/definitions/package-info;
[09:33:47] [main/DEBUG]: Skipping Lnet/minecraft/client/animation/definitions/WardenAnimation;
[09:33:47] [main/DEBUG]: Skipping Lnet/minecraft/client/animation/definitions/SnifferAnimation;
[09:33:47] [main/DEBUG]: Skipping Lnet/minecraft/client/animation/definitions/FrogAnimation;
[09:33:47] [main/DEBUG]: Skipping Lnet/minecraft/client/animation/definitions/CamelAnimation;
[09:33:47] [main/DEBUG]: Skipping Lnet/minecraft/client/animation/definitions/BreezeAnimation;
[09:33:47] [main/DEBUG]: Skipping Lnet/minecraft/client/animation/definitions/BatAnimation;
[09:33:47] [main/DEBUG]: Skipping Lnet/minecraft/client/animation/definitions/ArmadilloAnimation;
[09:33:47] [main/DEBUG]: Skipping Lnet/minecraft/client/animation/KeyframeAnimations;
[09:33:47] [main/DEBUG]: Skipping Lnet/minecraft/client/animation/Keyframe;
[09:33:47] [main/DEBUG]: Skipping Lnet/minecraft/client/animation/AnimationDefinition;
[09:33:47] [main/DEBUG]: Skipping Lnet/minecraft/client/animation/AnimationDefinition$Builder;
[09:33:47] [main/DEBUG]: Skipping Lnet/minecraft/client/animation/AnimationChannel;
[09:33:47] [main/DEBUG]: Skipping Lnet/minecraft/client/animation/AnimationChannel$Targets;
[09:33:47] [main/DEBUG]: Skipping Lnet/minecraft/client/animation/AnimationChannel$Target;
[09:33:47] [main/DEBUG]: Skipping Lnet/minecraft/client/animation/AnimationChannel$Interpolations;
[09:33:47] [main/DEBUG]: Skipping Lnet/minecraft/client/animation/AnimationChannel$Interpolation;
[09:33:47] [main/DEBUG]: Skipping Lnet/minecraft/client/User;
[09:33:47] [main/DEBUG]: Skipping Lnet/minecraft/client/User$Type;
[09:33:47] [main/DEBUG]: Skipping Lnet/minecraft/client/StringSplitter;
[09:33:47] [main/DEBUG]: Skipping Lnet/minecraft/client/StringSplitter$WidthProvider;
[09:33:47] [main/DEBUG]: Skipping Lnet/minecraft/client/StringSplitter$WidthLimitedCharSink;
[09:33:47] [main/DEBUG]: Skipping Lnet/minecraft/client/StringSplitter$LinePosConsumer;
[09:33:47] [main/DEBUG]: Skipping Lnet/minecraft/client/StringSplitter$LineComponent;
[09:33:47] [main/DEBUG]: Skipping Lnet/minecraft/client/StringSplitter$LineBreakFinder;
[09:33:47] [main/DEBUG]: Skipping Lnet/minecraft/client/StringSplitter$FlatComponents;
[09:33:47] [main/DEBUG]: Skipping Lnet/minecraft/client/StringSplitter$1;
[09:33:47] [main/DEBUG]: Skipping Lnet/minecraft/client/ResourceLoadStateTracker;
[09:33:47] [main/DEBUG]: Skipping Lnet/minecraft/client/ResourceLoadStateTracker$ReloadState;
[09:33:47] [main/DEBUG]: Skipping Lnet/minecraft/client/ResourceLoadStateTracker$ReloadReason;
[09:33:47] [main/DEBUG]: Skipping Lnet/minecraft/client/ResourceLoadStateTracker$RecoveryInfo;
[09:33:47] [main/DEBUG]: Skipping Lnet/minecraft/client/PrioritizeChunkUpdates;
[09:33:47] [main/DEBUG]: Skipping Lnet/minecraft/client/PeriodicNotificationManager;
[09:33:47] [main/DEBUG]: Skipping Lnet/minecraft/client/PeriodicNotificationManager$NotificationTask;
[09:33:47] [main/DEBUG]: Skipping Lnet/minecraft/client/PeriodicNotificationManager$Notification;
[09:33:47] [main/DEBUG]: Skipping Lnet/minecraft/client/ParticleStatus;
[09:33:47] [main/DEBUG]: Skipping Lnet/minecraft/client/OptionInstance;
[09:33:47] [main/DEBUG]: Skipping Lnet/minecraft/client/OptionInstance$ValueSet;
[09:33:47] [main/DEBUG]: Skipping Lnet/minecraft/client/OptionInstance$UnitDouble;
[09:33:47] [main/DEBUG]: Skipping Lnet/minecraft/client/OptionInstance$UnitDouble$1;
[09:33:47] [main/DEBUG]: Skipping Lnet/minecraft/client/OptionInstance$TooltipSupplier;
[09:33:47] [main/DEBUG]: Skipping Lnet/minecraft/client/OptionInstance$SliderableValueSet;
[09:33:47] [main/DEBUG]: Skipping Lnet/minecraft/client/OptionInstance$SliderableOrCyclableValueSet;
[09:33:47] [main/DEBUG]: Skipping Lnet/minecraft/client/OptionInstance$OptionInstanceSliderButton;
[09:33:47] [main/DEBUG]: Skipping Lnet/minecraft/client/OptionInstance$LazyEnum;
[09:33:47] [main/DEBUG]: Skipping Lnet/minecraft/client/OptionInstance$IntRangeBase;
[09:33:47] [main/DEBUG]: Skipping Lnet/minecraft/client/OptionInstance$IntRangeBase$1;
[09:33:47] [main/DEBUG]: Skipping Lnet/minecraft/client/OptionInstance$IntRange;
[09:33:47] [main/DEBUG]: Skipping Lnet/minecraft/client/OptionInstance$Enum;
[09:33:47] [main/DEBUG]: Skipping Lnet/minecraft/client/OptionInstance$CycleableValueSet;
[09:33:47] [main/DEBUG]: Skipping Lnet/minecraft/client/OptionInstance$CycleableValueSet$ValueSetter;
[09:33:47] [main/DEBUG]: Skipping Lnet/minecraft/client/OptionInstance$ClampingLazyMaxIntRange;
[09:33:47] [main/DEBUG]: Skipping Lnet/minecraft/client/OptionInstance$CaptionBasedToString;
[09:33:47] [main/DEBUG]: Skipping Lnet/minecraft/client/OptionInstance$AltEnum;
[09:33:47] [main/DEBUG]: Skipping Lnet/minecraft/client/NarratorStatus;
[09:33:47] [main/DEBUG]: Skipping Lnet/minecraft/client/InputType;
[09:33:47] [main/DEBUG]: Skipping Lnet/minecraft/client/HotbarManager;
[09:33:47] [main/DEBUG]: Skipping Lnet/minecraft/client/GuiMessageTag;
[09:33:47] [main/DEBUG]: Skipping Lnet/minecraft/client/GuiMessageTag$Icon;
[09:33:47] [main/DEBUG]: Skipping Lnet/minecraft/client/GuiMessage;
[09:33:47] [main/DEBUG]: Skipping Lnet/minecraft/client/GuiMessage$Line;
[09:33:47] [main/DEBUG]: Skipping Lnet/minecraft/client/GraphicsStatus;
[09:33:47] [main/DEBUG]: Skipping Lnet/minecraft/client/GameNarrator;
[09:33:47] [main/DEBUG]: Skipping Lnet/minecraft/client/GameNarrator$NarratorInitException;
[09:33:47] [main/DEBUG]: Skipping Lnet/minecraft/client/DebugQueryHandler;
[09:33:47] [main/DEBUG]: Skipping Lnet/minecraft/client/ComponentCollector;
[09:33:47] [main/DEBUG]: Skipping Lnet/minecraft/client/CommandHistory;
[09:33:47] [main/DEBUG]: Skipping Lnet/minecraft/client/CloudStatus;
[09:33:47] [main/DEBUG]: Skipping Lnet/minecraft/client/CameraType;
[09:33:47] [main/DEBUG]: Skipping Lnet/minecraft/client/AttackIndicatorStatus;
[09:33:47] [main/DEBUG]: Skipping Lnet/minecraft/client/ToggleKeyMapping;
[09:33:47] [main/DEBUG]: Skipping Lnet/minecraft/client/Screenshot;
[09:33:47] [main/DEBUG]: Skipping Lnet/minecraft/client/RecipeBookCategories;
[09:33:47] [main/DEBUG]: Skipping Lnet/minecraft/client/RecipeBookCategories$1;
[09:33:47] [main/DEBUG]: Transforming class Lnet/minecraft/client/Options;
[09:33:47] [main/DEBUG]: Transforming net/minecraft/client/Options INNERCLASS FieldAccess to access PUBLIC and LEAVE
[09:33:47] [main/DEBUG]: Transforming net/minecraft/client/Options FIELD f_92059_ to access PUBLIC and REMOVEFINAL
[09:33:47] [main/DEBUG]: Skipping Lnet/minecraft/client/Options$OptionAccess;
[09:33:47] [main/DEBUG]: Transforming class Lnet/minecraft/client/Options$FieldAccess;
[09:33:47] [main/DEBUG]: Transforming net/minecraft/client/Options$FieldAccess CLASS to access PUBLIC and LEAVE
[09:33:47] [main/DEBUG]: Skipping Lnet/minecraft/client/Options$5;
[09:33:47] [main/DEBUG]: Skipping Lnet/minecraft/client/Options$4;
[09:33:47] [main/DEBUG]: Skipping Lnet/minecraft/client/Options$3;
[09:33:47] [main/DEBUG]: Skipping Lnet/minecraft/client/Options$2;
[09:33:47] [main/DEBUG]: Skipping Lnet/minecraft/client/Options$1;
[09:33:47] [main/DEBUG]: Skipping Lnet/minecraft/client/MouseHandler;
[09:33:47] [main/DEBUG]: Transforming class Lnet/minecraft/client/Minecraft;
[09:33:47] [main/DEBUG]: Transforming net/minecraft/client/Minecraft FIELD f_90987_ to access PUBLIC and LEAVE
[09:33:47] [main/DEBUG]: Skipping Lnet/minecraft/client/Minecraft$GameLoadCookie;
[09:33:47] [main/DEBUG]: Skipping Lnet/minecraft/client/Minecraft$ChatStatus;
[09:33:47] [main/DEBUG]: Skipping Lnet/minecraft/client/Minecraft$ChatStatus$4;
[09:33:47] [main/DEBUG]: Skipping Lnet/minecraft/client/Minecraft$ChatStatus$3;
[09:33:47] [main/DEBUG]: Skipping Lnet/minecraft/client/Minecraft$ChatStatus$2;
[09:33:47] [main/DEBUG]: Skipping Lnet/minecraft/client/Minecraft$ChatStatus$1;
[09:33:47] [main/DEBUG]: Skipping Lnet/minecraft/client/Minecraft$1;
[09:33:47] [main/DEBUG]: Skipping Lnet/minecraft/client/KeyboardHandler;
[09:33:47] [main/DEBUG]: Skipping Lnet/minecraft/client/KeyboardHandler$1;
[09:33:47] [main/DEBUG]: Transforming class Lnet/minecraft/client/KeyMapping;
[09:33:47] [main/DEBUG]: Transforming net/minecraft/client/KeyMapping FIELD f_90817_ to access DEFAULT and LEAVE
[09:33:47] [main/DEBUG]: Skipping Lnet/minecraft/client/DeltaTracker;
[09:33:47] [main/DEBUG]: Skipping Lnet/minecraft/client/DeltaTracker$Timer;
[09:33:47] [main/DEBUG]: Skipping Lnet/minecraft/client/DeltaTracker$DefaultValue;
[09:33:47] [main/DEBUG]: Skipping Lnet/minecraft/client/ClientRecipeBook;
[09:33:47] [main/DEBUG]: Skipping Lnet/minecraft/client/ClientRecipeBook$1;
[09:33:47] [main/DEBUG]: Skipping Lnet/minecraft/client/ClientBrandRetriever;
[09:33:47] [main/DEBUG]: Skipping Lnet/minecraft/client/Camera;
[09:33:47] [main/DEBUG]: Skipping Lnet/minecraft/client/Camera$NearPlane;
[09:33:47] [main/DEBUG]: Skipping Lnet/minecraft/advancements/package-info;
[09:33:47] [main/DEBUG]: Skipping Lnet/minecraft/advancements/critereon/package-info;
[09:33:47] [main/DEBUG]: Skipping Lnet/minecraft/advancements/critereon/WrappedMinMaxBounds;
[09:33:47] [main/DEBUG]: Skipping Lnet/minecraft/advancements/critereon/UsingItemTrigger;
[09:33:47] [main/DEBUG]: Skipping Lnet/minecraft/advancements/critereon/UsingItemTrigger$TriggerInstance;
[09:33:47] [main/DEBUG]: Skipping Lnet/minecraft/advancements/critereon/UsedTotemTrigger;
[09:33:47] [main/DEBUG]: Skipping Lnet/minecraft/advancements/critereon/UsedTotemTrigger$TriggerInstance;
[09:33:47] [main/DEBUG]: Skipping Lnet/minecraft/advancements/critereon/UsedEnderEyeTrigger;
[09:33:47] [main/DEBUG]: Skipping Lnet/minecraft/advancements/critereon/UsedEnderEyeTrigger$TriggerInstance;
[09:33:47] [main/DEBUG]: Skipping Lnet/minecraft/advancements/critereon/TradeTrigger;
[09:33:47] [main/DEBUG]: Skipping Lnet/minecraft/advancements/critereon/TradeTrigger$TriggerInstance;
[09:33:47] [main/DEBUG]: Skipping Lnet/minecraft/advancements/critereon/TargetBlockTrigger;
[09:33:47] [main/DEBUG]: Skipping Lnet/minecraft/advancements/critereon/TargetBlockTrigger$TriggerInstance;
[09:33:47] [main/DEBUG]: Skipping Lnet/minecraft/advancements/critereon/TameAnimalTrigger;
[09:33:47] [main/DEBUG]: Skipping Lnet/minecraft/advancements/critereon/TameAnimalTrigger$TriggerInstance;
[09:33:47] [main/DEBUG]: Skipping Lnet/minecraft/advancements/critereon/TagPredicate;
[09:33:47] [main/DEBUG]: Skipping Lnet/minecraft/advancements/critereon/SummonedEntityTrigger;
[09:33:47] [main/DEBUG]: Skipping Lnet/minecraft/advancements/critereon/SummonedEntityTrigger$TriggerInstance;
[09:33:47] [main/DEBUG]: Skipping Lnet/minecraft/advancements/critereon/StatePropertiesPredicate;
[09:33:47] [main/DEBUG]: Skipping Lnet/minecraft/advancements/critereon/StatePropertiesPredicate$ValueMatcher;
[09:33:47] [main/DEBUG]: Skipping Lnet/minecraft/advancements/critereon/StatePropertiesPredicate$RangedMatcher;
[09:33:47] [main/DEBUG]: Skipping Lnet/minecraft/advancements/critereon/StatePropertiesPredicate$PropertyMatcher;
[09:33:47] [main/DEBUG]: Skipping Lnet/minecraft/advancements/critereon/StatePropertiesPredicate$ExactMatcher;
[09:33:47] [main/DEBUG]: Skipping Lnet/minecraft/advancements/critereon/StatePropertiesPredicate$Builder;
[09:33:47] [main/DEBUG]: Skipping Lnet/minecraft/advancements/critereon/StartRidingTrigger;
[09:33:47] [main/DEBUG]: Skipping Lnet/minecraft/advancements/critereon/StartRidingTrigger$TriggerInstance;
[09:33:47] [main/DEBUG]: Skipping Lnet/minecraft/advancements/critereon/SlotsPredicate;
[09:33:47] [main/DEBUG]: Skipping Lnet/minecraft/advancements/critereon/SlimePredicate;
[09:33:47] [main/DEBUG]: Skipping Lnet/minecraft/advancements/critereon/SlideDownBlockTrigger;
[09:33:47] [main/DEBUG]: Skipping Lnet/minecraft/advancements/critereon/SlideDownBlockTrigger$TriggerInstance;
[09:33:47] [main/DEBUG]: Skipping Lnet/minecraft/advancements/critereon/SingleComponentItemPredicate;
[09:33:47] [main/DEBUG]: Skipping Lnet/minecraft/advancements/critereon/SimpleCriterionTrigger;
[09:33:47] [main/DEBUG]: Skipping Lnet/minecraft/advancements/critereon/SimpleCriterionTrigger$SimpleInstance;
[09:33:47] [main/DEBUG]: Skipping Lnet/minecraft/advancements/critereon/ShotCrossbowTrigger;
[09:33:47] [main/DEBUG]: Skipping Lnet/minecraft/advancements/critereon/ShotCrossbowTrigger$TriggerInstance;
[09:33:47] [main/DEBUG]: Skipping Lnet/minecraft/advancements/critereon/RecipeUnlockedTrigger;
[09:33:47] [main/DEBUG]: Skipping Lnet/minecraft/advancements/critereon/RecipeUnlockedTrigger$TriggerInstance;
[09:33:47] [main/DEBUG]: Skipping Lnet/minecraft/advancements/critereon/RecipeCraftedTrigger;
[09:33:47] [main/DEBUG]: Skipping Lnet/minecraft/advancements/critereon/RecipeCraftedTrigger$TriggerInstance;
[09:33:47] [main/DEBUG]: Skipping Lnet/minecraft/advancements/critereon/RaiderPredicate;
[09:33:47] [main/DEBUG]: Skipping Lnet/minecraft/advancements/critereon/PlayerTrigger;
[09:33:47] [main/DEBUG]: Skipping Lnet/minecraft/advancements/critereon/PlayerTrigger$TriggerInstance;
[09:33:47] [main/DEBUG]: Skipping Lnet/minecraft/advancements/critereon/PlayerPredicate;
[09:33:47] [main/DEBUG]: Skipping Lnet/minecraft/advancements/critereon/PlayerPredicate$StatMatcher;
[09:33:47] [main/DEBUG]: Skipping Lnet/minecraft/advancements/critereon/PlayerPredicate$Builder;
[09:33:47] [main/DEBUG]: Skipping Lnet/minecraft/advancements/critereon/PlayerPredicate$AdvancementPredicate;
[09:33:47] [main/DEBUG]: Skipping Lnet/minecraft/advancements/critereon/PlayerPredicate$AdvancementDonePredicate;
[09:33:47] [main/DEBUG]: Skipping Lnet/minecraft/advancements/critereon/PlayerPredicate$AdvancementCriterionsPredicate;
[09:33:47] [main/DEBUG]: Skipping Lnet/minecraft/advancements/critereon/PlayerInteractTrigger;
[09:33:47] [main/DEBUG]: Skipping Lnet/minecraft/advancements/critereon/PlayerInteractTrigger$TriggerInstance;
[09:33:47] [main/DEBUG]: Skipping Lnet/minecraft/advancements/critereon/PlayerHurtEntityTrigger;
[09:33:47] [main/DEBUG]: Skipping Lnet/minecraft/advancements/critereon/PlayerHurtEntityTrigger$TriggerInstance;
[09:33:47] [main/DEBUG]: Skipping Lnet/minecraft/advancements/critereon/PickedUpItemTrigger;
[09:33:47] [main/DEBUG]: Skipping Lnet/minecraft/advancements/critereon/PickedUpItemTrigger$TriggerInstance;
[09:33:47] [main/DEBUG]: Skipping Lnet/minecraft/advancements/critereon/NbtPredicate;
[09:33:47] [main/DEBUG]: Skipping Lnet/minecraft/advancements/critereon/MovementPredicate;
[09:33:47] [main/DEBUG]: Skipping Lnet/minecraft/advancements/critereon/MobEffectsPredicate;
[09:33:47] [main/DEBUG]: Skipping Lnet/minecraft/advancements/critereon/MobEffectsPredicate$MobEffectInstancePredicate;
[09:33:47] [main/DEBUG]: Skipping Lnet/minecraft/advancements/critereon/MobEffectsPredicate$Builder;
[09:33:47] [main/DEBUG]: Skipping Lnet/minecraft/advancements/critereon/MinMaxBounds;
[09:33:47] [main/DEBUG]: Skipping Lnet/minecraft/advancements/critereon/MinMaxBounds$Ints;
[09:33:47] [main/DEBUG]: Skipping Lnet/minecraft/advancements/critereon/MinMaxBounds$Doubles;
[09:33:47] [main/DEBUG]: Skipping Lnet/minecraft/advancements/critereon/MinMaxBounds$BoundsFromReaderFactory;
[09:33:47] [main/DEBUG]: Skipping Lnet/minecraft/advancements/critereon/MinMaxBounds$BoundsFactory;
[09:33:47] [main/DEBUG]: Skipping Lnet/minecraft/advancements/critereon/LootTableTrigger;
[09:33:47] [main/DEBUG]: Skipping Lnet/minecraft/advancements/critereon/LootTableTrigger$TriggerInstance;
[09:33:47] [main/DEBUG]: Skipping Lnet/minecraft/advancements/critereon/LocationPredicate;
[09:33:47] [main/DEBUG]: Skipping Lnet/minecraft/advancements/critereon/LocationPredicate$PositionPredicate;
[09:33:47] [main/DEBUG]: Skipping Lnet/minecraft/advancements/critereon/LocationPredicate$Builder;
[09:33:47] [main/DEBUG]: Skipping Lnet/minecraft/advancements/critereon/LightningStrikeTrigger;
[09:33:47] [main/DEBUG]: Skipping Lnet/minecraft/advancements/critereon/LightningStrikeTrigger$TriggerInstance;
[09:33:47] [main/DEBUG]: Skipping Lnet/minecraft/advancements/critereon/LightningBoltPredicate;
[09:33:47] [main/DEBUG]: Skipping Lnet/minecraft/advancements/critereon/LightPredicate;
[09:33:47] [main/DEBUG]: Skipping Lnet/minecraft/advancements/critereon/LightPredicate$Builder;
[09:33:47] [main/DEBUG]: Skipping Lnet/minecraft/advancements/critereon/LevitationTrigger;
[09:33:47] [main/DEBUG]: Skipping Lnet/minecraft/advancements/critereon/LevitationTrigger$TriggerInstance;
[09:33:47] [main/DEBUG]: Skipping Lnet/minecraft/advancements/critereon/KilledTrigger;
[09:33:47] [main/DEBUG]: Skipping Lnet/minecraft/advancements/critereon/KilledTrigger$TriggerInstance;
[09:33:47] [main/DEBUG]: Skipping Lnet/minecraft/advancements/critereon/KilledByCrossbowTrigger;
[09:33:47] [main/DEBUG]: Skipping Lnet/minecraft/advancements/critereon/KilledByCrossbowTrigger$TriggerInstance;
[09:33:47] [main/DEBUG]: Skipping Lnet/minecraft/advancements/critereon/ItemWrittenBookPredicate;
[09:33:47] [main/DEBUG]: Skipping Lnet/minecraft/advancements/critereon/ItemWrittenBookPredicate$PagePredicate;
[09:33:47] [main/DEBUG]: Skipping Lnet/minecraft/advancements/critereon/ItemWritableBookPredicate;
[09:33:47] [main/DEBUG]: Skipping Lnet/minecraft/advancements/critereon/ItemWritableBookPredicate$PagePredicate;
[09:33:47] [main/DEBUG]: Skipping Lnet/minecraft/advancements/critereon/ItemUsedOnLocationTrigger;
[09:33:47] [main/DEBUG]: Skipping Lnet/minecraft/advancements/critereon/ItemUsedOnLocationTrigger$TriggerInstance;
[09:33:47] [main/DEBUG]: Skipping Lnet/minecraft/advancements/critereon/ItemTrimPredicate;
[09:33:47] [main/DEBUG]: Skipping Lnet/minecraft/advancements/critereon/ItemSubPredicates;
[09:33:47] [main/DEBUG]: Skipping Lnet/minecraft/advancements/critereon/ItemSubPredicate;
[09:33:47] [main/DEBUG]: Skipping Lnet/minecraft/advancements/critereon/ItemSubPredicate$Type;
[09:33:47] [main/DEBUG]: Skipping Lnet/minecraft/advancements/critereon/ItemPredicate;
[09:33:47] [main/DEBUG]: Skipping Lnet/minecraft/advancements/critereon/ItemPredicate$Builder;
[09:33:47] [main/DEBUG]: Skipping Lnet/minecraft/advancements/critereon/ItemPotionsPredicate;
[09:33:47] [main/DEBUG]: Skipping Lnet/minecraft/advancements/critereon/ItemJukeboxPlayablePredicate;
[09:33:47] [main/DEBUG]: Skipping Lnet/minecraft/advancements/critereon/ItemFireworksPredicate;
[09:33:47] [main/DEBUG]: Skipping Lnet/minecraft/advancements/critereon/ItemFireworkExplosionPredicate;
[09:33:47] [main/DEBUG]: Skipping Lnet/minecraft/advancements/critereon/ItemFireworkExplosionPredicate$FireworkPredicate;
[09:33:47] [main/DEBUG]: Skipping Lnet/minecraft/advancements/critereon/ItemEnchantmentsPredicate;
[09:33:47] [main/DEBUG]: Skipping Lnet/minecraft/advancements/critereon/ItemEnchantmentsPredicate$StoredEnchantments;
[09:33:47] [main/DEBUG]: Skipping Lnet/minecraft/advancements/critereon/ItemEnchantmentsPredicate$Enchantments;
[09:33:47] [main/DEBUG]: Skipping Lnet/minecraft/advancements/critereon/ItemDurabilityTrigger;
[09:33:47] [main/DEBUG]: Skipping Lnet/minecraft/advancements/critereon/ItemDurabilityTrigger$TriggerInstance;
[09:33:47] [main/DEBUG]: Skipping Lnet/minecraft/advancements/critereon/ItemDamagePredicate;
[09:33:47] [main/DEBUG]: Skipping Lnet/minecraft/advancements/critereon/ItemCustomDataPredicate;
[09:33:47] [main/DEBUG]: Skipping Lnet/minecraft/advancements/critereon/ItemContainerPredicate;
[09:33:47] [main/DEBUG]: Skipping Lnet/minecraft/advancements/critereon/ItemBundlePredicate;
[09:33:47] [main/DEBUG]: Skipping Lnet/minecraft/advancements/critereon/ItemAttributeModifiersPredicate;
[09:33:47] [main/DEBUG]: Skipping Lnet/minecraft/advancements/critereon/ItemAttributeModifiersPredicate$EntryPredicate;
[09:33:47] [main/DEBUG]: Skipping Lnet/minecraft/advancements/critereon/InventoryChangeTrigger;
[09:33:47] [main/DEBUG]: Skipping Lnet/minecraft/advancements/critereon/InventoryChangeTrigger$TriggerInstance;
[09:33:47] [main/DEBUG]: Skipping Lnet/minecraft/advancements/critereon/InventoryChangeTrigger$TriggerInstance$Slots;
[09:33:47] [main/DEBUG]: Skipping Lnet/minecraft/advancements/critereon/ImpossibleTrigger;
[09:33:47] [main/DEBUG]: Skipping Lnet/minecraft/advancements/critereon/ImpossibleTrigger$TriggerInstance;
[09:33:47] [main/DEBUG]: Skipping Lnet/minecraft/advancements/critereon/GameTypePredicate;
[09:33:47] [main/DEBUG]: Skipping Lnet/minecraft/advancements/critereon/FluidPredicate;
[09:33:47] [main/DEBUG]: Skipping Lnet/minecraft/advancements/critereon/FluidPredicate$Builder;
[09:33:47] [main/DEBUG]: Skipping Lnet/minecraft/advancements/critereon/FishingRodHookedTrigger;
[09:33:47] [main/DEBUG]: Skipping Lnet/minecraft/advancements/critereon/FishingRodHookedTrigger$TriggerInstance;
[09:33:47] [main/DEBUG]: Skipping Lnet/minecraft/advancements/critereon/FishingHookPredicate;
[09:33:47] [main/DEBUG]: Skipping Lnet/minecraft/advancements/critereon/FilledBucketTrigger;
[09:33:47] [main/DEBUG]: Skipping Lnet/minecraft/advancements/critereon/FilledBucketTrigger$TriggerInstance;
[09:33:47] [main/DEBUG]: Skipping Lnet/minecraft/advancements/critereon/FallAfterExplosionTrigger;
[09:33:47] [main/DEBUG]: Skipping Lnet/minecraft/advancements/critereon/FallAfterExplosionTrigger$TriggerInstance;
[09:33:47] [main/DEBUG]: Skipping Lnet/minecraft/advancements/critereon/EntityTypePredicate;
[09:33:47] [main/DEBUG]: Skipping Lnet/minecraft/advancements/critereon/EntitySubPredicates;
[09:33:47] [main/DEBUG]: Skipping Lnet/minecraft/advancements/critereon/EntitySubPredicates$EntityVariantPredicateType;
[09:33:47] [main/DEBUG]: Skipping Lnet/minecraft/advancements/critereon/EntitySubPredicates$EntityVariantPredicateType$Instance;
[09:33:47] [main/DEBUG]: Skipping Lnet/minecraft/advancements/critereon/EntitySubPredicates$EntityHolderVariantPredicateType;
[09:33:47] [main/DEBUG]: Skipping Lnet/minecraft/advancements/critereon/EntitySubPredicates$EntityHolderVariantPredicateType$Instance;
[09:33:47] [main/DEBUG]: Skipping Lnet/minecraft/advancements/critereon/EntitySubPredicate;
[09:33:47] [main/DEBUG]: Skipping Lnet/minecraft/advancements/critereon/EntityPredicate;
[09:33:47] [main/DEBUG]: Skipping Lnet/minecraft/advancements/critereon/EntityPredicate$LocationWrapper;
[09:33:47] [main/DEBUG]: Skipping Lnet/minecraft/advancements/critereon/EntityPredicate$Builder;
[09:33:47] [main/DEBUG]: Skipping Lnet/minecraft/advancements/critereon/EntityHurtPlayerTrigger;
[09:33:47] [main/DEBUG]: Skipping Lnet/minecraft/advancements/critereon/EntityHurtPlayerTrigger$TriggerInstance;
[09:33:47] [main/DEBUG]: Skipping Lnet/minecraft/advancements/critereon/EntityFlagsPredicate;
[09:33:47] [main/DEBUG]: Skipping Lnet/minecraft/advancements/critereon/EntityFlagsPredicate$Builder;
[09:33:47] [main/DEBUG]: Skipping Lnet/minecraft/advancements/critereon/EntityEquipmentPredicate;
[09:33:47] [main/DEBUG]: Skipping Lnet/minecraft/advancements/critereon/EntityEquipmentPredicate$Builder;
[09:33:47] [main/DEBUG]: Skipping Lnet/minecraft/advancements/critereon/EnterBlockTrigger;
[09:33:47] [main/DEBUG]: Skipping Lnet/minecraft/advancements/critereon/EnterBlockTrigger$TriggerInstance;
[09:33:47] [main/DEBUG]: Skipping Lnet/minecraft/advancements/critereon/EnchantmentPredicate;
[09:33:47] [main/DEBUG]: Skipping Lnet/minecraft/advancements/critereon/EnchantedItemTrigger;
[09:33:47] [main/DEBUG]: Skipping Lnet/minecraft/advancements/critereon/EnchantedItemTrigger$TriggerInstance;
[09:33:47] [main/DEBUG]: Skipping Lnet/minecraft/advancements/critereon/EffectsChangedTrigger;
[09:33:47] [main/DEBUG]: Skipping Lnet/minecraft/advancements/critereon/EffectsChangedTrigger$TriggerInstance;
[09:33:47] [main/DEBUG]: Skipping Lnet/minecraft/advancements/critereon/DistanceTrigger;
[09:33:47] [main/DEBUG]: Skipping Lnet/minecraft/advancements/critereon/DistanceTrigger$TriggerInstance;
[09:33:47] [main/DEBUG]: Skipping Lnet/minecraft/advancements/critereon/DistancePredicate;
[09:33:47] [main/DEBUG]: Skipping Lnet/minecraft/advancements/critereon/DefaultBlockInteractionTrigger;
[09:33:47] [main/DEBUG]: Skipping Lnet/minecraft/advancements/critereon/DefaultBlockInteractionTrigger$TriggerInstance;
[09:33:47] [main/DEBUG]: Skipping Lnet/minecraft/advancements/critereon/DamageSourcePredicate;
[09:33:47] [main/DEBUG]: Skipping Lnet/minecraft/advancements/critereon/DamageSourcePredicate$Builder;
[09:33:47] [main/DEBUG]: Skipping Lnet/minecraft/advancements/critereon/DamagePredicate;
[09:33:47] [main/DEBUG]: Skipping Lnet/minecraft/advancements/critereon/DamagePredicate$Builder;
[09:33:47] [main/DEBUG]: Skipping Lnet/minecraft/advancements/critereon/CuredZombieVillagerTrigger;
[09:33:47] [main/DEBUG]: Skipping Lnet/minecraft/advancements/critereon/CuredZombieVillagerTrigger$TriggerInstance;
[09:33:47] [main/DEBUG]: Skipping Lnet/minecraft/advancements/critereon/CriterionValidator;
[09:33:47] [main/DEBUG]: Skipping Lnet/minecraft/advancements/critereon/ContextAwarePredicate;
[09:33:47] [main/DEBUG]: Skipping Lnet/minecraft/advancements/critereon/ConsumeItemTrigger;
[09:33:47] [main/DEBUG]: Skipping Lnet/minecraft/advancements/critereon/ConsumeItemTrigger$TriggerInstance;
[09:33:47] [main/DEBUG]: Skipping Lnet/minecraft/advancements/critereon/ConstructBeaconTrigger;
[09:33:47] [main/DEBUG]: Skipping Lnet/minecraft/advancements/critereon/ConstructBeaconTrigger$TriggerInstance;
[09:33:47] [main/DEBUG]: Skipping Lnet/minecraft/advancements/critereon/CollectionPredicate;
[09:33:47] [main/DEBUG]: Skipping Lnet/minecraft/advancements/critereon/CollectionCountsPredicate;
[09:33:47] [main/DEBUG]: Skipping Lnet/minecraft/advancements/critereon/CollectionCountsPredicate$Zero;
[09:33:47] [main/DEBUG]: Skipping Lnet/minecraft/advancements/critereon/CollectionCountsPredicate$Single;
[09:33:47] [main/DEBUG]: Skipping Lnet/minecraft/advancements/critereon/CollectionCountsPredicate$Multiple;
[09:33:47] [main/DEBUG]: Skipping Lnet/minecraft/advancements/critereon/CollectionCountsPredicate$Entry;
[09:33:47] [main/DEBUG]: Skipping Lnet/minecraft/advancements/critereon/CollectionContentsPredicate;
[09:33:47] [main/DEBUG]: Skipping Lnet/minecraft/advancements/critereon/CollectionContentsPredicate$Zero;
[09:33:47] [main/DEBUG]: Skipping Lnet/minecraft/advancements/critereon/CollectionContentsPredicate$Single;
[09:33:47] [main/DEBUG]: Skipping Lnet/minecraft/advancements/critereon/CollectionContentsPredicate$Multiple;
[09:33:47] [main/DEBUG]: Skipping Lnet/minecraft/advancements/critereon/ChanneledLightningTrigger;
[09:33:47] [main/DEBUG]: Skipping Lnet/minecraft/advancements/critereon/ChanneledLightningTrigger$TriggerInstance;
[09:33:47] [main/DEBUG]: Skipping Lnet/minecraft/advancements/critereon/ChangeDimensionTrigger;
[09:33:47] [main/DEBUG]: Skipping Lnet/minecraft/advancements/critereon/ChangeDimensionTrigger$TriggerInstance;
[09:33:47] [main/DEBUG]: Skipping Lnet/minecraft/advancements/critereon/BrewedPotionTrigger;
[09:33:47] [main/DEBUG]: Skipping Lnet/minecraft/advancements/critereon/BrewedPotionTrigger$TriggerInstance;
[09:33:47] [main/DEBUG]: Skipping Lnet/minecraft/advancements/critereon/BredAnimalsTrigger;
[09:33:47] [main/DEBUG]: Skipping Lnet/minecraft/advancements/critereon/BredAnimalsTrigger$TriggerInstance;
[09:33:47] [main/DEBUG]: Skipping Lnet/minecraft/advancements/critereon/BlockPredicate;
[09:33:47] [main/DEBUG]: Skipping Lnet/minecraft/advancements/critereon/BlockPredicate$Builder;
[09:33:47] [main/DEBUG]: Skipping Lnet/minecraft/advancements/critereon/BeeNestDestroyedTrigger;
[09:33:47] [main/DEBUG]: Skipping Lnet/minecraft/advancements/critereon/BeeNestDestroyedTrigger$TriggerInstance;
[09:33:47] [main/DEBUG]: Skipping Lnet/minecraft/advancements/critereon/AnyBlockInteractionTrigger;
[09:33:47] [main/DEBUG]: Skipping Lnet/minecraft/advancements/critereon/AnyBlockInteractionTrigger$TriggerInstance;
[09:33:47] [main/DEBUG]: Skipping Lnet/minecraft/advancements/TreeNodePosition;
[09:33:47] [main/DEBUG]: Skipping Lnet/minecraft/advancements/DisplayInfo;
[09:33:47] [main/DEBUG]: Skipping Lnet/minecraft/advancements/CriterionTriggerInstance;
[09:33:47] [main/DEBUG]: Skipping Lnet/minecraft/advancements/CriterionTrigger;
[09:33:47] [main/DEBUG]: Skipping Lnet/minecraft/advancements/CriterionTrigger$Listener;
[09:33:47] [main/DEBUG]: Skipping Lnet/minecraft/advancements/CriterionProgress;
[09:33:47] [main/DEBUG]: Skipping Lnet/minecraft/advancements/Criterion;
[09:33:47] [main/DEBUG]: Transforming class Lnet/minecraft/advancements/CriteriaTriggers;
[09:33:47] [main/DEBUG]: Transforming net/minecraft/advancements/CriteriaTriggers METHOD m_10595_(Ljava/lang/String;Lnet/minecraft/advancements/CriterionTrigger;)Lnet/minecraft/advancements/CriterionTrigger; to access PUBLIC and LEAVE
[09:33:47] [main/DEBUG]: Skipping Lnet/minecraft/advancements/AdvancementType;
[09:33:47] [main/DEBUG]: Skipping Lnet/minecraft/advancements/AdvancementTree;
[09:33:47] [main/DEBUG]: Skipping Lnet/minecraft/advancements/AdvancementTree$Listener;
[09:33:47] [main/DEBUG]: Skipping Lnet/minecraft/advancements/AdvancementRequirements;
[09:33:47] [main/DEBUG]: Skipping Lnet/minecraft/advancements/AdvancementRequirements$Strategy;
[09:33:47] [main/DEBUG]: Skipping Lnet/minecraft/advancements/AdvancementProgress;
[09:33:47] [main/DEBUG]: Skipping Lnet/minecraft/advancements/AdvancementNode;
[09:33:47] [main/DEBUG]: Skipping Lnet/minecraft/advancements/AdvancementHolder;
[09:33:47] [main/DEBUG]: Skipping Lnet/minecraft/advancements/AdvancementRewards;
[09:33:47] [main/DEBUG]: Skipping Lnet/minecraft/advancements/AdvancementRewards$Builder;
[09:33:47] [main/DEBUG]: Skipping Lnet/minecraft/advancements/Advancement;
[09:33:47] [main/DEBUG]: Skipping Lnet/minecraft/advancements/Advancement$Builder;
[09:33:47] [main/DEBUG]: Skipping Lnet/minecraft/WorldVersion;
[09:33:47] [main/DEBUG]: Skipping Lnet/minecraft/Util$11;
[09:33:47] [main/DEBUG]: Skipping Lnet/minecraft/Util$10;
[09:33:47] [main/DEBUG]: Skipping Lnet/minecraft/SystemReport;
[09:33:47] [main/DEBUG]: Skipping Lnet/minecraft/ResourceLocationException;
[09:33:47] [main/DEBUG]: Skipping Lnet/minecraft/ReportedException;
[09:33:47] [main/DEBUG]: Skipping Lnet/minecraft/ReportType;
[09:33:47] [main/DEBUG]: Skipping Lnet/minecraft/Optionull;
[09:33:47] [main/DEBUG]: Skipping Lnet/minecraft/MethodsReturnNonnullByDefault;
[09:33:47] [main/DEBUG]: Skipping Lnet/minecraft/FileUtil;
[09:33:47] [main/DEBUG]: Skipping Lnet/minecraft/FieldsAreNonnullByDefault;
[09:33:47] [main/DEBUG]: Skipping Lnet/minecraft/DetectedVersion;
[09:33:47] [main/DEBUG]: Skipping Lnet/minecraft/DefaultUncaughtExceptionHandlerWithName;
[09:33:47] [main/DEBUG]: Skipping Lnet/minecraft/DefaultUncaughtExceptionHandler;
[09:33:47] [main/DEBUG]: Skipping Lnet/minecraft/CrashReportDetail;
[09:33:47] [main/DEBUG]: Skipping Lnet/minecraft/ChatFormatting;
[09:33:47] [main/DEBUG]: Skipping Lnet/minecraft/CharPredicate;
[09:33:47] [main/DEBUG]: Skipping Lnet/minecraft/BlockUtil;
[09:33:47] [main/DEBUG]: Skipping Lnet/minecraft/BlockUtil$IntBounds;
[09:33:47] [main/DEBUG]: Skipping Lnet/minecraft/BlockUtil$FoundRectangle;
[09:33:47] [main/DEBUG]: Skipping Lnet/minecraft/Util$4;
[09:33:47] [main/DEBUG]: Skipping Lnet/minecraft/Util$3;
[09:33:47] [main/DEBUG]: Skipping Lnet/minecraft/Util;
[09:33:47] [main/DEBUG]: Skipping Lnet/minecraft/Util$OS;
[09:33:47] [main/DEBUG]: Skipping Lnet/minecraft/Util$OS$2;
[09:33:47] [main/DEBUG]: Skipping Lnet/minecraft/Util$OS$1;
[09:33:47] [main/DEBUG]: Skipping Lnet/minecraft/Util$9;
[09:33:47] [main/DEBUG]: Skipping Lnet/minecraft/Util$8;
[09:33:47] [main/DEBUG]: Skipping Lnet/minecraft/Util$7;
[09:33:47] [main/DEBUG]: Skipping Lnet/minecraft/Util$6;
[09:33:47] [main/DEBUG]: Skipping Lnet/minecraft/Util$5;
[09:33:47] [main/DEBUG]: Skipping Lnet/minecraft/Util$2;
[09:33:47] [main/DEBUG]: Skipping Lnet/minecraft/Util$1;
[09:33:47] [main/DEBUG]: Skipping Lnet/minecraft/SharedConstants;
[09:33:47] [main/DEBUG]: Skipping Lnet/minecraft/CrashReportCategory;
[09:33:47] [main/DEBUG]: Skipping Lnet/minecraft/CrashReportCategory$Entry;
[09:33:47] [main/DEBUG]: Skipping Lnet/minecraft/CrashReport;
[09:33:47] [main/DEBUG]: Skipping Lcom/mojang/realmsclient/util/task/package-info;
[09:33:47] [main/DEBUG]: Skipping Lcom/mojang/realmsclient/util/task/SwitchSlotTask;
[09:33:47] [main/DEBUG]: Skipping Lcom/mojang/realmsclient/util/task/SwitchMinigameTask;
[09:33:47] [main/DEBUG]: Skipping Lcom/mojang/realmsclient/util/task/RestoreTask;
[09:33:47] [main/DEBUG]: Skipping Lcom/mojang/realmsclient/util/task/ResettingWorldTask;
[09:33:47] [main/DEBUG]: Skipping Lcom/mojang/realmsclient/util/task/ResettingTemplateWorldTask;
[09:33:47] [main/DEBUG]: Skipping Lcom/mojang/realmsclient/util/task/ResettingGeneratedWorldTask;
[09:33:47] [main/DEBUG]: Skipping Lcom/mojang/realmsclient/util/task/RealmCreationTask;
[09:33:47] [main/DEBUG]: Skipping Lcom/mojang/realmsclient/util/task/OpenServerTask;
[09:33:47] [main/DEBUG]: Skipping Lcom/mojang/realmsclient/util/task/LongRunningTask;
[09:33:47] [main/DEBUG]: Skipping Lcom/mojang/realmsclient/util/task/GetServerDetailsTask;
[09:33:47] [main/DEBUG]: Skipping Lcom/mojang/realmsclient/util/task/DownloadTask;
[09:33:47] [main/DEBUG]: Skipping Lcom/mojang/realmsclient/util/task/CreateSnapshotRealmTask;
[09:33:47] [main/DEBUG]: Skipping Lcom/mojang/realmsclient/util/task/ConnectTask;
[09:33:47] [main/DEBUG]: Skipping Lcom/mojang/realmsclient/util/task/CloseServerTask;
[09:33:47] [main/DEBUG]: Skipping Lcom/mojang/realmsclient/util/package-info;
[09:33:47] [main/DEBUG]: Skipping Lcom/mojang/realmsclient/util/WorldGenerationInfo;
[09:33:47] [main/DEBUG]: Skipping Lcom/mojang/realmsclient/util/UploadTokenCache;
[09:33:47] [main/DEBUG]: Skipping Lcom/mojang/realmsclient/util/TextRenderingUtils;
[09:33:47] [main/DEBUG]: Skipping Lcom/mojang/realmsclient/util/TextRenderingUtils$LineSegment;
[09:33:47] [main/DEBUG]: Skipping Lcom/mojang/realmsclient/util/TextRenderingUtils$Line;
[09:33:47] [main/DEBUG]: Skipping Lcom/mojang/realmsclient/util/RealmsUtil;
[09:33:47] [main/DEBUG]: Skipping Lcom/mojang/realmsclient/util/RealmsTextureManager;
[09:33:47] [main/DEBUG]: Skipping Lcom/mojang/realmsclient/util/RealmsTextureManager$RealmsTexture;
[09:33:47] [main/DEBUG]: Skipping Lcom/mojang/realmsclient/util/RealmsPersistence;
[09:33:47] [main/DEBUG]: Skipping Lcom/mojang/realmsclient/util/RealmsPersistence$RealmsPersistenceData;
[09:33:47] [main/DEBUG]: Skipping Lcom/mojang/realmsclient/util/LevelType;
[09:33:47] [main/DEBUG]: Skipping Lcom/mojang/realmsclient/util/JsonUtils;
[09:33:47] [main/DEBUG]: Skipping Lcom/mojang/realmsclient/package-info;
[09:33:47] [main/DEBUG]: Skipping Lcom/mojang/realmsclient/gui/task/package-info;
[09:33:47] [main/DEBUG]: Skipping Lcom/mojang/realmsclient/gui/task/RepeatedDelayStrategy;
[09:33:47] [main/DEBUG]: Skipping Lcom/mojang/realmsclient/gui/task/RepeatedDelayStrategy$2;
[09:33:47] [main/DEBUG]: Skipping Lcom/mojang/realmsclient/gui/task/RepeatedDelayStrategy$1;
[09:33:47] [main/DEBUG]: Skipping Lcom/mojang/realmsclient/gui/task/DataFetcher;
[09:33:47] [main/DEBUG]: Skipping Lcom/mojang/realmsclient/gui/task/DataFetcher$Task;
[09:33:47] [main/DEBUG]: Skipping Lcom/mojang/realmsclient/gui/task/DataFetcher$SuccessfulComputationResult;
[09:33:47] [main/DEBUG]: Skipping Lcom/mojang/realmsclient/gui/task/DataFetcher$Subscription;
[09:33:47] [main/DEBUG]: Skipping Lcom/mojang/realmsclient/gui/task/DataFetcher$SubscribedTask;
[09:33:47] [main/DEBUG]: Skipping Lcom/mojang/realmsclient/gui/task/DataFetcher$ComputationResult;
[09:33:47] [main/DEBUG]: Skipping Lcom/mojang/realmsclient/gui/screens/package-info;
[09:33:47] [main/DEBUG]: Skipping Lcom/mojang/realmsclient/gui/screens/UploadResult;
[09:33:47] [main/DEBUG]: Skipping Lcom/mojang/realmsclient/gui/screens/UploadResult$Builder;
[09:33:47] [main/DEBUG]: Skipping Lcom/mojang/realmsclient/gui/screens/RealmsUploadScreen;
[09:33:47] [main/DEBUG]: Skipping Lcom/mojang/realmsclient/gui/screens/RealmsTermsScreen;
[09:33:47] [main/DEBUG]: Skipping Lcom/mojang/realmsclient/gui/screens/RealmsSubscriptionInfoScreen;
[09:33:47] [main/DEBUG]: Skipping Lcom/mojang/realmsclient/gui/screens/RealmsSubscriptionInfoScreen$1;
[09:33:47] [main/DEBUG]: Skipping Lcom/mojang/realmsclient/gui/screens/RealmsSlotOptionsScreen;
[09:33:47] [main/DEBUG]: Skipping Lcom/mojang/realmsclient/gui/screens/RealmsSlotOptionsScreen$SettingsSlider;
[09:33:47] [main/DEBUG]: Skipping Lcom/mojang/realmsclient/gui/screens/RealmsSettingsScreen;
[09:33:47] [main/DEBUG]: Skipping Lcom/mojang/realmsclient/gui/screens/RealmsSelectWorldTemplateScreen;
[09:33:47] [main/DEBUG]: Skipping Lcom/mojang/realmsclient/gui/screens/RealmsSelectWorldTemplateScreen$WorldTemplateList;
[09:33:47] [main/DEBUG]: Skipping Lcom/mojang/realmsclient/gui/screens/RealmsSelectWorldTemplateScreen$Entry;
[09:33:47] [main/DEBUG]: Skipping Lcom/mojang/realmsclient/gui/screens/RealmsSelectWorldTemplateScreen$1;
[09:33:47] [main/DEBUG]: Skipping Lcom/mojang/realmsclient/gui/screens/RealmsSelectFileToUploadScreen;
[09:33:47] [main/DEBUG]: Skipping Lcom/mojang/realmsclient/gui/screens/RealmsSelectFileToUploadScreen$WorldSelectionList;
[09:33:47] [main/DEBUG]: Skipping Lcom/mojang/realmsclient/gui/screens/RealmsSelectFileToUploadScreen$Entry;
[09:33:47] [main/DEBUG]: Skipping Lcom/mojang/realmsclient/gui/screens/RealmsResetWorldScreen;
[09:33:47] [main/DEBUG]: Skipping Lcom/mojang/realmsclient/gui/screens/RealmsResetWorldScreen$FrameButton;
[09:33:47] [main/DEBUG]: Skipping Lcom/mojang/realmsclient/gui/screens/RealmsResetWorldScreen$1;
[09:33:47] [main/DEBUG]: Skipping Lcom/mojang/realmsclient/gui/screens/RealmsResetNormalWorldScreen;
[09:33:47] [main/DEBUG]: Skipping Lcom/mojang/realmsclient/gui/screens/RealmsPopups;
[09:33:47] [main/DEBUG]: Skipping Lcom/mojang/realmsclient/gui/screens/RealmsPlayerScreen;
[09:33:47] [main/DEBUG]: Skipping Lcom/mojang/realmsclient/gui/screens/RealmsPlayerScreen$InvitedObjectSelectionList;
[09:33:47] [main/DEBUG]: Skipping Lcom/mojang/realmsclient/gui/screens/RealmsPlayerScreen$Entry;
[09:33:47] [main/DEBUG]: Skipping Lcom/mojang/realmsclient/gui/screens/RealmsPendingInvitesScreen;
[09:33:47] [main/DEBUG]: Skipping Lcom/mojang/realmsclient/gui/screens/RealmsPendingInvitesScreen$PendingInvitationSelectionList;
[09:33:47] [main/DEBUG]: Skipping Lcom/mojang/realmsclient/gui/screens/RealmsPendingInvitesScreen$Entry;
[09:33:47] [main/DEBUG]: Skipping Lcom/mojang/realmsclient/gui/screens/RealmsPendingInvitesScreen$Entry$RejectRowButton;
[09:33:47] [main/DEBUG]: Skipping Lcom/mojang/realmsclient/gui/screens/RealmsPendingInvitesScreen$Entry$AcceptRowButton;
[09:33:47] [main/DEBUG]: Skipping Lcom/mojang/realmsclient/gui/screens/RealmsParentalConsentScreen;
[09:33:47] [main/DEBUG]: Skipping Lcom/mojang/realmsclient/gui/screens/RealmsNotificationsScreen;
[09:33:47] [main/DEBUG]: Skipping Lcom/mojang/realmsclient/gui/screens/RealmsNotificationsScreen$DataFetcherConfiguration;
[09:33:47] [main/DEBUG]: Skipping Lcom/mojang/realmsclient/gui/screens/RealmsNotificationsScreen$2;
[09:33:47] [main/DEBUG]: Skipping Lcom/mojang/realmsclient/gui/screens/RealmsNotificationsScreen$1;
[09:33:47] [main/DEBUG]: Skipping Lcom/mojang/realmsclient/gui/screens/RealmsLongRunningMcoTickTaskScreen;
[09:33:47] [main/DEBUG]: Skipping Lcom/mojang/realmsclient/gui/screens/RealmsLongRunningMcoTaskScreen;
[09:33:47] [main/DEBUG]: Skipping Lcom/mojang/realmsclient/gui/screens/RealmsInviteScreen;
[09:33:47] [main/DEBUG]: Skipping Lcom/mojang/realmsclient/gui/screens/RealmsDownloadLatestWorldScreen;
[09:33:47] [main/DEBUG]: Skipping Lcom/mojang/realmsclient/gui/screens/RealmsDownloadLatestWorldScreen$DownloadStatus;
[09:33:47] [main/DEBUG]: Skipping Lcom/mojang/realmsclient/gui/screens/RealmsCreateRealmScreen;
[09:33:47] [main/DEBUG]: Skipping Lcom/mojang/realmsclient/gui/screens/RealmsConfirmScreen;
[09:33:47] [main/DEBUG]: Skipping Lcom/mojang/realmsclient/gui/screens/RealmsConfigureWorldScreen;
[09:33:47] [main/DEBUG]: Skipping Lcom/mojang/realmsclient/gui/screens/RealmsConfigureWorldScreen$1;
[09:33:47] [main/DEBUG]: Skipping Lcom/mojang/realmsclient/gui/screens/RealmsClientOutdatedScreen;
[09:33:47] [main/DEBUG]: Skipping Lcom/mojang/realmsclient/gui/screens/RealmsBrokenWorldScreen;
[09:33:47] [main/DEBUG]: Skipping Lcom/mojang/realmsclient/gui/screens/RealmsBackupScreen;
[09:33:47] [main/DEBUG]: Skipping Lcom/mojang/realmsclient/gui/screens/RealmsBackupScreen$Entry;
[09:33:47] [main/DEBUG]: Skipping Lcom/mojang/realmsclient/gui/screens/RealmsBackupScreen$BackupObjectSelectionList;
[09:33:47] [main/DEBUG]: Skipping Lcom/mojang/realmsclient/gui/screens/RealmsBackupScreen$1;
[09:33:47] [main/DEBUG]: Skipping Lcom/mojang/realmsclient/gui/screens/RealmsBackupInfoScreen;
[09:33:47] [main/DEBUG]: Skipping Lcom/mojang/realmsclient/gui/screens/RealmsBackupInfoScreen$BackupInfoListEntry;
[09:33:47] [main/DEBUG]: Skipping Lcom/mojang/realmsclient/gui/screens/RealmsBackupInfoScreen$BackupInfoList;
[09:33:47] [main/DEBUG]: Skipping Lcom/mojang/realmsclient/gui/screens/AddRealmPopupScreen;
[09:33:47] [main/DEBUG]: Skipping Lcom/mojang/realmsclient/gui/screens/RealmsGenericErrorScreen;
[09:33:47] [main/DEBUG]: Skipping Lcom/mojang/realmsclient/gui/screens/RealmsGenericErrorScreen$ErrorMessage;
[09:33:47] [main/DEBUG]: Skipping Lcom/mojang/realmsclient/gui/package-info;
[09:33:47] [main/DEBUG]: Skipping Lcom/mojang/realmsclient/gui/RowButton;
[09:33:47] [main/DEBUG]: Skipping Lcom/mojang/realmsclient/gui/RealmsWorldSlotButton;
[09:33:47] [main/DEBUG]: Skipping Lcom/mojang/realmsclient/gui/RealmsWorldSlotButton$State;
[09:33:47] [main/DEBUG]: Skipping Lcom/mojang/realmsclient/gui/RealmsWorldSlotButton$Action;
[09:33:47] [main/DEBUG]: Skipping Lcom/mojang/realmsclient/gui/RealmsServerList;
[09:33:47] [main/DEBUG]: Skipping Lcom/mojang/realmsclient/gui/RealmsNewsManager;
[09:33:47] [main/DEBUG]: Skipping Lcom/mojang/realmsclient/gui/RealmsDataFetcher;
[09:33:47] [main/DEBUG]: Skipping Lcom/mojang/realmsclient/gui/RealmsDataFetcher$ServerListData;
[09:33:47] [main/DEBUG]: Skipping Lcom/mojang/realmsclient/exception/package-info;
[09:33:47] [main/DEBUG]: Skipping Lcom/mojang/realmsclient/exception/RetryCallException;
[09:33:47] [main/DEBUG]: Skipping Lcom/mojang/realmsclient/exception/RealmsServiceException;
[09:33:47] [main/DEBUG]: Skipping Lcom/mojang/realmsclient/exception/RealmsHttpException;
[09:33:47] [main/DEBUG]: Skipping Lcom/mojang/realmsclient/exception/RealmsDefaultUncaughtExceptionHandler;
[09:33:47] [main/DEBUG]: Skipping Lcom/mojang/realmsclient/dto/package-info;
[09:33:47] [main/DEBUG]: Skipping Lcom/mojang/realmsclient/dto/WorldTemplatePaginatedList;
[09:33:47] [main/DEBUG]: Skipping Lcom/mojang/realmsclient/dto/WorldTemplate;
[09:33:47] [main/DEBUG]: Skipping Lcom/mojang/realmsclient/dto/WorldTemplate$WorldTemplateType;
[09:33:47] [main/DEBUG]: Skipping Lcom/mojang/realmsclient/dto/WorldDownload;
[09:33:47] [main/DEBUG]: Skipping Lcom/mojang/realmsclient/dto/ValueObject;
[09:33:47] [main/DEBUG]: Skipping Lcom/mojang/realmsclient/dto/UploadInfo;
[09:33:47] [main/DEBUG]: Skipping Lcom/mojang/realmsclient/dto/Subscription;
[09:33:47] [main/DEBUG]: Skipping Lcom/mojang/realmsclient/dto/Subscription$SubscriptionType;
[09:33:47] [main/DEBUG]: Skipping Lcom/mojang/realmsclient/dto/ServerActivityList;
[09:33:47] [main/DEBUG]: Skipping Lcom/mojang/realmsclient/dto/ServerActivity;
[09:33:47] [main/DEBUG]: Skipping Lcom/mojang/realmsclient/dto/RegionPingResult;
[09:33:47] [main/DEBUG]: Skipping Lcom/mojang/realmsclient/dto/ReflectionBasedSerialization;
[09:33:47] [main/DEBUG]: Skipping Lcom/mojang/realmsclient/dto/RealmsWorldResetDto;
[09:33:47] [main/DEBUG]: Skipping Lcom/mojang/realmsclient/dto/RealmsWorldOptions;
[09:33:47] [main/DEBUG]: Skipping Lcom/mojang/realmsclient/dto/RealmsText;
[09:33:47] [main/DEBUG]: Skipping Lcom/mojang/realmsclient/dto/RealmsServerPlayerLists;
[09:33:47] [main/DEBUG]: Skipping Lcom/mojang/realmsclient/dto/RealmsServerList;
[09:33:47] [main/DEBUG]: Skipping Lcom/mojang/realmsclient/dto/RealmsServerAddress;
[09:33:47] [main/DEBUG]: Skipping Lcom/mojang/realmsclient/dto/RealmsServer;
[09:33:47] [main/DEBUG]: Skipping Lcom/mojang/realmsclient/dto/RealmsServer$WorldType;
[09:33:47] [main/DEBUG]: Skipping Lcom/mojang/realmsclient/dto/RealmsServer$State;
[09:33:47] [main/DEBUG]: Skipping Lcom/mojang/realmsclient/dto/RealmsServer$McoServerComparator;
[09:33:47] [main/DEBUG]: Skipping Lcom/mojang/realmsclient/dto/RealmsServer$Compatibility;
[09:33:47] [main/DEBUG]: Skipping Lcom/mojang/realmsclient/dto/RealmsNotification;
[09:33:47] [main/DEBUG]: Skipping Lcom/mojang/realmsclient/dto/RealmsNotification$VisitUrl;
[09:33:47] [main/DEBUG]: Skipping Lcom/mojang/realmsclient/dto/RealmsNotification$UrlButton;
[09:33:47] [main/DEBUG]: Skipping Lcom/mojang/realmsclient/dto/RealmsNotification$InfoPopup;
[09:33:47] [main/DEBUG]: Skipping Lcom/mojang/realmsclient/dto/RealmsNews;
[09:33:47] [main/DEBUG]: Skipping Lcom/mojang/realmsclient/dto/RealmsDescriptionDto;
[09:33:47] [main/DEBUG]: Skipping Lcom/mojang/realmsclient/dto/PlayerInfo;
[09:33:47] [main/DEBUG]: Skipping Lcom/mojang/realmsclient/dto/PingResult;
[09:33:47] [main/DEBUG]: Skipping Lcom/mojang/realmsclient/dto/PendingInvitesList;
[09:33:47] [main/DEBUG]: Skipping Lcom/mojang/realmsclient/dto/PendingInvite;
[09:33:47] [main/DEBUG]: Skipping Lcom/mojang/realmsclient/dto/Ops;
[09:33:47] [main/DEBUG]: Skipping Lcom/mojang/realmsclient/dto/GuardedSerializer;
[09:33:47] [main/DEBUG]: Skipping Lcom/mojang/realmsclient/dto/BackupList;
[09:33:47] [main/DEBUG]: Skipping Lcom/mojang/realmsclient/dto/Backup;
[09:33:47] [main/DEBUG]: Skipping Lcom/mojang/realmsclient/client/package-info;
[09:33:47] [main/DEBUG]: Skipping Lcom/mojang/realmsclient/client/UploadStatus;
[09:33:47] [main/DEBUG]: Skipping Lcom/mojang/realmsclient/client/Request;
[09:33:47] [main/DEBUG]: Skipping Lcom/mojang/realmsclient/client/Request$Put;
[09:33:47] [main/DEBUG]: Skipping Lcom/mojang/realmsclient/client/Request$Post;
[09:33:47] [main/DEBUG]: Skipping Lcom/mojang/realmsclient/client/Request$Get;
[09:33:47] [main/DEBUG]: Skipping Lcom/mojang/realmsclient/client/Request$Delete;
[09:33:47] [main/DEBUG]: Skipping Lcom/mojang/realmsclient/client/RealmsError;
[09:33:47] [main/DEBUG]: Skipping Lcom/mojang/realmsclient/client/RealmsError$ErrorWithRawPayload;
[09:33:47] [main/DEBUG]: Skipping Lcom/mojang/realmsclient/client/RealmsError$ErrorWithJsonPayload;
[09:33:47] [main/DEBUG]: Skipping Lcom/mojang/realmsclient/client/RealmsError$CustomError;
[09:33:47] [main/DEBUG]: Skipping Lcom/mojang/realmsclient/client/RealmsError$AuthenticationError;
[09:33:47] [main/DEBUG]: Skipping Lcom/mojang/realmsclient/client/RealmsClientConfig;
[09:33:47] [main/DEBUG]: Skipping Lcom/mojang/realmsclient/client/RealmsClient;
[09:33:47] [main/DEBUG]: Skipping Lcom/mojang/realmsclient/client/RealmsClient$Environment;
[09:33:47] [main/DEBUG]: Skipping Lcom/mojang/realmsclient/client/RealmsClient$CompatibleVersionResponse;
[09:33:47] [main/DEBUG]: Skipping Lcom/mojang/realmsclient/client/Ping;
[09:33:47] [main/DEBUG]: Skipping Lcom/mojang/realmsclient/client/Ping$Region;
[09:33:47] [main/DEBUG]: Skipping Lcom/mojang/realmsclient/client/FileUpload;
[09:33:47] [main/DEBUG]: Skipping Lcom/mojang/realmsclient/client/FileUpload$CustomInputStreamEntity;
[09:33:47] [main/DEBUG]: Skipping Lcom/mojang/realmsclient/client/FileDownload;
[09:33:47] [main/DEBUG]: Skipping Lcom/mojang/realmsclient/client/FileDownload$ResourcePackProgressListener;
[09:33:47] [main/DEBUG]: Skipping Lcom/mojang/realmsclient/client/FileDownload$ProgressListener;
[09:33:47] [main/DEBUG]: Skipping Lcom/mojang/realmsclient/client/FileDownload$DownloadCountingOutputStream;
[09:33:47] [main/DEBUG]: Skipping Lcom/mojang/realmsclient/Unit;
[09:33:47] [main/DEBUG]: Skipping Lcom/mojang/realmsclient/RealmsMainScreen;
[09:33:47] [main/DEBUG]: Skipping Lcom/mojang/realmsclient/RealmsMainScreen$ServerEntry;
[09:33:47] [main/DEBUG]: Skipping Lcom/mojang/realmsclient/RealmsMainScreen$RealmsCall;
[09:33:47] [main/DEBUG]: Skipping Lcom/mojang/realmsclient/RealmsMainScreen$RealmSelectionList;
[09:33:47] [main/DEBUG]: Skipping Lcom/mojang/realmsclient/RealmsMainScreen$ParentEntry;
[09:33:47] [main/DEBUG]: Skipping Lcom/mojang/realmsclient/RealmsMainScreen$NotificationMessageEntry;
[09:33:47] [main/DEBUG]: Skipping Lcom/mojang/realmsclient/RealmsMainScreen$NotificationButton;
[09:33:47] [main/DEBUG]: Skipping Lcom/mojang/realmsclient/RealmsMainScreen$LayoutState;
[09:33:47] [main/DEBUG]: Skipping Lcom/mojang/realmsclient/RealmsMainScreen$Entry;
[09:33:47] [main/DEBUG]: Skipping Lcom/mojang/realmsclient/RealmsMainScreen$EmptyEntry;
[09:33:47] [main/DEBUG]: Skipping Lcom/mojang/realmsclient/RealmsMainScreen$CrossButton;
[09:33:47] [main/DEBUG]: Skipping Lcom/mojang/realmsclient/RealmsMainScreen$ButtonEntry;
[09:33:47] [main/DEBUG]: Skipping Lcom/mojang/realmsclient/RealmsMainScreen$AvailableSnapshotEntry;
[09:33:47] [main/DEBUG]: Skipping Lcom/mojang/realmsclient/RealmsMainScreen$2;
[09:33:47] [main/DEBUG]: Skipping Lcom/mojang/realmsclient/RealmsMainScreen$1;
[09:33:47] [main/DEBUG]: Skipping Lcom/mojang/realmsclient/RealmsAvailability;
[09:33:47] [main/DEBUG]: Skipping Lcom/mojang/realmsclient/RealmsAvailability$Type;
[09:33:47] [main/DEBUG]: Skipping Lcom/mojang/realmsclient/RealmsAvailability$Result;
[09:33:47] [main/DEBUG]: Skipping Lcom/mojang/math/package-info;
[09:33:47] [main/DEBUG]: Skipping Lcom/mojang/math/SymmetricGroup3;
[09:33:47] [main/DEBUG]: Skipping Lcom/mojang/math/OctahedralGroup;
[09:33:47] [main/DEBUG]: Skipping Lcom/mojang/math/OctahedralGroup$1;
[09:33:47] [main/DEBUG]: Skipping Lcom/mojang/math/MethodsReturnNonnullByDefault;
[09:33:47] [main/DEBUG]: Skipping Lcom/mojang/math/MatrixUtil;
[09:33:47] [main/DEBUG]: Skipping Lcom/mojang/math/GivensParameters;
[09:33:47] [main/DEBUG]: Skipping Lcom/mojang/math/FieldsAreNonnullByDefault;
[09:33:47] [main/DEBUG]: Skipping Lcom/mojang/math/Divisor;
[09:33:47] [main/DEBUG]: Skipping Lcom/mojang/math/Constants;
[09:33:47] [main/DEBUG]: Skipping Lcom/mojang/math/Axis;
[09:33:47] [main/DEBUG]: Skipping Lcom/mojang/math/Transformation;
[09:33:47] [main/DEBUG]: Skipping Lcom/mojang/blaze3d/vertex/package-info;
[09:33:47] [main/DEBUG]: Skipping Lcom/mojang/blaze3d/vertex/VertexSorting;
[09:33:47] [main/DEBUG]: Skipping Lcom/mojang/blaze3d/vertex/VertexSorting$DistanceFunction;
[09:33:47] [main/DEBUG]: Skipping Lcom/mojang/blaze3d/vertex/VertexMultiConsumer;
[09:33:47] [main/DEBUG]: Skipping Lcom/mojang/blaze3d/vertex/VertexMultiConsumer$Multiple;
[09:33:47] [main/DEBUG]: Skipping Lcom/mojang/blaze3d/vertex/VertexMultiConsumer$Double;
[09:33:47] [main/DEBUG]: Skipping Lcom/mojang/blaze3d/vertex/VertexFormatElement;
[09:33:47] [main/DEBUG]: Skipping Lcom/mojang/blaze3d/vertex/VertexFormatElement$Usage;
[09:33:47] [main/DEBUG]: Skipping Lcom/mojang/blaze3d/vertex/VertexFormatElement$Usage$SetupState;
[09:33:47] [main/DEBUG]: Skipping Lcom/mojang/blaze3d/vertex/VertexFormatElement$Type;
[09:33:47] [main/DEBUG]: Skipping Lcom/mojang/blaze3d/vertex/VertexBuffer;
[09:33:47] [main/DEBUG]: Skipping Lcom/mojang/blaze3d/vertex/VertexBuffer$Usage;
[09:33:47] [main/DEBUG]: Skipping Lcom/mojang/blaze3d/vertex/Tesselator;
[09:33:47] [main/DEBUG]: Skipping Lcom/mojang/blaze3d/vertex/MeshData;
[09:33:47] [main/DEBUG]: Skipping Lcom/mojang/blaze3d/vertex/MeshData$SortState;
[09:33:47] [main/DEBUG]: Skipping Lcom/mojang/blaze3d/vertex/MeshData$DrawState;
[09:33:47] [main/DEBUG]: Skipping Lcom/mojang/blaze3d/vertex/MeshData$1;
[09:33:47] [main/DEBUG]: Skipping Lcom/mojang/blaze3d/vertex/DefaultVertexFormat;
[09:33:47] [main/DEBUG]: Skipping Lcom/mojang/blaze3d/vertex/ByteBufferBuilder;
[09:33:47] [main/DEBUG]: Skipping Lcom/mojang/blaze3d/vertex/ByteBufferBuilder$Result;
[09:33:47] [main/DEBUG]: Skipping Lcom/mojang/blaze3d/vertex/BufferUploader;
[09:33:47] [main/DEBUG]: Skipping Lcom/mojang/blaze3d/vertex/BufferBuilder;
[09:33:47] [main/DEBUG]: Skipping Lcom/mojang/blaze3d/vertex/VertexFormat;
[09:33:47] [main/DEBUG]: Skipping Lcom/mojang/blaze3d/vertex/VertexFormat$Mode;
[09:33:47] [main/DEBUG]: Skipping Lcom/mojang/blaze3d/vertex/VertexFormat$IndexType;
[09:33:47] [main/DEBUG]: Skipping Lcom/mojang/blaze3d/vertex/VertexFormat$Builder;
[09:33:47] [main/DEBUG]: Skipping Lcom/mojang/blaze3d/vertex/VertexConsumer;
[09:33:47] [main/DEBUG]: Skipping Lcom/mojang/blaze3d/vertex/SheetedDecalTextureGenerator;
[09:33:47] [main/DEBUG]: Skipping Lcom/mojang/blaze3d/vertex/PoseStack;
[09:33:47] [main/DEBUG]: Skipping Lcom/mojang/blaze3d/vertex/PoseStack$Pose;
[09:33:47] [main/DEBUG]: Skipping Lcom/mojang/blaze3d/systems/package-info;
[09:33:47] [main/DEBUG]: Skipping Lcom/mojang/blaze3d/systems/TimerQuery;
[09:33:47] [main/DEBUG]: Skipping Lcom/mojang/blaze3d/systems/TimerQuery$TimerQueryLazyLoader;
[09:33:47] [main/DEBUG]: Skipping Lcom/mojang/blaze3d/systems/TimerQuery$FrameProfile;
[09:33:47] [main/DEBUG]: Skipping Lcom/mojang/blaze3d/systems/RenderSystem;
[09:33:47] [main/DEBUG]: Skipping Lcom/mojang/blaze3d/systems/RenderSystem$AutoStorageIndexBuffer;
[09:33:47] [main/DEBUG]: Skipping Lcom/mojang/blaze3d/systems/RenderSystem$AutoStorageIndexBuffer$IndexGenerator;
[09:33:47] [main/DEBUG]: Skipping Lcom/mojang/blaze3d/systems/RenderSystem$1;
[09:33:47] [main/DEBUG]: Skipping Lcom/mojang/blaze3d/shaders/package-info;
[09:33:47] [main/DEBUG]: Skipping Lcom/mojang/blaze3d/shaders/Uniform;
[09:33:47] [main/DEBUG]: Skipping Lcom/mojang/blaze3d/shaders/Shader;
[09:33:47] [main/DEBUG]: Skipping Lcom/mojang/blaze3d/shaders/ProgramManager;
[09:33:47] [main/DEBUG]: Skipping Lcom/mojang/blaze3d/shaders/Program;
[09:33:47] [main/DEBUG]: Skipping Lcom/mojang/blaze3d/shaders/Program$Type;
[09:33:47] [main/DEBUG]: Skipping Lcom/mojang/blaze3d/shaders/FogShape;
[09:33:47] [main/DEBUG]: Skipping Lcom/mojang/blaze3d/shaders/EffectProgram;
[09:33:47] [main/DEBUG]: Skipping Lcom/mojang/blaze3d/shaders/EffectProgram$1;
[09:33:47] [main/DEBUG]: Skipping Lcom/mojang/blaze3d/shaders/Effect;
[09:33:47] [main/DEBUG]: Skipping Lcom/mojang/blaze3d/shaders/BlendMode;
[09:33:47] [main/DEBUG]: Skipping Lcom/mojang/blaze3d/shaders/AbstractUniform;
[09:33:47] [main/DEBUG]: Skipping Lcom/mojang/blaze3d/preprocessor/package-info;
[09:33:47] [main/DEBUG]: Skipping Lcom/mojang/blaze3d/preprocessor/GlslPreprocessor;
[09:33:47] [main/DEBUG]: Skipping Lcom/mojang/blaze3d/preprocessor/GlslPreprocessor$Context;
[09:33:47] [main/DEBUG]: Skipping Lcom/mojang/blaze3d/platform/package-info;
[09:33:47] [main/DEBUG]: Skipping Lcom/mojang/blaze3d/platform/WindowEventHandler;
[09:33:47] [main/DEBUG]: Skipping Lcom/mojang/blaze3d/platform/VideoMode;
[09:33:47] [main/DEBUG]: Skipping Lcom/mojang/blaze3d/platform/TextureUtil;
[09:33:47] [main/DEBUG]: Skipping Lcom/mojang/blaze3d/platform/ScreenManager;
[09:33:47] [main/DEBUG]: Skipping Lcom/mojang/blaze3d/platform/NativeImage;
[09:33:47] [main/DEBUG]: Skipping Lcom/mojang/blaze3d/platform/NativeImage$WriteCallback;
[09:33:47] [main/DEBUG]: Skipping Lcom/mojang/blaze3d/platform/NativeImage$InternalGlFormat;
[09:33:47] [main/DEBUG]: Skipping Lcom/mojang/blaze3d/platform/NativeImage$Format;
[09:33:47] [main/DEBUG]: Skipping Lcom/mojang/blaze3d/platform/MonitorCreator;
[09:33:47] [main/DEBUG]: Skipping Lcom/mojang/blaze3d/platform/Monitor;
[09:33:47] [main/DEBUG]: Skipping Lcom/mojang/blaze3d/platform/MacosUtil;
[09:33:47] [main/DEBUG]: Skipping Lcom/mojang/blaze3d/platform/Lighting;
[09:33:47] [main/DEBUG]: Skipping Lcom/mojang/blaze3d/platform/InputConstants;
[09:33:47] [main/DEBUG]: Skipping Lcom/mojang/blaze3d/platform/InputConstants$Type;
[09:33:47] [main/DEBUG]: Skipping Lcom/mojang/blaze3d/platform/InputConstants$Key;
[09:33:47] [main/DEBUG]: Skipping Lcom/mojang/blaze3d/platform/IconSet;
[09:33:47] [main/DEBUG]: Skipping Lcom/mojang/blaze3d/platform/GlUtil;
[09:33:47] [main/DEBUG]: Skipping Lcom/mojang/blaze3d/platform/GlDebug;
[09:33:47] [main/DEBUG]: Skipping Lcom/mojang/blaze3d/platform/GlDebug$LogEntry;
[09:33:47] [main/DEBUG]: Skipping Lcom/mojang/blaze3d/platform/GlConst;
[09:33:47] [main/DEBUG]: Skipping Lcom/mojang/blaze3d/platform/GLX;
[09:33:47] [main/DEBUG]: Skipping Lcom/mojang/blaze3d/platform/DisplayData;
[09:33:47] [main/DEBUG]: Skipping Lcom/mojang/blaze3d/platform/DebugMemoryUntracker;
[09:33:47] [main/DEBUG]: Skipping Lcom/mojang/blaze3d/platform/ClipboardManager;
[09:33:47] [main/DEBUG]: Skipping Lcom/mojang/blaze3d/platform/Window;
[09:33:47] [main/DEBUG]: Skipping Lcom/mojang/blaze3d/platform/Window$WindowInitFailed;
[09:33:47] [main/DEBUG]: Skipping Lcom/mojang/blaze3d/platform/GlStateManager;
[09:33:47] [main/DEBUG]: Skipping Lcom/mojang/blaze3d/platform/GlStateManager$Viewport;
[09:33:47] [main/DEBUG]: Skipping Lcom/mojang/blaze3d/platform/GlStateManager$TextureState;
[09:33:47] [main/DEBUG]: Skipping Lcom/mojang/blaze3d/platform/GlStateManager$StencilState;
[09:33:47] [main/DEBUG]: Skipping Lcom/mojang/blaze3d/platform/GlStateManager$StencilFunc;
[09:33:47] [main/DEBUG]: Skipping Lcom/mojang/blaze3d/platform/GlStateManager$SourceFactor;
[09:33:47] [main/DEBUG]: Skipping Lcom/mojang/blaze3d/platform/GlStateManager$ScissorState;
[09:33:47] [main/DEBUG]: Skipping Lcom/mojang/blaze3d/platform/GlStateManager$PolygonOffsetState;
[09:33:47] [main/DEBUG]: Skipping Lcom/mojang/blaze3d/platform/GlStateManager$LogicOp;
[09:33:47] [main/DEBUG]: Skipping Lcom/mojang/blaze3d/platform/GlStateManager$DestFactor;
[09:33:47] [main/DEBUG]: Skipping Lcom/mojang/blaze3d/platform/GlStateManager$DepthState;
[09:33:47] [main/DEBUG]: Skipping Lcom/mojang/blaze3d/platform/GlStateManager$CullState;
[09:33:47] [main/DEBUG]: Skipping Lcom/mojang/blaze3d/platform/GlStateManager$ColorMask;
[09:33:47] [main/DEBUG]: Skipping Lcom/mojang/blaze3d/platform/GlStateManager$ColorLogicState;
[09:33:47] [main/DEBUG]: Skipping Lcom/mojang/blaze3d/platform/GlStateManager$BooleanState;
[09:33:47] [main/DEBUG]: Skipping Lcom/mojang/blaze3d/platform/GlStateManager$BlendState;
[09:33:47] [main/DEBUG]: Skipping Lcom/mojang/blaze3d/pipeline/package-info;
[09:33:47] [main/DEBUG]: Skipping Lcom/mojang/blaze3d/pipeline/TextureTarget;
[09:33:47] [main/DEBUG]: Skipping Lcom/mojang/blaze3d/pipeline/RenderPipeline;
[09:33:47] [main/DEBUG]: Skipping Lcom/mojang/blaze3d/pipeline/RenderCall;
[09:33:47] [main/DEBUG]: Skipping Lcom/mojang/blaze3d/pipeline/MainTarget;
[09:33:47] [main/DEBUG]: Skipping Lcom/mojang/blaze3d/pipeline/MainTarget$Dimension;
[09:33:47] [main/DEBUG]: Skipping Lcom/mojang/blaze3d/pipeline/MainTarget$AttachmentState;
[09:33:47] [main/DEBUG]: Skipping Lcom/mojang/blaze3d/pipeline/RenderTarget;
[09:33:47] [main/DEBUG]: Skipping Lcom/mojang/blaze3d/package-info;
[09:33:47] [main/DEBUG]: Skipping Lcom/mojang/blaze3d/font/package-info;
[09:33:47] [main/DEBUG]: Skipping Lcom/mojang/blaze3d/font/TrueTypeGlyphProvider;
[09:33:47] [main/DEBUG]: Skipping Lcom/mojang/blaze3d/font/TrueTypeGlyphProvider$Glyph;
[09:33:47] [main/DEBUG]: Skipping Lcom/mojang/blaze3d/font/TrueTypeGlyphProvider$Glyph$1;
[09:33:47] [main/DEBUG]: Skipping Lcom/mojang/blaze3d/font/SpaceProvider;
[09:33:47] [main/DEBUG]: Skipping Lcom/mojang/blaze3d/font/SpaceProvider$Definition;
[09:33:47] [main/DEBUG]: Skipping Lcom/mojang/blaze3d/font/SheetGlyphInfo;
[09:33:47] [main/DEBUG]: Skipping Lcom/mojang/blaze3d/font/GlyphProvider;
[09:33:47] [main/DEBUG]: Skipping Lcom/mojang/blaze3d/font/GlyphProvider$Conditional;
[09:33:47] [main/DEBUG]: Skipping Lcom/mojang/blaze3d/font/GlyphInfo;
[09:33:47] [main/DEBUG]: Skipping Lcom/mojang/blaze3d/font/GlyphInfo$SpaceGlyphInfo;
[09:33:47] [main/DEBUG]: Skipping Lcom/mojang/blaze3d/audio/package-info;
[09:33:47] [main/DEBUG]: Skipping Lcom/mojang/blaze3d/audio/SoundBuffer;
[09:33:47] [main/DEBUG]: Skipping Lcom/mojang/blaze3d/audio/OpenAlUtil;
[09:33:47] [main/DEBUG]: Skipping Lcom/mojang/blaze3d/audio/ListenerTransform;
[09:33:47] [main/DEBUG]: Skipping Lcom/mojang/blaze3d/audio/Listener;
[09:33:47] [main/DEBUG]: Skipping Lcom/mojang/blaze3d/audio/Library;
[09:33:47] [main/DEBUG]: Skipping Lcom/mojang/blaze3d/audio/Library$Pool;
[09:33:47] [main/DEBUG]: Skipping Lcom/mojang/blaze3d/audio/Library$CountingChannelPool;
[09:33:47] [main/DEBUG]: Skipping Lcom/mojang/blaze3d/audio/Library$ChannelPool;
[09:33:47] [main/DEBUG]: Skipping Lcom/mojang/blaze3d/audio/Library$1;
[09:33:47] [main/DEBUG]: Skipping Lcom/mojang/blaze3d/audio/Channel;
[09:33:47] [main/DEBUG]: Skipping Lcom/mojang/blaze3d/MethodsReturnNonnullByDefault;
[09:33:47] [main/DEBUG]: Skipping Lcom/mojang/blaze3d/FieldsAreNonnullByDefault;
[09:33:47] [main/DEBUG]: Skipping Lcom/mojang/blaze3d/DontObfuscate;
[09:33:47] [main/DEBUG]: Skipping Lcom/mojang/blaze3d/Blaze3D;
[09:33:47] [main/INFO]: JAR transformation complete /home/tamier/.gradle/caches/forge_gradle/minecraft_user_repo/net/minecraftforge/forge/1.21.1-52.0.0_mapped_official_1.21.1/forge-1.21.1-52.0.0_mapped_official_1.21.1.jar
